row_id,family,responsibility,row_kind,parent_row_id,applicability,completeness_status,owner_status,hierarchy_policy,presence_key_path,presence_key_value,presence_key_status,confirmation_policy,guardrail_policy,reason_code,evidence_anchor
SWP-COLETAS-ROOT,COLETAS,coletas_root,ROOT,,BLOCKED,BLOCKED_NO_COMPLETENESS_PROOF,NOMINAL_OWNER_PENDING,ROOT_ONLY,/id,SCOPED_TYPED_SOURCE_KEY,ROOT_SOURCE_KEY_ACCEPTED_COMPLETENESS_PENDING,V2_012B_ACCEPTED+NOMINAL_SNAPSHOT_COMPLETENESS_PROOF+SOURCE_COMPLETENESS_PROVEN_COMPLETE+OWNER_NOMINAL+TWO_COMPLETE_TRAVERSALS+TWO_INDEPENDENT_ABSENCES,PREVIEW_ONLY+NO_APPLY+NO_DELETE+NO_DEACTIVATE+NO_PRUNE+NO_PERSIST+NO_ENTITY_ENABLEMENT+BLOCK_TIMEOUT+BLOCK_MISSING_PAGE+BLOCK_CAP+BLOCK_ANOMALOUS_EMPTY+BLOCK_INVALIDS+BLOCK_QUARANTINE+BLOCK_STRONG_VOLUME_DROP+BLOCK_HISTORY_GAP,ENTITY_SWEEP_GATE_OPEN,V2-010;Q-*-04
SWP-COLETAS-FRETE-CAND,COLETAS,coleta_frete_relation_candidate,UNRESOLVED_CANDIDATE,SWP-COLETAS-ROOT,NOT_APPLICABLE,BLOCKED_NO_COMPLETENESS_PROOF,NOT_APPLICABLE,RELATION_DEFERRED,NONE_UNRESOLVED_OR_PARENT_OWNED,NO_ACCEPTED_PRESENCE_KEY,UNRESOLVED_CANDIDATE_NO_PRESENCE_KEY,NOT_APPLICABLE_OR_IDENTITY_CARDINALITY_PENDING,PREVIEW_ONLY+NO_APPLY+NO_DELETE+NO_DEACTIVATE+NO_PRUNE+NO_PERSIST+NO_ENTITY_ENABLEMENT+BLOCK_TIMEOUT+BLOCK_MISSING_PAGE+BLOCK_CAP+BLOCK_ANOMALOUS_EMPTY+BLOCK_INVALIDS+BLOCK_QUARANTINE+BLOCK_STRONG_VOLUME_DROP+BLOCK_HISTORY_GAP,CROSSWALK_OWNER_V2_046B,COL-07;V2-046b
SWP-FRETES-ROOT,FRETES,fretes_root,ROOT,,DISABLED,BLOCKED_NO_COMPLETENESS_PROOF,NOMINAL_OWNER_PENDING,ROOT_ONLY,/id,SCOPED_TYPED_SOURCE_KEY,ROOT_SOURCE_KEY_ACCEPTED_COMPLETENESS_PENDING,V2_012B_ACCEPTED+NOMINAL_SNAPSHOT_COMPLETENESS_PROOF+SOURCE_COMPLETENESS_PROVEN_COMPLETE+OWNER_NOMINAL+TWO_COMPLETE_TRAVERSALS+TWO_INDEPENDENT_ABSENCES,PREVIEW_ONLY+NO_APPLY+NO_DELETE+NO_DEACTIVATE+NO_PRUNE+NO_PERSIST+NO_ENTITY_ENABLEMENT+BLOCK_TIMEOUT+BLOCK_MISSING_PAGE+BLOCK_CAP+BLOCK_ANOMALOUS_EMPTY+BLOCK_INVALIDS+BLOCK_QUARANTINE+BLOCK_STRONG_VOLUME_DROP+BLOCK_HISTORY_GAP,ENTITY_SWEEP_DISABLED_PENDING_ACCEPTED_COMPLETENESS_AND_OWNER,V2-011;Q-*-04
SWP-FRETES-PERFORMANCE,FRETES,frete_performance,ONE_TO_ONE_COMPONENT,SWP-FRETES-ROOT,NOT_APPLICABLE,BLOCKED_NO_COMPLETENESS_PROOF,INHERITS_PARENT_OWNER,PARENT_OWNED_ATOMIC,NONE_UNRESOLVED_OR_PARENT_OWNED,PARENT_CANONICAL_ID_ONLY,PARENT_OWNED_NOT_INDEPENDENT,NOT_APPLICABLE_OR_IDENTITY_CARDINALITY_PENDING,PREVIEW_ONLY+NO_APPLY+NO_DELETE+NO_DEACTIVATE+NO_PRUNE+NO_PERSIST+NO_ENTITY_ENABLEMENT+BLOCK_TIMEOUT+BLOCK_MISSING_PAGE+BLOCK_CAP+BLOCK_ANOMALOUS_EMPTY+BLOCK_INVALIDS+BLOCK_QUARANTINE+BLOCK_STRONG_VOLUME_DROP+BLOCK_HISTORY_GAP,NO_INDEPENDENT_ACTIVE_LIFECYCLE,V013;FRE-03
SWP-FRETES-GRAPHQL,FRETES,fretes_graphql_sidecar,OBSERVATION_CHANNEL,,NOT_APPLICABLE,BLOCKED_NO_COMPLETENESS_PROOF,NOT_APPLICABLE,NOT_A_CHILD,NONE_UNRESOLVED_OR_PARENT_OWNED,NO_ACCEPTED_PRESENCE_KEY,OBSERVATION_ONLY_NO_PRESENCE_AUTHORITY,NOT_APPLICABLE_OR_IDENTITY_CARDINALITY_PENDING,PREVIEW_ONLY+NO_APPLY+NO_DELETE+NO_DEACTIVATE+NO_PRUNE+NO_PERSIST+NO_ENTITY_ENABLEMENT+BLOCK_TIMEOUT+BLOCK_MISSING_PAGE+BLOCK_CAP+BLOCK_ANOMALOUS_EMPTY+BLOCK_INVALIDS+BLOCK_QUARANTINE+BLOCK_STRONG_VOLUME_DROP+BLOCK_HISTORY_GAP,SIDECAR_NOT_ROOT_OR_CHILD,Q-FND-02;FRE-04
SWP-FRETES-COLETA-CAND,FRETES,frete_coleta_relation_candidate,UNRESOLVED_CANDIDATE,SWP-FRETES-ROOT,NOT_APPLICABLE,BLOCKED_NO_COMPLETENESS_PROOF,NOT_APPLICABLE,RELATION_DEFERRED,NONE_UNRESOLVED_OR_PARENT_OWNED,NO_ACCEPTED_PRESENCE_KEY,UNRESOLVED_CANDIDATE_NO_PRESENCE_KEY,NOT_APPLICABLE_OR_IDENTITY_CARDINALITY_PENDING,PREVIEW_ONLY+NO_APPLY+NO_DELETE+NO_DEACTIVATE+NO_PRUNE+NO_PERSIST+NO_ENTITY_ENABLEMENT+BLOCK_TIMEOUT+BLOCK_MISSING_PAGE+BLOCK_CAP+BLOCK_ANOMALOUS_EMPTY+BLOCK_INVALIDS+BLOCK_QUARANTINE+BLOCK_STRONG_VOLUME_DROP+BLOCK_HISTORY_GAP,CROSSWALK_OWNER_V2_046B,V013;FRE-04;V2-046b
SWP-MANIFESTOS-ROOT,MANIFESTOS,manifestos_root,ROOT,,BLOCKED,BLOCKED_NO_COMPLETENESS_PROOF,NOMINAL_OWNER_PENDING,ROOT_WITH_CHILDREN,/sequence_code,SCOPED_TYPED_SOURCE_KEY,ROOT_SOURCE_KEY_ACCEPTED_COMPLETENESS_PENDING,V2_012B_ACCEPTED+NOMINAL_SNAPSHOT_COMPLETENESS_PROOF+SOURCE_COMPLETENESS_PROVEN_COMPLETE+OWNER_NOMINAL+TWO_COMPLETE_TRAVERSALS+TWO_INDEPENDENT_ABSENCES,PREVIEW_ONLY+NO_APPLY+NO_DELETE+NO_DEACTIVATE+NO_PRUNE+NO_PERSIST+NO_ENTITY_ENABLEMENT+BLOCK_TIMEOUT+BLOCK_MISSING_PAGE+BLOCK_CAP+BLOCK_ANOMALOUS_EMPTY+BLOCK_INVALIDS+BLOCK_QUARANTINE+BLOCK_STRONG_VOLUME_DROP+BLOCK_HISTORY_GAP,ENTITY_SWEEP_GATE_OPEN,V2-026;Q-*-04
SWP-MANIFESTOS-PICK,MANIFESTOS,manifesto_pick,CHILD,SWP-MANIFESTOS-ROOT,BLOCKED,BLOCKED_NO_COMPLETENESS_PROOF,INHERITS_PARENT_OWNER,PARENT_BINDING_AND_ATOMIC_PROPAGATION_PENDING_ENTITY_PLANNER,/mft_pfs_pck_sequence_code,SCOPED_TYPED_CHILD_KEY_OWNED_BY_PARENT,CHILD_IDENTITY_OWNED_BY_PARENT,V2_012B_ACCEPTED+NOMINAL_SNAPSHOT_COMPLETENESS_PROOF+SOURCE_COMPLETENESS_PROVEN_COMPLETE+OWNER_NOMINAL+TWO_COMPLETE_TRAVERSALS+TWO_INDEPENDENT_ABSENCES+PARENT_ROOT_ASSESSMENT_BOUND,PREVIEW_ONLY+NO_APPLY+NO_DELETE+NO_DEACTIVATE+NO_PRUNE+NO_PERSIST+NO_ENTITY_ENABLEMENT+BLOCK_TIMEOUT+BLOCK_MISSING_PAGE+BLOCK_CAP+BLOCK_ANOMALOUS_EMPTY+BLOCK_INVALIDS+BLOCK_QUARANTINE+BLOCK_STRONG_VOLUME_DROP+BLOCK_HISTORY_GAP,CHILD_COMPLETENESS_NOT_PROVEN,V012;MAN-01;MAN-02
SWP-MANIFESTOS-MDFE,MANIFESTOS,manifesto_mdfe,CHILD,SWP-MANIFESTOS-ROOT,BLOCKED,BLOCKED_NO_COMPLETENESS_PROOF,INHERITS_PARENT_OWNER,PARENT_BINDING_AND_ATOMIC_PROPAGATION_PENDING_ENTITY_PLANNER,/mft_mfs_key,SCOPED_TYPED_CHILD_KEY_OWNED_BY_PARENT,CHILD_IDENTITY_OWNED_BY_PARENT,V2_012B_ACCEPTED+NOMINAL_SNAPSHOT_COMPLETENESS_PROOF+SOURCE_COMPLETENESS_PROVEN_COMPLETE+OWNER_NOMINAL+TWO_COMPLETE_TRAVERSALS+TWO_INDEPENDENT_ABSENCES+PARENT_ROOT_ASSESSMENT_BOUND,PREVIEW_ONLY+NO_APPLY+NO_DELETE+NO_DEACTIVATE+NO_PRUNE+NO_PERSIST+NO_ENTITY_ENABLEMENT+BLOCK_TIMEOUT+BLOCK_MISSING_PAGE+BLOCK_CAP+BLOCK_ANOMALOUS_EMPTY+BLOCK_INVALIDS+BLOCK_QUARANTINE+BLOCK_STRONG_VOLUME_DROP+BLOCK_HISTORY_GAP,CHILD_COMPLETENESS_NOT_PROVEN,V012;MAN-01;MAN-02
SWP-MANIFESTOS-COLETA-CAND,MANIFESTOS,manifesto_coleta_relation_candidate,UNRESOLVED_CANDIDATE,SWP-MANIFESTOS-ROOT,NOT_APPLICABLE,BLOCKED_NO_COMPLETENESS_PROOF,NOT_APPLICABLE,RELATION_DEFERRED,NONE_UNRESOLVED_OR_PARENT_OWNED,NO_ACCEPTED_PRESENCE_KEY,UNRESOLVED_CANDIDATE_NO_PRESENCE_KEY,NOT_APPLICABLE_OR_IDENTITY_CARDINALITY_PENDING,PREVIEW_ONLY+NO_APPLY+NO_DELETE+NO_DEACTIVATE+NO_PRUNE+NO_PERSIST+NO_ENTITY_ENABLEMENT+BLOCK_TIMEOUT+BLOCK_MISSING_PAGE+BLOCK_CAP+BLOCK_ANOMALOUS_EMPTY+BLOCK_INVALIDS+BLOCK_QUARANTINE+BLOCK_STRONG_VOLUME_DROP+BLOCK_HISTORY_GAP,CROSSWALK_OWNER_V2_046A,MAN-03;V2-046a
SWP-COTACOES-ROOT,COTACOES,cotacoes_root,ROOT,,BLOCKED,BLOCKED_NO_COMPLETENESS_PROOF,NOMINAL_OWNER_PENDING,ROOT_ONLY,/sequence_code,SCOPED_TYPED_SOURCE_KEY,ROOT_SOURCE_KEY_ACCEPTED_COMPLETENESS_PENDING,V2_012B_ACCEPTED+NOMINAL_SNAPSHOT_COMPLETENESS_PROOF+SOURCE_COMPLETENESS_PROVEN_COMPLETE+OWNER_NOMINAL+TWO_COMPLETE_TRAVERSALS+TWO_INDEPENDENT_ABSENCES,PREVIEW_ONLY+NO_APPLY+NO_DELETE+NO_DEACTIVATE+NO_PRUNE+NO_PERSIST+NO_ENTITY_ENABLEMENT+BLOCK_TIMEOUT+BLOCK_MISSING_PAGE+BLOCK_CAP+BLOCK_ANOMALOUS_EMPTY+BLOCK_INVALIDS+BLOCK_QUARANTINE+BLOCK_STRONG_VOLUME_DROP+BLOCK_HISTORY_GAP,ENTITY_SWEEP_GATE_OPEN,V2-027;Q-*-04
SWP-COTACOES-TARIFA-REF,COTACOES,tarifa_rota_uf_reference,REFERENCE,,NOT_APPLICABLE,BLOCKED_NO_COMPLETENESS_PROOF,REFERENCE_OWNER_SEPARATE,NOT_ENTITY_HIERARCHY,NONE_UNRESOLVED_OR_PARENT_OWNED,NO_ACCEPTED_PRESENCE_KEY,REFERENCE_RELEASE_NOT_PRESENCE,NOT_APPLICABLE_OR_IDENTITY_CARDINALITY_PENDING,PREVIEW_ONLY+NO_APPLY+NO_DELETE+NO_DEACTIVATE+NO_PRUNE+NO_PERSIST+NO_ENTITY_ENABLEMENT+BLOCK_TIMEOUT+BLOCK_MISSING_PAGE+BLOCK_CAP+BLOCK_ANOMALOUS_EMPTY+BLOCK_INVALIDS+BLOCK_QUARANTINE+BLOCK_STRONG_VOLUME_DROP+BLOCK_HISTORY_GAP,REFERENCE_NOT_SWEEP_RESPONSIBILITY,COT-02;V2-035a
SWP-LOCALIZACAO-ROOT,LOCALIZACAO_CARGAS,localizacao_cargas_root,ROOT,,DISABLED,BLOCKED_NO_COMPLETENESS_PROOF,NOMINAL_OWNER_PENDING,ROOT_ONLY,/corporation_sequence_number,SCOPED_TYPED_SOURCE_KEY,ROOT_SOURCE_KEY_ACCEPTED_COMPLETENESS_PENDING,V2_012B_ACCEPTED+NOMINAL_SNAPSHOT_COMPLETENESS_PROOF+SOURCE_COMPLETENESS_PROVEN_COMPLETE+OWNER_NOMINAL+TWO_COMPLETE_TRAVERSALS+TWO_INDEPENDENT_ABSENCES,PREVIEW_ONLY+NO_APPLY+NO_DELETE+NO_DEACTIVATE+NO_PRUNE+NO_PERSIST+NO_ENTITY_ENABLEMENT+BLOCK_TIMEOUT+BLOCK_MISSING_PAGE+BLOCK_CAP+BLOCK_ANOMALOUS_EMPTY+BLOCK_INVALIDS+BLOCK_QUARANTINE+BLOCK_STRONG_VOLUME_DROP+BLOCK_HISTORY_GAP,ENTITY_SWEEP_DISABLED_PENDING_ACCEPTED_COMPLETENESS_AND_OWNER,V2-028;Q-*-04
SWP-LOCALIZACAO-FRETE-CAND,LOCALIZACAO_CARGAS,localizacao_frete_relation_candidate,UNRESOLVED_CANDIDATE,SWP-LOCALIZACAO-ROOT,NOT_APPLICABLE,BLOCKED_NO_COMPLETENESS_PROOF,NOT_APPLICABLE,RELATION_DEFERRED,NONE_UNRESOLVED_OR_PARENT_OWNED,NO_ACCEPTED_PRESENCE_KEY,UNRESOLVED_CANDIDATE_NO_PRESENCE_KEY,NOT_APPLICABLE_OR_IDENTITY_CARDINALITY_PENDING,PREVIEW_ONLY+NO_APPLY+NO_DELETE+NO_DEACTIVATE+NO_PRUNE+NO_PERSIST+NO_ENTITY_ENABLEMENT+BLOCK_TIMEOUT+BLOCK_MISSING_PAGE+BLOCK_CAP+BLOCK_ANOMALOUS_EMPTY+BLOCK_INVALIDS+BLOCK_QUARANTINE+BLOCK_STRONG_VOLUME_DROP+BLOCK_HISTORY_GAP,FREIGHT_FALLBACK_DEFERRED,LOC-03;V2-046b
SWP-CAP-ROOT-CAND,CONTAS_A_PAGAR,contas_a_pagar_root_candidate,UNRESOLVED_CANDIDATE,,BLOCKED,BLOCKED_NO_COMPLETENESS_PROOF,NOMINAL_OWNER_PENDING,ROOT_UNRESOLVED,NONE_UNRESOLVED_OR_PARENT_OWNED,NO_ACCEPTED_PRESENCE_KEY,UNRESOLVED_CANDIDATE_NO_PRESENCE_KEY,V2_012B_ACCEPTED+NOMINAL_SNAPSHOT_COMPLETENESS_PROOF+SOURCE_COMPLETENESS_PROVEN_COMPLETE+OWNER_NOMINAL+TWO_COMPLETE_TRAVERSALS+TWO_INDEPENDENT_ABSENCES,PREVIEW_ONLY+NO_APPLY+NO_DELETE+NO_DEACTIVATE+NO_PRUNE+NO_PERSIST+NO_ENTITY_ENABLEMENT+BLOCK_TIMEOUT+BLOCK_MISSING_PAGE+BLOCK_CAP+BLOCK_ANOMALOUS_EMPTY+BLOCK_INVALIDS+BLOCK_QUARANTINE+BLOCK_STRONG_VOLUME_DROP+BLOCK_HISTORY_GAP,VERTICAL_AND_IDENTITY_PENDING,V2-029;CAP-01
SWP-CAP-PARCELA-CAND,CONTAS_A_PAGAR,parcela_ant_ils_candidate,UNRESOLVED_CANDIDATE,SWP-CAP-ROOT-CAND,BLOCKED,BLOCKED_NO_COMPLETENESS_PROOF,NOMINAL_OWNER_PENDING,CARDINALITY_UNRESOLVED,/ant_ils_sequence_code,NO_ACCEPTED_PRESENCE_KEY,CANDIDATE_PATH_PRESERVED_NOT_ACCEPTED_AS_PRESENCE_KEY,V2_012B_ACCEPTED+NOMINAL_SNAPSHOT_COMPLETENESS_PROOF+SOURCE_COMPLETENESS_PROVEN_COMPLETE+OWNER_NOMINAL+TWO_COMPLETE_TRAVERSALS+TWO_INDEPENDENT_ABSENCES,PREVIEW_ONLY+NO_APPLY+NO_DELETE+NO_DEACTIVATE+NO_PRUNE+NO_PERSIST+NO_ENTITY_ENABLEMENT+BLOCK_TIMEOUT+BLOCK_MISSING_PAGE+BLOCK_CAP+BLOCK_ANOMALOUS_EMPTY+BLOCK_INVALIDS+BLOCK_QUARANTINE+BLOCK_STRONG_VOLUME_DROP+BLOCK_HISTORY_GAP,PARCEL_CARDINALITY_UNVERIFIED,identidade-contas-a-pagar;CAP-01;CAP-02;CAP-04
SWP-FATURAS-ROOT-CAND,FATURAS_POR_CLIENTE,fatura_por_cliente_source_line,SOURCE_LINE,,NOT_APPLICABLE,BLOCKED_NO_COMPLETENESS_PROOF,NOMINAL_OWNER_PENDING,LOGICAL_ROOT_UNRESOLVED,/id,SCOPED_SOURCE_LINE_KEY_NOT_LOGICAL_ROOT,SOURCE_LINE_KEY_ACCEPTED_NOT_LOGICAL_ROOT,NOT_APPLICABLE_OR_IDENTITY_CARDINALITY_PENDING,PREVIEW_ONLY+NO_APPLY+NO_DELETE+NO_DEACTIVATE+NO_PRUNE+NO_PERSIST+NO_ENTITY_ENABLEMENT+BLOCK_TIMEOUT+BLOCK_MISSING_PAGE+BLOCK_CAP+BLOCK_ANOMALOUS_EMPTY+BLOCK_INVALIDS+BLOCK_QUARANTINE+BLOCK_STRONG_VOLUME_DROP+BLOCK_HISTORY_GAP,SOURCE_LINE_IS_NOT_SWEEP_ROOT,V2-030;FAT-01
SWP-FATURAS-TITULO-CAND,FATURAS_POR_CLIENTE,logical_title_identity_candidate,UNRESOLVED_CANDIDATE,SWP-FATURAS-ROOT-CAND,BLOCKED,BLOCKED_NO_COMPLETENESS_PROOF,NOMINAL_OWNER_PENDING,IDENTITY_MAPPING_UNRESOLVED,/fit_ant_document,NO_ACCEPTED_PRESENCE_KEY,CANDIDATE_PATH_PRESERVED_NOT_ACCEPTED_AS_PRESENCE_KEY,V2_012B_ACCEPTED+NOMINAL_SNAPSHOT_COMPLETENESS_PROOF+SOURCE_COMPLETENESS_PROVEN_COMPLETE+OWNER_NOMINAL+TWO_COMPLETE_TRAVERSALS+TWO_INDEPENDENT_ABSENCES,PREVIEW_ONLY+NO_APPLY+NO_DELETE+NO_DEACTIVATE+NO_PRUNE+NO_PERSIST+NO_ENTITY_ENABLEMENT+BLOCK_TIMEOUT+BLOCK_MISSING_PAGE+BLOCK_CAP+BLOCK_ANOMALOUS_EMPTY+BLOCK_INVALIDS+BLOCK_QUARANTINE+BLOCK_STRONG_VOLUME_DROP+BLOCK_HISTORY_GAP,TITLE_MAPPING_NOT_MODELED,identidade-faturas-por-cliente;FAT-01
SWP-FATURAS-NFSE-CAND,FATURAS_POR_CLIENTE,nfse_mapping_candidate,UNRESOLVED_CANDIDATE,SWP-FATURAS-ROOT-CAND,BLOCKED,BLOCKED_NO_COMPLETENESS_PROOF,NOMINAL_OWNER_PENDING,CARDINALITY_UNRESOLVED,/fit_nse_number|/nfse_number,NO_ACCEPTED_PRESENCE_KEY,CANDIDATE_PATH_PRESERVED_NOT_ACCEPTED_AS_PRESENCE_KEY,V2_012B_ACCEPTED+NOMINAL_SNAPSHOT_COMPLETENESS_PROOF+SOURCE_COMPLETENESS_PROVEN_COMPLETE+OWNER_NOMINAL+TWO_COMPLETE_TRAVERSALS+TWO_INDEPENDENT_ABSENCES,PREVIEW_ONLY+NO_APPLY+NO_DELETE+NO_DEACTIVATE+NO_PRUNE+NO_PERSIST+NO_ENTITY_ENABLEMENT+BLOCK_TIMEOUT+BLOCK_MISSING_PAGE+BLOCK_CAP+BLOCK_ANOMALOUS_EMPTY+BLOCK_INVALIDS+BLOCK_QUARANTINE+BLOCK_STRONG_VOLUME_DROP+BLOCK_HISTORY_GAP,NFSE_MAPPING_NOT_MODELED,identidade-faturas-por-cliente;FAT-01
SWP-FATURAS-CTE-CAND,FATURAS_POR_CLIENTE,cte_mapping_candidate,UNRESOLVED_CANDIDATE,SWP-FATURAS-ROOT-CAND,BLOCKED,BLOCKED_NO_COMPLETENESS_PROOF,NOMINAL_OWNER_PENDING,CARDINALITY_UNRESOLVED,/fit_fhe_cte_number|/fit_fhe_cte_key,NO_ACCEPTED_PRESENCE_KEY,CANDIDATE_PATH_PRESERVED_NOT_ACCEPTED_AS_PRESENCE_KEY,V2_012B_ACCEPTED+NOMINAL_SNAPSHOT_COMPLETENESS_PROOF+SOURCE_COMPLETENESS_PROVEN_COMPLETE+OWNER_NOMINAL+TWO_COMPLETE_TRAVERSALS+TWO_INDEPENDENT_ABSENCES,PREVIEW_ONLY+NO_APPLY+NO_DELETE+NO_DEACTIVATE+NO_PRUNE+NO_PERSIST+NO_ENTITY_ENABLEMENT+BLOCK_TIMEOUT+BLOCK_MISSING_PAGE+BLOCK_CAP+BLOCK_ANOMALOUS_EMPTY+BLOCK_INVALIDS+BLOCK_QUARANTINE+BLOCK_STRONG_VOLUME_DROP+BLOCK_HISTORY_GAP,CTE_MAPPING_NOT_MODELED,identidade-faturas-por-cliente;FAT-01
SWP-FATURAS-BILLING-CAND,FATURAS_POR_CLIENTE,billing_id_legacy_heuristic_candidate,UNRESOLVED_CANDIDATE,SWP-FATURAS-ROOT-CAND,BLOCKED,BLOCKED_NO_COMPLETENESS_PROOF,NOMINAL_OWNER_PENDING,HEURISTIC_IDENTITY_FORBIDDEN,UNOBSERVED_LEGACY_HEURISTIC:billingId,NO_ACCEPTED_PRESENCE_KEY,UNOBSERVED_LEGACY_HEURISTIC_NOT_ACCEPTED,V2_012B_ACCEPTED+NOMINAL_SNAPSHOT_COMPLETENESS_PROOF+SOURCE_COMPLETENESS_PROVEN_COMPLETE+OWNER_NOMINAL+TWO_COMPLETE_TRAVERSALS+TWO_INDEPENDENT_ABSENCES,PREVIEW_ONLY+NO_APPLY+NO_DELETE+NO_DEACTIVATE+NO_PRUNE+NO_PERSIST+NO_ENTITY_ENABLEMENT+BLOCK_TIMEOUT+BLOCK_MISSING_PAGE+BLOCK_CAP+BLOCK_ANOMALOUS_EMPTY+BLOCK_INVALIDS+BLOCK_QUARANTINE+BLOCK_STRONG_VOLUME_DROP+BLOCK_HISTORY_GAP,BILLING_ID_HEURISTIC_NOT_A_PRESENCE_KEY,identidade-faturas-por-cliente;FAT-01
SWP-FATURAS-INVOICE-CAND,FATURAS_POR_CLIENTE,invoice_mapping_candidate,UNRESOLVED_CANDIDATE,SWP-FATURAS-ROOT-CAND,BLOCKED,BLOCKED_NO_COMPLETENESS_PROOF,NOMINAL_OWNER_PENDING,CARDINALITY_UNRESOLVED,/invoices_mapping/*,NO_ACCEPTED_PRESENCE_KEY,CANDIDATE_PATH_PRESERVED_NOT_ACCEPTED_AS_PRESENCE_KEY,V2_012B_ACCEPTED+NOMINAL_SNAPSHOT_COMPLETENESS_PROOF+SOURCE_COMPLETENESS_PROVEN_COMPLETE+OWNER_NOMINAL+TWO_COMPLETE_TRAVERSALS+TWO_INDEPENDENT_ABSENCES,PREVIEW_ONLY+NO_APPLY+NO_DELETE+NO_DEACTIVATE+NO_PRUNE+NO_PERSIST+NO_ENTITY_ENABLEMENT+BLOCK_TIMEOUT+BLOCK_MISSING_PAGE+BLOCK_CAP+BLOCK_ANOMALOUS_EMPTY+BLOCK_INVALIDS+BLOCK_QUARANTINE+BLOCK_STRONG_VOLUME_DROP+BLOCK_HISTORY_GAP,ARRAY_CHILD_NOT_MODELED,identidade-faturas-por-cliente;FAT-01
SWP-FATURAS-ORDER-CAND,FATURAS_POR_CLIENTE,order_number_mapping_candidate,UNRESOLVED_CANDIDATE,SWP-FATURAS-ROOT-CAND,BLOCKED,BLOCKED_NO_COMPLETENESS_PROOF,NOMINAL_OWNER_PENDING,CARDINALITY_UNRESOLVED,/fit_fte_invoices_order_number/*,NO_ACCEPTED_PRESENCE_KEY,CANDIDATE_PATH_PRESERVED_NOT_ACCEPTED_AS_PRESENCE_KEY,V2_012B_ACCEPTED+NOMINAL_SNAPSHOT_COMPLETENESS_PROOF+SOURCE_COMPLETENESS_PROVEN_COMPLETE+OWNER_NOMINAL+TWO_COMPLETE_TRAVERSALS+TWO_INDEPENDENT_ABSENCES,PREVIEW_ONLY+NO_APPLY+NO_DELETE+NO_DEACTIVATE+NO_PRUNE+NO_PERSIST+NO_ENTITY_ENABLEMENT+BLOCK_TIMEOUT+BLOCK_MISSING_PAGE+BLOCK_CAP+BLOCK_ANOMALOUS_EMPTY+BLOCK_INVALIDS+BLOCK_QUARANTINE+BLOCK_STRONG_VOLUME_DROP+BLOCK_HISTORY_GAP,ARRAY_CHILD_NOT_MODELED,identidade-faturas-por-cliente;FAT-01
SWP-INVENTARIO-ROOT-CAND,INVENTARIO,inventario_root_candidate,UNRESOLVED_CANDIDATE,,BLOCKED,BLOCKED_NO_COMPLETENESS_PROOF,NOMINAL_OWNER_PENDING,ROOT_UNRESOLVED,/sequence_code,NO_ACCEPTED_PRESENCE_KEY,CANDIDATE_PATH_PRESERVED_NOT_ACCEPTED_AS_PRESENCE_KEY,V2_012B_ACCEPTED+NOMINAL_SNAPSHOT_COMPLETENESS_PROOF+SOURCE_COMPLETENESS_PROVEN_COMPLETE+OWNER_NOMINAL+TWO_COMPLETE_TRAVERSALS+TWO_INDEPENDENT_ABSENCES,PREVIEW_ONLY+NO_APPLY+NO_DELETE+NO_DEACTIVATE+NO_PRUNE+NO_PERSIST+NO_ENTITY_ENABLEMENT+BLOCK_TIMEOUT+BLOCK_MISSING_PAGE+BLOCK_CAP+BLOCK_ANOMALOUS_EMPTY+BLOCK_INVALIDS+BLOCK_QUARANTINE+BLOCK_STRONG_VOLUME_DROP+BLOCK_HISTORY_GAP,VERTICAL_AND_IDENTITY_PENDING,V2-031;INV-01
SWP-INVENTARIO-FREIGHT-CAND,INVENTARIO,freight_minuta_mapping_candidate,UNRESOLVED_CANDIDATE,SWP-INVENTARIO-ROOT-CAND,BLOCKED,BLOCKED_NO_COMPLETENESS_PROOF,NOMINAL_OWNER_PENDING,CARDINALITY_UNRESOLVED,/cnr_c_s_fit_corporation_sequence_number,NO_ACCEPTED_PRESENCE_KEY,CANDIDATE_PATH_PRESERVED_NOT_ACCEPTED_AS_PRESENCE_KEY,V2_012B_ACCEPTED+NOMINAL_SNAPSHOT_COMPLETENESS_PROOF+SOURCE_COMPLETENESS_PROVEN_COMPLETE+OWNER_NOMINAL+TWO_COMPLETE_TRAVERSALS+TWO_INDEPENDENT_ABSENCES,PREVIEW_ONLY+NO_APPLY+NO_DELETE+NO_DEACTIVATE+NO_PRUNE+NO_PERSIST+NO_ENTITY_ENABLEMENT+BLOCK_TIMEOUT+BLOCK_MISSING_PAGE+BLOCK_CAP+BLOCK_ANOMALOUS_EMPTY+BLOCK_INVALIDS+BLOCK_QUARANTINE+BLOCK_STRONG_VOLUME_DROP+BLOCK_HISTORY_GAP,RELATION_NOT_MODELED,identidade-inventario;INV-03;INV-04
SWP-INVENTARIO-INVOICE-CAND,INVENTARIO,invoice_mapping_candidate,UNRESOLVED_CANDIDATE,SWP-INVENTARIO-ROOT-CAND,BLOCKED,BLOCKED_NO_COMPLETENESS_PROOF,NOMINAL_OWNER_PENDING,CARDINALITY_UNRESOLVED,/cnr_c_s_fit_invoices_mapping/*,NO_ACCEPTED_PRESENCE_KEY,CANDIDATE_PATH_PRESERVED_NOT_ACCEPTED_AS_PRESENCE_KEY,V2_012B_ACCEPTED+NOMINAL_SNAPSHOT_COMPLETENESS_PROOF+SOURCE_COMPLETENESS_PROVEN_COMPLETE+OWNER_NOMINAL+TWO_COMPLETE_TRAVERSALS+TWO_INDEPENDENT_ABSENCES,PREVIEW_ONLY+NO_APPLY+NO_DELETE+NO_DEACTIVATE+NO_PRUNE+NO_PERSIST+NO_ENTITY_ENABLEMENT+BLOCK_TIMEOUT+BLOCK_MISSING_PAGE+BLOCK_CAP+BLOCK_ANOMALOUS_EMPTY+BLOCK_INVALIDS+BLOCK_QUARANTINE+BLOCK_STRONG_VOLUME_DROP+BLOCK_HISTORY_GAP,ARRAY_CHILD_NOT_MODELED,identidade-inventario;INV-01;INV-02
SWP-SINISTROS-ROOT-CAND,SINISTROS,sinistros_root_candidate,UNRESOLVED_CANDIDATE,,BLOCKED,BLOCKED_NO_COMPLETENESS_PROOF,NOMINAL_OWNER_PENDING,ROOT_UNRESOLVED,/sequence_code,NO_ACCEPTED_PRESENCE_KEY,CANDIDATE_PATH_PRESERVED_NOT_ACCEPTED_AS_PRESENCE_KEY,V2_012B_ACCEPTED+NOMINAL_SNAPSHOT_COMPLETENESS_PROOF+SOURCE_COMPLETENESS_PROVEN_COMPLETE+OWNER_NOMINAL+TWO_COMPLETE_TRAVERSALS+TWO_INDEPENDENT_ABSENCES,PREVIEW_ONLY+NO_APPLY+NO_DELETE+NO_DEACTIVATE+NO_PRUNE+NO_PERSIST+NO_ENTITY_ENABLEMENT+BLOCK_TIMEOUT+BLOCK_MISSING_PAGE+BLOCK_CAP+BLOCK_ANOMALOUS_EMPTY+BLOCK_INVALIDS+BLOCK_QUARANTINE+BLOCK_STRONG_VOLUME_DROP+BLOCK_HISTORY_GAP,VERTICAL_AND_IDENTITY_PENDING,V2-032;SIN-01
SWP-SINISTROS-MINUTA-CAND,SINISTROS,minuta_scalar_candidate,UNRESOLVED_CANDIDATE,SWP-SINISTROS-ROOT-CAND,BLOCKED,BLOCKED_NO_COMPLETENESS_PROOF,NOMINAL_OWNER_PENDING,NOT_A_CONFIRMED_CHILD,/icm_fis_fit_corporation_sequence_number,NO_ACCEPTED_PRESENCE_KEY,CANDIDATE_PATH_PRESERVED_NOT_ACCEPTED_AS_PRESENCE_KEY,V2_012B_ACCEPTED+NOMINAL_SNAPSHOT_COMPLETENESS_PROOF+SOURCE_COMPLETENESS_PROVEN_COMPLETE+OWNER_NOMINAL+TWO_COMPLETE_TRAVERSALS+TWO_INDEPENDENT_ABSENCES,PREVIEW_ONLY+NO_APPLY+NO_DELETE+NO_DEACTIVATE+NO_PRUNE+NO_PERSIST+NO_ENTITY_ENABLEMENT+BLOCK_TIMEOUT+BLOCK_MISSING_PAGE+BLOCK_CAP+BLOCK_ANOMALOUS_EMPTY+BLOCK_INVALIDS+BLOCK_QUARANTINE+BLOCK_STRONG_VOLUME_DROP+BLOCK_HISTORY_GAP,CHILDREN_EXPLICITLY_EMPTY,identidade-sinistros;SIN-01
SWP-SINISTROS-INVOICE-CAND,SINISTROS,invoice_occurrence_scalar_candidate,UNRESOLVED_CANDIDATE,SWP-SINISTROS-ROOT-CAND,BLOCKED,BLOCKED_NO_COMPLETENESS_PROOF,NOMINAL_OWNER_PENDING,NOT_A_CONFIRMED_CHILD,/icm_fis_ioe_number,NO_ACCEPTED_PRESENCE_KEY,CANDIDATE_PATH_PRESERVED_NOT_ACCEPTED_AS_PRESENCE_KEY,V2_012B_ACCEPTED+NOMINAL_SNAPSHOT_COMPLETENESS_PROOF+SOURCE_COMPLETENESS_PROVEN_COMPLETE+OWNER_NOMINAL+TWO_COMPLETE_TRAVERSALS+TWO_INDEPENDENT_ABSENCES,PREVIEW_ONLY+NO_APPLY+NO_DELETE+NO_DEACTIVATE+NO_PRUNE+NO_PERSIST+NO_ENTITY_ENABLEMENT+BLOCK_TIMEOUT+BLOCK_MISSING_PAGE+BLOCK_CAP+BLOCK_ANOMALOUS_EMPTY+BLOCK_INVALIDS+BLOCK_QUARANTINE+BLOCK_STRONG_VOLUME_DROP+BLOCK_HISTORY_GAP,CHILDREN_EXPLICITLY_EMPTY,identidade-sinistros;SIN-01
SWP-USUARIOS-CURRENT,USUARIOS,usuarios_current_root,ROOT,,DISABLED,BLOCKED_NO_COMPLETENESS_PROOF,NOMINAL_OWNER_PENDING,CURRENT_ROOT_ONLY,/node/id,SCOPED_TYPED_SOURCE_KEY,ROOT_SOURCE_KEY_ACCEPTED_COMPLETENESS_PENDING,V2_012B_ACCEPTED+NOMINAL_SNAPSHOT_COMPLETENESS_PROOF+SOURCE_COMPLETENESS_PROVEN_COMPLETE+OWNER_NOMINAL+TWO_COMPLETE_TRAVERSALS+TWO_INDEPENDENT_ABSENCES,PREVIEW_ONLY+NO_APPLY+NO_DELETE+NO_DEACTIVATE+NO_PRUNE+NO_PERSIST+NO_ENTITY_ENABLEMENT+BLOCK_TIMEOUT+BLOCK_MISSING_PAGE+BLOCK_CAP+BLOCK_ANOMALOUS_EMPTY+BLOCK_INVALIDS+BLOCK_QUARANTINE+BLOCK_STRONG_VOLUME_DROP+BLOCK_HISTORY_GAP,ENTITY_SWEEP_DISABLED_BY_ADR0019_PENDING_ACCEPTED_COMPLETENESS_AND_OWNER,V2-033;Q-*-04;ADR-0019
SWP-USUARIOS-HISTORY,USUARIOS,usuario_history,HISTORY,SWP-USUARIOS-CURRENT,NOT_APPLICABLE,BLOCKED_NO_COMPLETENESS_PROOF,INHERITS_PARENT_OWNER,APPEND_ONLY_HISTORY,NONE_UNRESOLVED_OR_PARENT_OWNED,PARENT_CANONICAL_ID_PLUS_VERSION,PARENT_OWNED_NOT_INDEPENDENT,NOT_APPLICABLE_OR_IDENTITY_CARDINALITY_PENDING,PREVIEW_ONLY+NO_APPLY+NO_DELETE+NO_DEACTIVATE+NO_PRUNE+NO_PERSIST+NO_ENTITY_ENABLEMENT+BLOCK_TIMEOUT+BLOCK_MISSING_PAGE+BLOCK_CAP+BLOCK_ANOMALOUS_EMPTY+BLOCK_INVALIDS+BLOCK_QUARANTINE+BLOCK_STRONG_VOLUME_DROP+BLOCK_HISTORY_GAP,HISTORY_NEVER_SWEPT,V007;ADR-0019
SWP-RASTER-VIAGENS,RASTER,raster_viagens_conditional,CONDITIONAL_COMPONENT,,DISABLED,BLOCKED_NO_COMPLETENESS_PROOF,NOMINAL_OWNER_PENDING,CONDITIONAL_ROOT,LEGACY_COLUMN_CANDIDATE:cod_solicitacao,NO_ACCEPTED_PRESENCE_KEY,CONDITIONAL_KEY_CANDIDATE_NOT_SWEEP_PROOF,V2_012B_ACCEPTED+NOMINAL_SNAPSHOT_COMPLETENESS_PROOF+SOURCE_COMPLETENESS_PROVEN_COMPLETE+OWNER_NOMINAL+TWO_COMPLETE_TRAVERSALS+TWO_INDEPENDENT_ABSENCES,PREVIEW_ONLY+NO_APPLY+NO_DELETE+NO_DEACTIVATE+NO_PRUNE+NO_PERSIST+NO_ENTITY_ENABLEMENT+BLOCK_TIMEOUT+BLOCK_MISSING_PAGE+BLOCK_CAP+BLOCK_ANOMALOUS_EMPTY+BLOCK_INVALIDS+BLOCK_QUARANTINE+BLOCK_STRONG_VOLUME_DROP+BLOCK_HISTORY_GAP,RASTER_DECISION_PENDING,V2-034a;V2-034b;RAS-01;RAS-06
SWP-RASTER-PARADAS,RASTER,raster_paradas_conditional,CONDITIONAL_COMPONENT,SWP-RASTER-VIAGENS,DISABLED,BLOCKED_NO_COMPLETENESS_PROOF,NOMINAL_OWNER_PENDING,CONDITIONAL_CHILD_ATOMIC,LEGACY_COMPOSITE_CANDIDATE:cod_solicitacao+ordem,NO_ACCEPTED_PRESENCE_KEY,CONDITIONAL_KEY_CANDIDATE_NOT_SWEEP_PROOF,V2_012B_ACCEPTED+NOMINAL_SNAPSHOT_COMPLETENESS_PROOF+SOURCE_COMPLETENESS_PROVEN_COMPLETE+OWNER_NOMINAL+TWO_COMPLETE_TRAVERSALS+TWO_INDEPENDENT_ABSENCES,PREVIEW_ONLY+NO_APPLY+NO_DELETE+NO_DEACTIVATE+NO_PRUNE+NO_PERSIST+NO_ENTITY_ENABLEMENT+BLOCK_TIMEOUT+BLOCK_MISSING_PAGE+BLOCK_CAP+BLOCK_ANOMALOUS_EMPTY+BLOCK_INVALIDS+BLOCK_QUARANTINE+BLOCK_STRONG_VOLUME_DROP+BLOCK_HISTORY_GAP,RASTER_DECISION_PENDING,V2-034a;V2-034b;RAS-01;RAS-06
