"node_id","node_kind","v2_zone","v2_target","depends_on","owner_task","legacy_artifacts","cutover_unit","route_boundary","write_boundary","consumer_boundary","readiness"
"DIM_CLIENTES","DIMENSION","pub","clientes contract pending V2-037","SRC_COLETAS;SRC_FRETES;SRC_FATURAS","V2-035b/V2-037","","CUTOVER-DB-01","DATABASE_ENDPOINT_OR_ALIAS_UNPROVEN","READ_ONLY_PUB_GRANT_PENDING_V2_037","NOT_A_CONSUMER_CONTRACT","PENDING_IMPLEMENTATION_OR_EXTERNAL_GATE"
"DIM_FILIAIS","DIMENSION","pub","filiais contract pending V2-037","SRC_FRETES;SRC_MANIFESTOS;SRC_CONTAS;SRC_FATURAS;REF_GOVERNADAS","V2-035b/V2-037","","CUTOVER-DB-01","DATABASE_ENDPOINT_OR_ALIAS_UNPROVEN","READ_ONLY_PUB_GRANT_PENDING_V2_037","NOT_A_CONSUMER_CONTRACT","PENDING_IMPLEMENTATION_OR_EXTERNAL_GATE"
"DIM_MOTORISTAS","DIMENSION","pub","motoristas contract pending V2-037","SRC_MANIFESTOS","V2-035b/V2-037","","CUTOVER-DB-01","DATABASE_ENDPOINT_OR_ALIAS_UNPROVEN","READ_ONLY_PUB_GRANT_PENDING_V2_037","NOT_A_CONSUMER_CONTRACT","PENDING_IMPLEMENTATION_OR_EXTERNAL_GATE"
"DIM_PLANOCONTAS","DIMENSION","pub","plano de contas contract pending V2-037","SRC_CONTAS","V2-035b/V2-037","","CUTOVER-DB-01","DATABASE_ENDPOINT_OR_ALIAS_UNPROVEN","READ_ONLY_PUB_GRANT_PENDING_V2_037","NOT_A_CONSUMER_CONTRACT","PENDING_IMPLEMENTATION_OR_EXTERNAL_GATE"
"DIM_USUARIOS","DIMENSION","core","core.v_usuario_dimension_current_v1","SRC_USUARIOS","V2-035b","","CUTOVER-DB-01","INTERNAL_SAME_DATABASE","READ_ONLY_INTERNAL_NO_CONSUMER_GRANT","NOT_A_CONSUMER_CONTRACT","LOCAL_SHADOW_IMPLEMENTED_CONSUMER_CONTRACT_BLOCKED"
"DIM_VEICULOS","DIMENSION","pub","veiculos contract pending V2-037","SRC_MANIFESTOS","V2-035b/V2-037","","CUTOVER-DB-01","DATABASE_ENDPOINT_OR_ALIAS_UNPROVEN","READ_ONLY_PUB_GRANT_PENDING_V2_037","NOT_A_CONSUMER_CONTRACT","PENDING_IMPLEMENTATION_OR_EXTERNAL_GATE"
"MART_COLETORES","MART_FACT","mart","fato de coletores","SRC_FRETES;SRC_MANIFESTOS;SRC_INVENTARIO;REF_GOVERNADAS","V2-036/MAT-02","procedure:002_criar_sp_carga_fato_gestao_vista_coletores","CUTOVER-DB-01","INTERNAL_SAME_DATABASE","DATABASE_WIDE_FENCE_AND_ALLOWLISTED_PROCEDURES","NOT_A_CONSUMER_CONTRACT","PENDING_IMPLEMENTATION_OR_EXTERNAL_GATE"
"MART_FATURAMENTO","MART_FACT","mart","fato de faturamento","SRC_FRETES;SRC_LOCALIZACAO;SRC_FATURAS;REF_GOVERNADAS","V2-036/MAT-03","procedure:003_criar_sp_carga_fato_fretes_faturamento","CUTOVER-DB-01","INTERNAL_SAME_DATABASE","DATABASE_WIDE_FENCE_AND_ALLOWLISTED_PROCEDURES","NOT_A_CONSUMER_CONTRACT","PENDING_IMPLEMENTATION_OR_EXTERNAL_GATE"
"MART_FATURAS","MART_FACT","mart","fato de faturas","SRC_FATURAS","V2-036/MAT-04","procedure:004_criar_sp_carga_fato_gestao_vista_faturas","CUTOVER-DB-01","INTERNAL_SAME_DATABASE","DATABASE_WIDE_FENCE_AND_ALLOWLISTED_PROCEDURES","NOT_A_CONSUMER_CONTRACT","PENDING_IMPLEMENTATION_OR_EXTERNAL_GATE"
"MART_FRETES","MART_FACT","mart","fato de fretes operacionais","SRC_FRETES;SRC_LOCALIZACAO;REF_GOVERNADAS","V2-036/MAT-01","procedure:001_criar_sp_carga_fato_gestao_vista_fretes","CUTOVER-DB-01","INTERNAL_SAME_DATABASE","DATABASE_WIDE_FENCE_AND_ALLOWLISTED_PROCEDURES","NOT_A_CONSUMER_CONTRACT","PENDING_IMPLEMENTATION_OR_EXTERNAL_GATE"
"MART_MANIFESTOS","MART_FACT","mart","fato de manifestos","SRC_MANIFESTOS;SRC_COLETAS;SRC_FRETES;REL_MANIFESTO_COLETA;REL_COLETA_FRETE;REF_GOVERNADAS","V2-036/MAT-05","procedure:005_criar_sp_carga_fato_gestao_vista_manifestos","CUTOVER-DB-01","INTERNAL_SAME_DATABASE","DATABASE_WIDE_FENCE_AND_ALLOWLISTED_PROCEDURES","NOT_A_CONSUMER_CONTRACT","PENDING_IMPLEMENTATION_OR_EXTERNAL_GATE"
"PLAT_CONTROL","PLATFORM","ctl","control plane and publication ledger","PLAT_SCHEMA","V2-020","","CUTOVER-DB-01","INTERNAL_SAME_DATABASE","ALLOWLISTED_PROCEDURES_NO_DIRECT_DML","NOT_A_CONSUMER_CONTRACT","LOCAL_FOUNDATION_PRESENT"
"PLAT_GATES","PLATFORM","ctl/recon","contract and data quality gates","PLAT_STAGING","V2-023/V2-044","","CUTOVER-DB-01","INTERNAL_SAME_DATABASE","PUBLICATION_FAIL_CLOSED","NOT_A_CONSUMER_CONTRACT","LOCAL_FOUNDATION_PRESENT"
"PLAT_RUNTIME","PLATFORM","external scheduler + ctl","one-shot runtime and authorization boundary","PLAT_GATES","V2-022/V2-042/V2-043","command_default:NO_ARGUMENTS;command_flag:--ajuda;command_flag:--auditar-api;command_flag:--auditoria;command_flag:--auth-bootstrap;command_flag:--auth-check;command_flag:--auth-create-user;command_flag:--auth-disable-user;command_flag:--auth-info;command_flag:--auth-reset-password;command_flag:--executar-step-isolado;command_flag:--exportar-csv;command_flag:--expurgo-orfaos;command_flag:--extracao-intervalo;command_flag:--fechamento-mensal;command_flag:--fluxo-completo;command_flag:--help;command_flag:--introspeccao;command_flag:--limpar-tabelas;command_flag:--loop;command_flag:--loop-daemon-run;command_flag:--loop-daemon-start;command_flag:--loop-daemon-status;command_flag:--loop-daemon-stop;command_flag:--materializar-fatos-bi;command_flag:--materializar-fatos-bi-scheduler;command_flag:--recovery;command_flag:--sincronizar-usuarios;command_flag:--testar-api;command_flag:--validar;command_flag:--validar-api-banco-24h;command_flag:--validar-api-banco-24h-detalhado;command_flag:--validar-dados;command_flag:--validar-etl-extremo;command_flag:--validar-etl-resiliencia;command_flag:--validar-manifestos;command_flag:--verificar-timestamps;command_flag:--verificar-timezone;windows_alias:root:00-PRODUCAO_START.bat;windows_alias:root:limpar_logs.bat;windows_script:00-PRODUCAO_START.bat;windows_script:01-executar_extracao_completa.bat;windows_script:02-testar_api_especifica.bat;windows_script:03-validar_config.bat;windows_script:04-extracao_por_intervalo.bat;windows_script:05-loop_extracao_30min.bat;windows_script:06-relatorio-completo-validacao.bat;windows_script:07-exportar_csv.bat;windows_script:08-auditar_api.bat;windows_script:09-gerenciar_usuarios.bat;windows_script:10-expurgo-orfaos-noturno.ps1;windows_script:11-retrofit.bat;windows_script:15-fechamento-mensal.ps1;windows_script:limpar_logs.bat;windows_script:verificar_execucao_ativa.ps1","CUTOVER-DB-01","EXTERNAL_SCHEDULER_UNPROVEN","DENY_ALL_UNTIL_EXTERNAL_IDENTITY","NOT_A_CONSUMER_CONTRACT","PENDING_IMPLEMENTATION_OR_EXTERNAL_GATE"
"PLAT_SCHEMA","PLATFORM","ctl/stg/core/ref/mart/pub/recon","schema foundation","","V2-019","","CUTOVER-DB-01","INTERNAL_SAME_DATABASE","MIGRATOR_ONLY_RUNTIME_NO_DDL","NOT_A_CONSUMER_CONTRACT","LOCAL_FOUNDATION_PRESENT"
"PLAT_STAGING","PLATFORM","stg/core/recon","staging and promotion kernel","PLAT_CONTROL","V2-021","","CUTOVER-DB-01","INTERNAL_SAME_DATABASE","ALLOWLISTED_PROCEDURES_NO_DIRECT_DML","NOT_A_CONSUMER_CONTRACT","LOCAL_FOUNDATION_PRESENT"
"PUB_COLETAS","PUB_CONTRACT","pub","object name pending V2-037","SRC_COLETAS;SRC_MANIFESTOS;SRC_USUARIOS;REL_MANIFESTO_COLETA;REF_GOVERNADAS","V2-010/V2-026/V2-033/V2-035b/V2-037","view_etl:013_criar_view_coletas_powerbi","CUTOVER-DB-01","DATABASE_ENDPOINT_OR_ALIAS_UNPROVEN","READ_ONLY_PUB_GRANT_PENDING_V2_037","EXTERNAL_CONSUMER_MANIFEST_PENDING","PENDING_IMPLEMENTATION_OR_EXTERNAL_GATE"
"PUB_COLETAS_EXCLUIDAS","PUB_CONTRACT","pub","object name pending V2-037","SRC_COLETAS;PLAT_GATES","V2-010/V2-013/V2-037","view_etl:014_criar_view_coletas_excluidas_origem","CUTOVER-DB-01","DATABASE_ENDPOINT_OR_ALIAS_UNPROVEN","READ_ONLY_PUB_GRANT_PENDING_V2_037","EXTERNAL_CONSUMER_MANIFEST_PENDING","PENDING_IMPLEMENTATION_OR_EXTERNAL_GATE"
"PUB_CONTAS","PUB_CONTRACT","pub","object name pending V2-037","SRC_CONTAS;REF_GOVERNADAS","V2-029/V2-037","view_etl:016_criar_view_contas_a_pagar_powerbi","CUTOVER-DB-01","DATABASE_ENDPOINT_OR_ALIAS_UNPROVEN","READ_ONLY_PUB_GRANT_PENDING_V2_037","EXTERNAL_CONSUMER_MANIFEST_PENDING","PENDING_IMPLEMENTATION_OR_EXTERNAL_GATE"
"PUB_COTACOES","PUB_CONTRACT","pub","object name pending V2-037","SRC_COTACOES;REF_GOVERNADAS","V2-027/V2-035a/V2-037","view_etl:015_criar_view_cotacoes_powerbi","CUTOVER-DB-01","DATABASE_ENDPOINT_OR_ALIAS_UNPROVEN","READ_ONLY_PUB_GRANT_PENDING_V2_037","EXTERNAL_CONSUMER_MANIFEST_PENDING","PENDING_IMPLEMENTATION_OR_EXTERNAL_GATE"
"PUB_DIM_CLIENTES","PUB_CONTRACT","pub","object name pending V2-037","DIM_CLIENTES","V2-035b/V2-037","view_etl:020_criar_view_dim_clientes","CUTOVER-DB-01","DATABASE_ENDPOINT_OR_ALIAS_UNPROVEN","READ_ONLY_PUB_GRANT_PENDING_V2_037","EXTERNAL_CONSUMER_MANIFEST_PENDING","PENDING_IMPLEMENTATION_OR_EXTERNAL_GATE"
"PUB_DIM_FILIAIS","PUB_CONTRACT","pub","object name pending V2-037","DIM_FILIAIS","V2-035b/V2-037","view_etl:019_criar_view_dim_filiais","CUTOVER-DB-01","DATABASE_ENDPOINT_OR_ALIAS_UNPROVEN","READ_ONLY_PUB_GRANT_PENDING_V2_037","EXTERNAL_CONSUMER_MANIFEST_PENDING","PENDING_IMPLEMENTATION_OR_EXTERNAL_GATE"
"PUB_DIM_MOTORISTAS","PUB_CONTRACT","pub","object name pending V2-037","DIM_MOTORISTAS","V2-035b/V2-037","view_etl:022_criar_view_dim_motoristas","CUTOVER-DB-01","DATABASE_ENDPOINT_OR_ALIAS_UNPROVEN","READ_ONLY_PUB_GRANT_PENDING_V2_037","EXTERNAL_CONSUMER_MANIFEST_PENDING","PENDING_IMPLEMENTATION_OR_EXTERNAL_GATE"
"PUB_DIM_PLANOCONTAS","PUB_CONTRACT","pub","object name pending V2-037","DIM_PLANOCONTAS","V2-035b/V2-037","view_etl:023_criar_view_dim_planocontas","CUTOVER-DB-01","DATABASE_ENDPOINT_OR_ALIAS_UNPROVEN","READ_ONLY_PUB_GRANT_PENDING_V2_037","EXTERNAL_CONSUMER_MANIFEST_PENDING","PENDING_IMPLEMENTATION_OR_EXTERNAL_GATE"
"PUB_DIM_USUARIOS","PUB_CONTRACT","pub","object name pending V2-037","DIM_USUARIOS","V2-033/V2-035b/V2-037","view_etl:024_criar_view_dim_usuarios","CUTOVER-DB-01","DATABASE_ENDPOINT_OR_ALIAS_UNPROVEN","READ_ONLY_PUB_GRANT_PENDING_V2_037","EXTERNAL_CONSUMER_MANIFEST_PENDING","PENDING_IMPLEMENTATION_OR_EXTERNAL_GATE"
"PUB_DIM_VEICULOS","PUB_CONTRACT","pub","object name pending V2-037","DIM_VEICULOS","V2-035b/V2-037","view_etl:021_criar_view_dim_veiculos","CUTOVER-DB-01","DATABASE_ENDPOINT_OR_ALIAS_UNPROVEN","READ_ONLY_PUB_GRANT_PENDING_V2_037","EXTERNAL_CONSUMER_MANIFEST_PENDING","PENDING_IMPLEMENTATION_OR_EXTERNAL_GATE"
"PUB_FATO_MANIFESTOS","PUB_CONTRACT","pub","object name pending V2-037","MART_MANIFESTOS","V2-036/V2-037","view_etl:025_criar_view_fato_manifestos_dash","CUTOVER-DB-01","DATABASE_ENDPOINT_OR_ALIAS_UNPROVEN","READ_ONLY_PUB_GRANT_PENDING_V2_037","EXTERNAL_CONSUMER_MANIFEST_PENDING","PENDING_IMPLEMENTATION_OR_EXTERNAL_GATE"
"PUB_FATURAS","PUB_CONTRACT","pub","object name pending V2-037","SRC_FATURAS","V2-030/V2-037","view_etl:011_criar_view_faturas_por_cliente_powerbi","CUTOVER-DB-01","DATABASE_ENDPOINT_OR_ALIAS_UNPROVEN","READ_ONLY_PUB_GRANT_PENDING_V2_037","EXTERNAL_CONSUMER_MANIFEST_PENDING","PENDING_IMPLEMENTATION_OR_EXTERNAL_GATE"
"PUB_FRETES","PUB_CONTRACT","pub","object name pending V2-037","SRC_FRETES;SRC_LOCALIZACAO;SRC_INVENTARIO;REF_GOVERNADAS","V2-011/V2-028/V2-031/V2-037","view_etl:012_criar_view_fretes_powerbi","CUTOVER-DB-01","DATABASE_ENDPOINT_OR_ALIAS_UNPROVEN","READ_ONLY_PUB_GRANT_PENDING_V2_037","EXTERNAL_CONSUMER_MANIFEST_PENDING","PENDING_IMPLEMENTATION_OR_EXTERNAL_GATE"
"PUB_INVENTARIO","PUB_CONTRACT","pub","object name pending V2-037","SRC_INVENTARIO;SRC_FRETES","V2-011/V2-031/V2-037","view_etl:020_criar_view_inventario_powerbi","CUTOVER-DB-01","DATABASE_ENDPOINT_OR_ALIAS_UNPROVEN","READ_ONLY_PUB_GRANT_PENDING_V2_037","EXTERNAL_CONSUMER_MANIFEST_PENDING","PENDING_IMPLEMENTATION_OR_EXTERNAL_GATE"
"PUB_LOCALIZACAO","PUB_CONTRACT","pub","object name pending V2-037","SRC_LOCALIZACAO;REF_GOVERNADAS","V2-028/V2-035a/V2-037","view_etl:017_criar_view_localizacao_cargas_powerbi","CUTOVER-DB-01","DATABASE_ENDPOINT_OR_ALIAS_UNPROVEN","READ_ONLY_PUB_GRANT_PENDING_V2_037","EXTERNAL_CONSUMER_MANIFEST_PENDING","PENDING_IMPLEMENTATION_OR_EXTERNAL_GATE"
"PUB_MANIFESTOS","PUB_CONTRACT","pub","object name pending V2-037","SRC_MANIFESTOS","V2-026/V2-037","view_etl:018_criar_view_manifestos_powerbi","CUTOVER-DB-01","DATABASE_ENDPOINT_OR_ALIAS_UNPROVEN","READ_ONLY_PUB_GRANT_PENDING_V2_037","EXTERNAL_CONSUMER_MANIFEST_PENDING","PENDING_IMPLEMENTATION_OR_EXTERNAL_GATE"
"PUB_MONITORAMENTO","PUB_CONTRACT","ctl/recon","internal object name pending V2-037","PLAT_CONTROL;PLAT_GATES","V2-020/V2-023/V2-037","view_etl:019_criar_view_bi_monitoramento","CUTOVER-DB-01","INTERNAL_NOT_PUBLIC_BY_DEFAULT","READ_ONLY_INTERNAL_GRANT_PENDING_V2_037","INTERNAL_SCOPE_PENDING_V2_037","PENDING_IMPLEMENTATION_OR_EXTERNAL_GATE"
"PUB_RASTER","PUB_CONTRACT","pub","object name pending V2-037","SRC_RASTER","V2-034a/V2-034b/V2-037","view_etl:022_criar_view_raster_sm_transit_time","CUTOVER-DB-01","DATABASE_ENDPOINT_OR_ALIAS_UNPROVEN","READ_ONLY_PUB_GRANT_PENDING_V2_037","EXTERNAL_CONSUMER_MANIFEST_PENDING","CONDITIONAL_DISABLED"
"PUB_SINISTROS","PUB_CONTRACT","pub","object name pending V2-037","SRC_SINISTROS","V2-032/V2-037","view_etl:021_criar_view_sinistros_powerbi","CUTOVER-DB-01","DATABASE_ENDPOINT_OR_ALIAS_UNPROVEN","READ_ONLY_PUB_GRANT_PENDING_V2_037","EXTERNAL_CONSUMER_MANIFEST_PENDING","PENDING_IMPLEMENTATION_OR_EXTERNAL_GATE"
"REF_GOVERNADAS","REFERENCE_SET","ref","typed governed reference foundation; no productive baseline","PLAT_GATES","V2-035a","","CUTOVER-DB-01","INTERNAL_SAME_DATABASE","OWNER_ONLY_IMPORT_RUNTIME_NO_DIRECT_ACCESS","NOT_A_CONSUMER_CONTRACT","LOCAL_FOUNDATION_PRESENT_EXTERNAL_BASELINE_BLOCKED"
"REL_COLETA_FRETE","RELATION","core","coleta-to-frete crosswalk","REL_MANIFESTO_COLETA;SRC_COLETAS;SRC_FRETES","V2-046b","","CUTOVER-DB-01","INTERNAL_SAME_DATABASE","DATABASE_WIDE_FENCE_AND_ALLOWLISTED_PROCEDURES","NOT_A_CONSUMER_CONTRACT","PENDING_IMPLEMENTATION_OR_EXTERNAL_GATE"
"REL_MANIFESTO_COLETA","RELATION","core","manifesto-to-coleta crosswalk","SRC_MANIFESTOS;SRC_COLETAS","V2-046a","","CUTOVER-DB-01","INTERNAL_SAME_DATABASE","DATABASE_WIDE_FENCE_AND_ALLOWLISTED_PROCEDURES","NOT_A_CONSUMER_CONTRACT","PENDING_IMPLEMENTATION_OR_EXTERNAL_GATE"
"SRC_COLETAS","SOURCE","core","coletas","PLAT_RUNTIME;SRC_USUARIOS;REF_GOVERNADAS","V2-010","entity_source:coletas","CUTOVER-DB-01","INTERNAL_SAME_DATABASE","DATABASE_WIDE_FENCE_AND_ALLOWLISTED_PROCEDURES","NOT_A_CONSUMER_CONTRACT","PENDING_IMPLEMENTATION_OR_EXTERNAL_GATE"
"SRC_CONTAS","SOURCE","core","contas a pagar + parcelas","PLAT_RUNTIME;REF_GOVERNADAS","V2-029","entity_source:contas_a_pagar","CUTOVER-DB-01","INTERNAL_SAME_DATABASE","DATABASE_WIDE_FENCE_AND_ALLOWLISTED_PROCEDURES","NOT_A_CONSUMER_CONTRACT","PENDING_IMPLEMENTATION_OR_EXTERNAL_GATE"
"SRC_COTACOES","SOURCE","core","cotacoes","PLAT_RUNTIME;REF_GOVERNADAS","V2-027","entity_source:cotacoes","CUTOVER-DB-01","INTERNAL_SAME_DATABASE","DATABASE_WIDE_FENCE_AND_ALLOWLISTED_PROCEDURES","NOT_A_CONSUMER_CONTRACT","PENDING_IMPLEMENTATION_OR_EXTERNAL_GATE"
"SRC_FATURAS","SOURCE","core","faturas por cliente + crosswalks","PLAT_RUNTIME;SRC_FRETES;REF_GOVERNADAS","V2-030","entity_source:faturas_por_cliente","CUTOVER-DB-01","INTERNAL_SAME_DATABASE","DATABASE_WIDE_FENCE_AND_ALLOWLISTED_PROCEDURES","NOT_A_CONSUMER_CONTRACT","PENDING_IMPLEMENTATION_OR_EXTERNAL_GATE"
"SRC_FRETES","SOURCE","core","fretes + typed sidecars","PLAT_RUNTIME;SRC_COLETAS;REL_MANIFESTO_COLETA;REF_GOVERNADAS","V2-011","entity_source:fretes","CUTOVER-DB-01","INTERNAL_SAME_DATABASE","DATABASE_WIDE_FENCE_AND_ALLOWLISTED_PROCEDURES","NOT_A_CONSUMER_CONTRACT","PENDING_IMPLEMENTATION_OR_EXTERNAL_GATE"
"SRC_INVENTARIO","SOURCE","core","inventario + typed children","PLAT_RUNTIME;SRC_FRETES","V2-031","entity_source:inventario","CUTOVER-DB-01","INTERNAL_SAME_DATABASE","DATABASE_WIDE_FENCE_AND_ALLOWLISTED_PROCEDURES","NOT_A_CONSUMER_CONTRACT","PENDING_IMPLEMENTATION_OR_EXTERNAL_GATE"
"SRC_LOCALIZACAO","SOURCE","core","localizacao de cargas","PLAT_RUNTIME;SRC_FRETES;REF_GOVERNADAS","V2-028","entity_source:localizacao_cargas","CUTOVER-DB-01","INTERNAL_SAME_DATABASE","DATABASE_WIDE_FENCE_AND_ALLOWLISTED_PROCEDURES","NOT_A_CONSUMER_CONTRACT","PENDING_IMPLEMENTATION_OR_EXTERNAL_GATE"
"SRC_MANIFESTOS","SOURCE","core","manifestos + typed children","PLAT_RUNTIME","V2-026","entity_source:manifestos","CUTOVER-DB-01","INTERNAL_SAME_DATABASE","DATABASE_WIDE_FENCE_AND_ALLOWLISTED_PROCEDURES","NOT_A_CONSUMER_CONTRACT","PENDING_IMPLEMENTATION_OR_EXTERNAL_GATE"
"SRC_RASTER","SOURCE","core","raster viagens + paradas","PLAT_RUNTIME","V2-034a/V2-034b","entity_source:raster","CUTOVER-DB-01","INTERNAL_SAME_DATABASE","DATABASE_WIDE_FENCE_AND_ALLOWLISTED_PROCEDURES","NOT_A_CONSUMER_CONTRACT","CONDITIONAL_DISABLED"
"SRC_SINISTROS","SOURCE","core","sinistros + typed relations","PLAT_RUNTIME;SRC_FRETES","V2-032","entity_source:sinistros","CUTOVER-DB-01","INTERNAL_SAME_DATABASE","DATABASE_WIDE_FENCE_AND_ALLOWLISTED_PROCEDURES","NOT_A_CONSUMER_CONTRACT","PENDING_IMPLEMENTATION_OR_EXTERNAL_GATE"
"SRC_USUARIOS","SOURCE","core","usuario current + usuario_history in shadow","PLAT_RUNTIME","V2-024/V2-033","entity_source:usuarios","CUTOVER-DB-01","INTERNAL_SAME_DATABASE","DATABASE_WIDE_FENCE_AND_ALLOWLISTED_PROCEDURES","NOT_A_CONSUMER_CONTRACT","LOCAL_SHADOW_IMPLEMENTED_PUBLICATION_BLOCKED"
