"sequence","fence_id","boundary","required_state","sanitized_evidence","owner_role","due_gate","rollback_rule","status"
"1","FENCE-01-TARGET","TARGET_IDENTITY","Banco V2 produtivo novo, nome/servidor/alias exatos e allowlistados; sem renomear shadow, in-place ou wrapper cross-database.","Fingerprint sanitizado de alvo e aprovação; sem endpoint real no Git.","DBA_E_PLATAFORMA_DE_DADOS","V2-039a/V2-048b","NO_ROLLBACK_EFFECT_YET","EXTERNAL_INPUT_REQUIRED"
"2","FENCE-02-SCHEMA","MIGRATION_AND_GRANTS","Migrations/fingerprint completos; migrator separado; runtime sem DDL/DML direto; reader somente nos contratos aprovados.","Versão, SHA, contagens de objetos/grants/denies e testes negativos.","DBA_E_PLATAFORMA_DE_DADOS","V2-037/V2-039/V2-048b","REBUILD_FROM_MIGRATIONS","DESIGN_RATIFIED_LOCAL"
"3","FENCE-03-BOOTSTRAP","HISTORICAL_AND_DELTA","Bootstrap consistente por entidade e delta até Tcut fechados sem elevar watermark incremental.","Contagens/hashes sanitizados e ledger de partições; sem IDs reais.","OPERACOES_E_PLATAFORMA_DE_DADOS","V2-047/V2-048b","REBUILD_OR_REPLAY_BEFORE_ROUTE","PENDING_DEPENDENCIES"
"4","FENCE-04-GATE","CUTOVER_READINESS","Toda responsabilidade da unidade database-wide satisfaz os subgates prévios de V2-014; condicionais estão aceitas como incluídas ou NOT_APPLICABLE. V2-014 permanece aberto até V2-048b.","Receipts por tarefa/onda, fingerprints e aceite nominal.","OWNER_DA_UNIDADE_DE_CUTOVER","V2-048b_PRECONDITIONS/V2-014_AFTER_REHEARSAL","BLOCK_CUTOVER","EXTERNAL_INPUT_REQUIRED"
"5","FENCE-05-FREEZE","LEGACY_PROCESS_FREEZE","Schedulers/launchers do writer antigo parados e nenhuma execução em voo.","Estado agregado do scheduler/processo e lock, sem nome de principal ou caminho sensível.","OPERACOES","V2-048b","RETURN_TO_FROZEN_LEGACY_ONLY_BEFORE_PNR","EXTERNAL_INPUT_REQUIRED"
"6","FENCE-06-LEGACY-WRITE","LEGACY_DATABASE_WRITE_FENCE","Principal real do writer antigo revogado, negado ou desabilitado para DML/EXECUTE/DDL; teste negativo obrigatório. Lock de aplicação isolado não atende este fence.","Resultado allow/deny sanitizado por classe de permissão e banco, sem principal nominal.","DBA_E_OPERACOES","V2-048b","RESTORE_OLD_PERMISSION_ONLY_BEFORE_PNR_AND_ONLY_BY_OWNER","EXTERNAL_INPUT_REQUIRED"
"7","FENCE-07-V2-WRITE","V2_RUNTIME_PRE_ACTIVATION_FENCE","Role/procedures mínimas podem estar preparadas, mas o principal de serviço V2 permanece sem membership efetiva ou com autorização run deny-all; scheduler desligado isoladamente não é fence. Invocação direta do JAR deve falhar antes de FENCE-09.","Membership/authorization negada, grants/denies e teste negativo de invocação direta, todos sanitizados.","DBA_SEGURANCA_E_OPERACOES","V2-042/V2-039/V2-048b","KEEP_V2_RUN_AUTHORITY_DISABLED_BEFORE_PNR","EXTERNAL_INPUT_REQUIRED"
"8","FENCE-08-ROUTE","CONSUMER_ROUTE","Troca atômica da conexão/alias/configuração para o banco V2 inteiro; rota por objeto/entidade continua proibida sem prova positiva.","Fingerprint do destino e smoke read-only dos contratos aprovados.","OWNER_DO_CONSUMIDOR_E_OPERACOES","V2-037/V2-048b","ROUTE_BACK_TO_FROZEN_LEGACY_ONLY_BEFORE_PNR","EXTERNAL_INPUT_REQUIRED"
"9","FENCE-09-START","V2_RUN_AUTHORITY_AND_SCHEDULER_ENABLE","Somente depois dos fences e da rota, liberar membership/autorização run do principal V2 e habilitar o scheduler one-shot como uma ativação coordenada; legacy continua sem escrita.","Transição de autoridade, estado do scheduler, teste positivo autorizado e primeira janela planejada, todos sanitizados.","DBA_SEGURANCA_E_OPERACOES","V2-039/V2-042/V2-048b","REVOKE_V2_RUN_AUTHORITY_AND_STOP_SCHEDULER_ONLY_BEFORE_PNR","EXTERNAL_INPUT_REQUIRED"
"10","FENCE-10-PNR","FIRST_AUTHORITATIVE_PRODUCTION_PUBLICATION","Primeira publicação V2 aceita como autoritativa em produção após freeze, write-fences e rota. V2-048b prova somente SIMULATED_PNR em ambiente isolado; PUBLISHED em shadow não conta.","No rehearsal: receipt SIMULATED_PNR opaco. Em produção: execution/cutover receipt, fingerprint, estado PUBLISHED e aceite nominal; sem ID de negócio.","OWNER_DA_UNIDADE_E_OWNER_DO_CONSUMIDOR","V2-048b_SIMULATION/V2-014_PRODUCTION","POINT_OF_NO_RETURN","EXTERNAL_INPUT_REQUIRED"
"11","FENCE-11-ROLLFORWARD","POST_PNR_RECOVERY","Legado permanece read-only; recuperação usa restore/rebuild do V2 e replay do delta desde evidência imutável dentro de RPO.","Resultado de restore/replay, RTO/RPO medidos e reconciliação sanitizada.","DBA_OPERACOES_E_OWNER_DA_UNIDADE","V2-039/V2-048b","ROLL_FORWARD_ONLY","EXTERNAL_INPUT_REQUIRED"
