"artifact_key","artifact_type","artifact_id","source_path","responsibility","logical_responsibility","legacy_execution_effect","decision","v2_destination","owner_role","due_gate","cutover_unit","cutover_inclusion","legacy_write_fence","v2_write_boundary","route_boundary","evidence_status"
"command_default:NO_ARGUMENTS:src/main/java/br/com/extrator/comandos/cli/CommandRegistry.java","command_default","NO_ARGUMENTS","src/main/java/br/com/extrator/comandos/cli/CommandRegistry.java","default implícito executa fluxo completo","ARTIFACT:command_default:NO_ARGUMENTS","WRITE_OR_CONTROL_CAPABLE","RETIRE","mostrar ajuda e sair sem efeito","PLATAFORMA_E_OPERACOES","V2-018","CUTOVER-DB-01","EXCLUDED_RETIRED","PROCESS_FREEZE_PLUS_DATABASE_PRINCIPAL_REVOKE","NOT_APPLICABLE_RETIRED","NOT_APPLICABLE_RETIRED","LOCAL_EXCLUSION_MAPPED"
"command_flag:--ajuda:src/main/java/br/com/extrator/comandos/cli/CommandRegistry.java","command_flag","--ajuda","src/main/java/br/com/extrator/comandos/cli/CommandRegistry.java","entrada CLI legada","ARTIFACT:command_flag:--ajuda","READ_ONLY_PROVEN_LOCAL","PRESERVE","cli help","PLATAFORMA_E_OPERACOES","V2-018","CUTOVER-DB-01","INCLUDED_DATABASE_WIDE","NO_WRITE_FENCE_READ_ONLY_LOCAL","TYPED_ONE_SHOT_COMMAND_OR_RETIRED_PENDING_V2_022","INTERNAL_OR_NOT_A_CONSUMER_ROUTE","LOCAL_MAPPING_EXTERNAL_RATIFICATION_REQUIRED"
"command_flag:--auditar-api:src/main/java/br/com/extrator/comandos/cli/CommandRegistry.java","command_flag","--auditar-api","src/main/java/br/com/extrator/comandos/cli/CommandRegistry.java","entrada CLI legada","ARTIFACT:command_flag:--auditar-api","NO_DOMAIN_WRITE_CLAIM_PENDING_EXTERNAL_INVENTORY","RETIRE","sem equivalente no CLI produtivo","PLATAFORMA_E_OPERACOES","V2-018/V2-022","CUTOVER-DB-01","EXCLUDED_RETIRED","FREEZE_UNLESS_NO_WRITE_IS_POSITIVELY_PROVEN","NOT_APPLICABLE_RETIRED","NOT_APPLICABLE_RETIRED","LOCAL_EXCLUSION_MAPPED"
"command_flag:--auditoria:src/main/java/br/com/extrator/comandos/cli/CommandRegistry.java","command_flag","--auditoria","src/main/java/br/com/extrator/comandos/cli/CommandRegistry.java","entrada CLI legada","ARTIFACT:command_flag:--auditoria","WRITE_OR_CONTROL_CAPABLE","SUBSTITUTE","CLI one-shot/registry tipado","PLATAFORMA_E_OPERACOES","V2-018/V2-022/V2-023","CUTOVER-DB-01","INCLUDED_DATABASE_WIDE","PROCESS_FREEZE_PLUS_DATABASE_PRINCIPAL_REVOKE","TYPED_ONE_SHOT_COMMAND_OR_RETIRED_PENDING_V2_022","INTERNAL_OR_NOT_A_CONSUMER_ROUTE","LOCAL_MAPPING_EXTERNAL_RATIFICATION_REQUIRED"
"command_flag:--auth-bootstrap:src/main/java/br/com/extrator/comandos/cli/CommandRegistry.java","command_flag","--auth-bootstrap","src/main/java/br/com/extrator/comandos/cli/CommandRegistry.java","entrada CLI legada","ARTIFACT:command_flag:--auth-bootstrap","WRITE_OR_CONTROL_CAPABLE","RETIRE","sem equivalente no CLI produtivo","PLATAFORMA_E_OPERACOES","V2-018/V2-022","CUTOVER-DB-01","EXCLUDED_RETIRED","PROCESS_FREEZE_PLUS_DATABASE_PRINCIPAL_REVOKE","NOT_APPLICABLE_RETIRED","NOT_APPLICABLE_RETIRED","LOCAL_EXCLUSION_MAPPED"
"command_flag:--auth-check:src/main/java/br/com/extrator/comandos/cli/CommandRegistry.java","command_flag","--auth-check","src/main/java/br/com/extrator/comandos/cli/CommandRegistry.java","entrada CLI legada","ARTIFACT:command_flag:--auth-check","NO_DOMAIN_WRITE_CLAIM_PENDING_EXTERNAL_INVENTORY","RETIRE","sem equivalente no CLI produtivo","PLATAFORMA_E_OPERACOES","V2-018/V2-022","CUTOVER-DB-01","EXCLUDED_RETIRED","FREEZE_UNLESS_NO_WRITE_IS_POSITIVELY_PROVEN","NOT_APPLICABLE_RETIRED","NOT_APPLICABLE_RETIRED","LOCAL_EXCLUSION_MAPPED"
"command_flag:--auth-create-user:src/main/java/br/com/extrator/comandos/cli/CommandRegistry.java","command_flag","--auth-create-user","src/main/java/br/com/extrator/comandos/cli/CommandRegistry.java","entrada CLI legada","ARTIFACT:command_flag:--auth-create-user","WRITE_OR_CONTROL_CAPABLE","RETIRE","sem equivalente no CLI produtivo","PLATAFORMA_E_OPERACOES","V2-018/V2-022","CUTOVER-DB-01","EXCLUDED_RETIRED","PROCESS_FREEZE_PLUS_DATABASE_PRINCIPAL_REVOKE","NOT_APPLICABLE_RETIRED","NOT_APPLICABLE_RETIRED","LOCAL_EXCLUSION_MAPPED"
"command_flag:--auth-disable-user:src/main/java/br/com/extrator/comandos/cli/CommandRegistry.java","command_flag","--auth-disable-user","src/main/java/br/com/extrator/comandos/cli/CommandRegistry.java","entrada CLI legada","ARTIFACT:command_flag:--auth-disable-user","WRITE_OR_CONTROL_CAPABLE","RETIRE","sem equivalente no CLI produtivo","PLATAFORMA_E_OPERACOES","V2-018/V2-022","CUTOVER-DB-01","EXCLUDED_RETIRED","PROCESS_FREEZE_PLUS_DATABASE_PRINCIPAL_REVOKE","NOT_APPLICABLE_RETIRED","NOT_APPLICABLE_RETIRED","LOCAL_EXCLUSION_MAPPED"
"command_flag:--auth-info:src/main/java/br/com/extrator/comandos/cli/CommandRegistry.java","command_flag","--auth-info","src/main/java/br/com/extrator/comandos/cli/CommandRegistry.java","entrada CLI legada","ARTIFACT:command_flag:--auth-info","NO_DOMAIN_WRITE_CLAIM_PENDING_EXTERNAL_INVENTORY","RETIRE","sem equivalente no CLI produtivo","PLATAFORMA_E_OPERACOES","V2-018/V2-022","CUTOVER-DB-01","EXCLUDED_RETIRED","FREEZE_UNLESS_NO_WRITE_IS_POSITIVELY_PROVEN","NOT_APPLICABLE_RETIRED","NOT_APPLICABLE_RETIRED","LOCAL_EXCLUSION_MAPPED"
"command_flag:--auth-reset-password:src/main/java/br/com/extrator/comandos/cli/CommandRegistry.java","command_flag","--auth-reset-password","src/main/java/br/com/extrator/comandos/cli/CommandRegistry.java","entrada CLI legada","ARTIFACT:command_flag:--auth-reset-password","WRITE_OR_CONTROL_CAPABLE","RETIRE","sem equivalente no CLI produtivo","PLATAFORMA_E_OPERACOES","V2-018/V2-022","CUTOVER-DB-01","EXCLUDED_RETIRED","PROCESS_FREEZE_PLUS_DATABASE_PRINCIPAL_REVOKE","NOT_APPLICABLE_RETIRED","NOT_APPLICABLE_RETIRED","LOCAL_EXCLUSION_MAPPED"
"command_flag:--executar-step-isolado:src/main/java/br/com/extrator/comandos/cli/CommandRegistry.java","command_flag","--executar-step-isolado","src/main/java/br/com/extrator/comandos/cli/CommandRegistry.java","entrada CLI legada","ARTIFACT:command_flag:--executar-step-isolado","WRITE_OR_CONTROL_CAPABLE","RETIRE","sem equivalente no CLI produtivo","PLATAFORMA_E_OPERACOES","V2-018/V2-022","CUTOVER-DB-01","EXCLUDED_RETIRED","PROCESS_FREEZE_PLUS_DATABASE_PRINCIPAL_REVOKE","NOT_APPLICABLE_RETIRED","NOT_APPLICABLE_RETIRED","LOCAL_EXCLUSION_MAPPED"
"command_flag:--exportar-csv:src/main/java/br/com/extrator/comandos/cli/CommandRegistry.java","command_flag","--exportar-csv","src/main/java/br/com/extrator/comandos/cli/CommandRegistry.java","entrada CLI legada","ARTIFACT:command_flag:--exportar-csv","NO_DOMAIN_WRITE_CLAIM_PENDING_EXTERNAL_INVENTORY","CONDITIONAL","ferramenta administrativa protegida","PLATAFORMA_E_OPERACOES","V2-037/V2-045","CUTOVER-DB-01","CONDITIONAL_DATABASE_WIDE","FREEZE_UNLESS_NO_WRITE_IS_POSITIVELY_PROVEN","TYPED_ONE_SHOT_COMMAND_OR_RETIRED_PENDING_V2_022","INTERNAL_OR_NOT_A_CONSUMER_ROUTE","LOCAL_MAPPING_EXTERNAL_RATIFICATION_REQUIRED"
"command_flag:--expurgo-orfaos:src/main/java/br/com/extrator/comandos/cli/CommandRegistry.java","command_flag","--expurgo-orfaos","src/main/java/br/com/extrator/comandos/cli/CommandRegistry.java","entrada CLI legada","ARTIFACT:command_flag:--expurgo-orfaos","WRITE_OR_CONTROL_CAPABLE","SUBSTITUTE","CLI one-shot/registry tipado","PLATAFORMA_E_OPERACOES","V2-018/V2-022/V2-023","CUTOVER-DB-01","INCLUDED_DATABASE_WIDE","PROCESS_FREEZE_PLUS_DATABASE_PRINCIPAL_REVOKE","TYPED_ONE_SHOT_COMMAND_OR_RETIRED_PENDING_V2_022","INTERNAL_OR_NOT_A_CONSUMER_ROUTE","LOCAL_MAPPING_EXTERNAL_RATIFICATION_REQUIRED"
"command_flag:--extracao-intervalo:src/main/java/br/com/extrator/comandos/cli/CommandRegistry.java","command_flag","--extracao-intervalo","src/main/java/br/com/extrator/comandos/cli/CommandRegistry.java","entrada CLI legada","ARTIFACT:command_flag:--extracao-intervalo","WRITE_OR_CONTROL_CAPABLE","SUBSTITUTE","CLI one-shot/registry tipado","PLATAFORMA_E_OPERACOES","V2-018/V2-022/V2-023","CUTOVER-DB-01","INCLUDED_DATABASE_WIDE","PROCESS_FREEZE_PLUS_DATABASE_PRINCIPAL_REVOKE","TYPED_ONE_SHOT_COMMAND_OR_RETIRED_PENDING_V2_022","INTERNAL_OR_NOT_A_CONSUMER_ROUTE","LOCAL_MAPPING_EXTERNAL_RATIFICATION_REQUIRED"
"command_flag:--fechamento-mensal:src/main/java/br/com/extrator/comandos/cli/CommandRegistry.java","command_flag","--fechamento-mensal","src/main/java/br/com/extrator/comandos/cli/CommandRegistry.java","entrada CLI legada","ARTIFACT:command_flag:--fechamento-mensal","WRITE_OR_CONTROL_CAPABLE","SUBSTITUTE","CLI one-shot/registry tipado","PLATAFORMA_E_OPERACOES","V2-018/V2-022/V2-023","CUTOVER-DB-01","INCLUDED_DATABASE_WIDE","PROCESS_FREEZE_PLUS_DATABASE_PRINCIPAL_REVOKE","TYPED_ONE_SHOT_COMMAND_OR_RETIRED_PENDING_V2_022","INTERNAL_OR_NOT_A_CONSUMER_ROUTE","LOCAL_MAPPING_EXTERNAL_RATIFICATION_REQUIRED"
"command_flag:--fluxo-completo:src/main/java/br/com/extrator/comandos/cli/CommandRegistry.java","command_flag","--fluxo-completo","src/main/java/br/com/extrator/comandos/cli/CommandRegistry.java","entrada CLI legada","ARTIFACT:command_flag:--fluxo-completo","WRITE_OR_CONTROL_CAPABLE","SUBSTITUTE","CLI one-shot/registry tipado","PLATAFORMA_E_OPERACOES","V2-018/V2-022/V2-023","CUTOVER-DB-01","INCLUDED_DATABASE_WIDE","PROCESS_FREEZE_PLUS_DATABASE_PRINCIPAL_REVOKE","TYPED_ONE_SHOT_COMMAND_OR_RETIRED_PENDING_V2_022","INTERNAL_OR_NOT_A_CONSUMER_ROUTE","LOCAL_MAPPING_EXTERNAL_RATIFICATION_REQUIRED"
"command_flag:--help:src/main/java/br/com/extrator/comandos/cli/CommandRegistry.java","command_flag","--help","src/main/java/br/com/extrator/comandos/cli/CommandRegistry.java","entrada CLI legada","ARTIFACT:command_flag:--help","READ_ONLY_PROVEN_LOCAL","PRESERVE","cli help","PLATAFORMA_E_OPERACOES","V2-018","CUTOVER-DB-01","INCLUDED_DATABASE_WIDE","NO_WRITE_FENCE_READ_ONLY_LOCAL","TYPED_ONE_SHOT_COMMAND_OR_RETIRED_PENDING_V2_022","INTERNAL_OR_NOT_A_CONSUMER_ROUTE","LOCAL_MAPPING_EXTERNAL_RATIFICATION_REQUIRED"
"command_flag:--introspeccao:src/main/java/br/com/extrator/comandos/cli/CommandRegistry.java","command_flag","--introspeccao","src/main/java/br/com/extrator/comandos/cli/CommandRegistry.java","entrada CLI legada","ARTIFACT:command_flag:--introspeccao","NO_DOMAIN_WRITE_CLAIM_PENDING_EXTERNAL_INVENTORY","RETIRE","sem equivalente no CLI produtivo","PLATAFORMA_E_OPERACOES","V2-018/V2-022","CUTOVER-DB-01","EXCLUDED_RETIRED","FREEZE_UNLESS_NO_WRITE_IS_POSITIVELY_PROVEN","NOT_APPLICABLE_RETIRED","NOT_APPLICABLE_RETIRED","LOCAL_EXCLUSION_MAPPED"
"command_flag:--limpar-tabelas:src/main/java/br/com/extrator/comandos/cli/CommandRegistry.java","command_flag","--limpar-tabelas","src/main/java/br/com/extrator/comandos/cli/CommandRegistry.java","entrada CLI legada","ARTIFACT:command_flag:--limpar-tabelas","WRITE_OR_CONTROL_CAPABLE","RETIRE","sem equivalente no CLI produtivo","PLATAFORMA_E_OPERACOES","V2-018/V2-022","CUTOVER-DB-01","EXCLUDED_RETIRED","PROCESS_FREEZE_PLUS_DATABASE_PRINCIPAL_REVOKE","NOT_APPLICABLE_RETIRED","NOT_APPLICABLE_RETIRED","LOCAL_EXCLUSION_MAPPED"
"command_flag:--loop:src/main/java/br/com/extrator/comandos/cli/CommandRegistry.java","command_flag","--loop","src/main/java/br/com/extrator/comandos/cli/CommandRegistry.java","entrada CLI legada","ARTIFACT:command_flag:--loop","WRITE_OR_CONTROL_CAPABLE","RETIRE","sem equivalente no CLI produtivo","PLATAFORMA_E_OPERACOES","V2-018/V2-022","CUTOVER-DB-01","EXCLUDED_RETIRED","PROCESS_FREEZE_PLUS_DATABASE_PRINCIPAL_REVOKE","NOT_APPLICABLE_RETIRED","NOT_APPLICABLE_RETIRED","LOCAL_EXCLUSION_MAPPED"
"command_flag:--loop-daemon-run:src/main/java/br/com/extrator/comandos/cli/CommandRegistry.java","command_flag","--loop-daemon-run","src/main/java/br/com/extrator/comandos/cli/CommandRegistry.java","entrada CLI legada","ARTIFACT:command_flag:--loop-daemon-run","WRITE_OR_CONTROL_CAPABLE","RETIRE","sem equivalente no CLI produtivo","PLATAFORMA_E_OPERACOES","V2-018/V2-022","CUTOVER-DB-01","EXCLUDED_RETIRED","PROCESS_FREEZE_PLUS_DATABASE_PRINCIPAL_REVOKE","NOT_APPLICABLE_RETIRED","NOT_APPLICABLE_RETIRED","LOCAL_EXCLUSION_MAPPED"
"command_flag:--loop-daemon-start:src/main/java/br/com/extrator/comandos/cli/CommandRegistry.java","command_flag","--loop-daemon-start","src/main/java/br/com/extrator/comandos/cli/CommandRegistry.java","entrada CLI legada","ARTIFACT:command_flag:--loop-daemon-start","WRITE_OR_CONTROL_CAPABLE","RETIRE","sem equivalente no CLI produtivo","PLATAFORMA_E_OPERACOES","V2-018/V2-022","CUTOVER-DB-01","EXCLUDED_RETIRED","PROCESS_FREEZE_PLUS_DATABASE_PRINCIPAL_REVOKE","NOT_APPLICABLE_RETIRED","NOT_APPLICABLE_RETIRED","LOCAL_EXCLUSION_MAPPED"
"command_flag:--loop-daemon-status:src/main/java/br/com/extrator/comandos/cli/CommandRegistry.java","command_flag","--loop-daemon-status","src/main/java/br/com/extrator/comandos/cli/CommandRegistry.java","entrada CLI legada","ARTIFACT:command_flag:--loop-daemon-status","WRITE_OR_CONTROL_CAPABLE","RETIRE","sem equivalente no CLI produtivo","PLATAFORMA_E_OPERACOES","V2-018/V2-022","CUTOVER-DB-01","EXCLUDED_RETIRED","PROCESS_FREEZE_PLUS_DATABASE_PRINCIPAL_REVOKE","NOT_APPLICABLE_RETIRED","NOT_APPLICABLE_RETIRED","LOCAL_EXCLUSION_MAPPED"
"command_flag:--loop-daemon-stop:src/main/java/br/com/extrator/comandos/cli/CommandRegistry.java","command_flag","--loop-daemon-stop","src/main/java/br/com/extrator/comandos/cli/CommandRegistry.java","entrada CLI legada","ARTIFACT:command_flag:--loop-daemon-stop","WRITE_OR_CONTROL_CAPABLE","RETIRE","sem equivalente no CLI produtivo","PLATAFORMA_E_OPERACOES","V2-018/V2-022","CUTOVER-DB-01","EXCLUDED_RETIRED","PROCESS_FREEZE_PLUS_DATABASE_PRINCIPAL_REVOKE","NOT_APPLICABLE_RETIRED","NOT_APPLICABLE_RETIRED","LOCAL_EXCLUSION_MAPPED"
"command_flag:--materializar-fatos-bi:src/main/java/br/com/extrator/comandos/cli/CommandRegistry.java","command_flag","--materializar-fatos-bi","src/main/java/br/com/extrator/comandos/cli/CommandRegistry.java","entrada CLI legada","ARTIFACT:command_flag:--materializar-fatos-bi","WRITE_OR_CONTROL_CAPABLE","SUBSTITUTE","CLI one-shot/registry tipado","PLATAFORMA_E_OPERACOES","V2-018/V2-022/V2-023","CUTOVER-DB-01","INCLUDED_DATABASE_WIDE","PROCESS_FREEZE_PLUS_DATABASE_PRINCIPAL_REVOKE","TYPED_ONE_SHOT_COMMAND_OR_RETIRED_PENDING_V2_022","INTERNAL_OR_NOT_A_CONSUMER_ROUTE","LOCAL_MAPPING_EXTERNAL_RATIFICATION_REQUIRED"
"command_flag:--materializar-fatos-bi-scheduler:src/main/java/br/com/extrator/comandos/cli/CommandRegistry.java","command_flag","--materializar-fatos-bi-scheduler","src/main/java/br/com/extrator/comandos/cli/CommandRegistry.java","entrada CLI legada","ARTIFACT:command_flag:--materializar-fatos-bi-scheduler","WRITE_OR_CONTROL_CAPABLE","RETIRE","sem equivalente no CLI produtivo","PLATAFORMA_E_OPERACOES","V2-018/V2-022","CUTOVER-DB-01","EXCLUDED_RETIRED","PROCESS_FREEZE_PLUS_DATABASE_PRINCIPAL_REVOKE","NOT_APPLICABLE_RETIRED","NOT_APPLICABLE_RETIRED","LOCAL_EXCLUSION_MAPPED"
"command_flag:--recovery:src/main/java/br/com/extrator/comandos/cli/CommandRegistry.java","command_flag","--recovery","src/main/java/br/com/extrator/comandos/cli/CommandRegistry.java","entrada CLI legada","ARTIFACT:command_flag:--recovery","WRITE_OR_CONTROL_CAPABLE","SUBSTITUTE","CLI one-shot/registry tipado","PLATAFORMA_E_OPERACOES","V2-018/V2-022/V2-023","CUTOVER-DB-01","INCLUDED_DATABASE_WIDE","PROCESS_FREEZE_PLUS_DATABASE_PRINCIPAL_REVOKE","TYPED_ONE_SHOT_COMMAND_OR_RETIRED_PENDING_V2_022","INTERNAL_OR_NOT_A_CONSUMER_ROUTE","LOCAL_MAPPING_EXTERNAL_RATIFICATION_REQUIRED"
"command_flag:--sincronizar-usuarios:src/main/java/br/com/extrator/comandos/cli/CommandRegistry.java","command_flag","--sincronizar-usuarios","src/main/java/br/com/extrator/comandos/cli/CommandRegistry.java","entrada CLI legada","ARTIFACT:command_flag:--sincronizar-usuarios","WRITE_OR_CONTROL_CAPABLE","SUBSTITUTE","CLI one-shot/registry tipado","PLATAFORMA_E_OPERACOES","V2-018/V2-022/V2-023","CUTOVER-DB-01","INCLUDED_DATABASE_WIDE","PROCESS_FREEZE_PLUS_DATABASE_PRINCIPAL_REVOKE","TYPED_ONE_SHOT_COMMAND_OR_RETIRED_PENDING_V2_022","INTERNAL_OR_NOT_A_CONSUMER_ROUTE","LOCAL_MAPPING_EXTERNAL_RATIFICATION_REQUIRED"
"command_flag:--testar-api:src/main/java/br/com/extrator/comandos/cli/CommandRegistry.java","command_flag","--testar-api","src/main/java/br/com/extrator/comandos/cli/CommandRegistry.java","entrada CLI legada","ARTIFACT:command_flag:--testar-api","NO_DOMAIN_WRITE_CLAIM_PENDING_EXTERNAL_INVENTORY","RETIRE","sem equivalente no CLI produtivo","PLATAFORMA_E_OPERACOES","V2-018/V2-022","CUTOVER-DB-01","EXCLUDED_RETIRED","FREEZE_UNLESS_NO_WRITE_IS_POSITIVELY_PROVEN","NOT_APPLICABLE_RETIRED","NOT_APPLICABLE_RETIRED","LOCAL_EXCLUSION_MAPPED"
"command_flag:--validar:src/main/java/br/com/extrator/comandos/cli/CommandRegistry.java","command_flag","--validar","src/main/java/br/com/extrator/comandos/cli/CommandRegistry.java","entrada CLI legada","ARTIFACT:command_flag:--validar","NO_DOMAIN_WRITE_CLAIM_PENDING_EXTERNAL_INVENTORY","SUBSTITUTE","CLI one-shot/registry tipado","PLATAFORMA_E_OPERACOES","V2-018/V2-022/V2-023","CUTOVER-DB-01","INCLUDED_DATABASE_WIDE","FREEZE_UNLESS_NO_WRITE_IS_POSITIVELY_PROVEN","TYPED_ONE_SHOT_COMMAND_OR_RETIRED_PENDING_V2_022","INTERNAL_OR_NOT_A_CONSUMER_ROUTE","LOCAL_MAPPING_EXTERNAL_RATIFICATION_REQUIRED"
"command_flag:--validar-api-banco-24h:src/main/java/br/com/extrator/comandos/cli/CommandRegistry.java","command_flag","--validar-api-banco-24h","src/main/java/br/com/extrator/comandos/cli/CommandRegistry.java","entrada CLI legada","ARTIFACT:command_flag:--validar-api-banco-24h","NO_DOMAIN_WRITE_CLAIM_PENDING_EXTERNAL_INVENTORY","CONSOLIDATE","gates de DQ/paridade","PLATAFORMA_E_OPERACOES","V2-012/V2-038/V2-050","CUTOVER-DB-01","INCLUDED_DATABASE_WIDE","FREEZE_UNLESS_NO_WRITE_IS_POSITIVELY_PROVEN","TYPED_ONE_SHOT_COMMAND_OR_RETIRED_PENDING_V2_022","INTERNAL_OR_NOT_A_CONSUMER_ROUTE","LOCAL_MAPPING_EXTERNAL_RATIFICATION_REQUIRED"
"command_flag:--validar-api-banco-24h-detalhado:src/main/java/br/com/extrator/comandos/cli/CommandRegistry.java","command_flag","--validar-api-banco-24h-detalhado","src/main/java/br/com/extrator/comandos/cli/CommandRegistry.java","entrada CLI legada","ARTIFACT:command_flag:--validar-api-banco-24h-detalhado","NO_DOMAIN_WRITE_CLAIM_PENDING_EXTERNAL_INVENTORY","CONSOLIDATE","gates de DQ/paridade","PLATAFORMA_E_OPERACOES","V2-012/V2-038/V2-050","CUTOVER-DB-01","INCLUDED_DATABASE_WIDE","FREEZE_UNLESS_NO_WRITE_IS_POSITIVELY_PROVEN","TYPED_ONE_SHOT_COMMAND_OR_RETIRED_PENDING_V2_022","INTERNAL_OR_NOT_A_CONSUMER_ROUTE","LOCAL_MAPPING_EXTERNAL_RATIFICATION_REQUIRED"
"command_flag:--validar-dados:src/main/java/br/com/extrator/comandos/cli/CommandRegistry.java","command_flag","--validar-dados","src/main/java/br/com/extrator/comandos/cli/CommandRegistry.java","entrada CLI legada","ARTIFACT:command_flag:--validar-dados","NO_DOMAIN_WRITE_CLAIM_PENDING_EXTERNAL_INVENTORY","CONSOLIDATE","gates de DQ/paridade","PLATAFORMA_E_OPERACOES","V2-012/V2-038/V2-050","CUTOVER-DB-01","INCLUDED_DATABASE_WIDE","FREEZE_UNLESS_NO_WRITE_IS_POSITIVELY_PROVEN","TYPED_ONE_SHOT_COMMAND_OR_RETIRED_PENDING_V2_022","INTERNAL_OR_NOT_A_CONSUMER_ROUTE","LOCAL_MAPPING_EXTERNAL_RATIFICATION_REQUIRED"
"command_flag:--validar-etl-extremo:src/main/java/br/com/extrator/comandos/cli/CommandRegistry.java","command_flag","--validar-etl-extremo","src/main/java/br/com/extrator/comandos/cli/CommandRegistry.java","entrada CLI legada","ARTIFACT:command_flag:--validar-etl-extremo","NO_DOMAIN_WRITE_CLAIM_PENDING_EXTERNAL_INVENTORY","CONSOLIDATE","gates de DQ/paridade","PLATAFORMA_E_OPERACOES","V2-012/V2-038/V2-050","CUTOVER-DB-01","INCLUDED_DATABASE_WIDE","FREEZE_UNLESS_NO_WRITE_IS_POSITIVELY_PROVEN","TYPED_ONE_SHOT_COMMAND_OR_RETIRED_PENDING_V2_022","INTERNAL_OR_NOT_A_CONSUMER_ROUTE","LOCAL_MAPPING_EXTERNAL_RATIFICATION_REQUIRED"
"command_flag:--validar-etl-resiliencia:src/main/java/br/com/extrator/comandos/cli/CommandRegistry.java","command_flag","--validar-etl-resiliencia","src/main/java/br/com/extrator/comandos/cli/CommandRegistry.java","entrada CLI legada","ARTIFACT:command_flag:--validar-etl-resiliencia","NO_DOMAIN_WRITE_CLAIM_PENDING_EXTERNAL_INVENTORY","CONSOLIDATE","gates de DQ/paridade","PLATAFORMA_E_OPERACOES","V2-012/V2-038/V2-050","CUTOVER-DB-01","INCLUDED_DATABASE_WIDE","FREEZE_UNLESS_NO_WRITE_IS_POSITIVELY_PROVEN","TYPED_ONE_SHOT_COMMAND_OR_RETIRED_PENDING_V2_022","INTERNAL_OR_NOT_A_CONSUMER_ROUTE","LOCAL_MAPPING_EXTERNAL_RATIFICATION_REQUIRED"
"command_flag:--validar-manifestos:src/main/java/br/com/extrator/comandos/cli/CommandRegistry.java","command_flag","--validar-manifestos","src/main/java/br/com/extrator/comandos/cli/CommandRegistry.java","entrada CLI legada","ARTIFACT:command_flag:--validar-manifestos","NO_DOMAIN_WRITE_CLAIM_PENDING_EXTERNAL_INVENTORY","CONSOLIDATE","gates de DQ/paridade","PLATAFORMA_E_OPERACOES","V2-012/V2-038/V2-050","CUTOVER-DB-01","INCLUDED_DATABASE_WIDE","FREEZE_UNLESS_NO_WRITE_IS_POSITIVELY_PROVEN","TYPED_ONE_SHOT_COMMAND_OR_RETIRED_PENDING_V2_022","INTERNAL_OR_NOT_A_CONSUMER_ROUTE","LOCAL_MAPPING_EXTERNAL_RATIFICATION_REQUIRED"
"command_flag:--verificar-timestamps:src/main/java/br/com/extrator/comandos/cli/CommandRegistry.java","command_flag","--verificar-timestamps","src/main/java/br/com/extrator/comandos/cli/CommandRegistry.java","entrada CLI legada","ARTIFACT:command_flag:--verificar-timestamps","NO_DOMAIN_WRITE_CLAIM_PENDING_EXTERNAL_INVENTORY","CONSOLIDATE","gates de DQ/paridade","PLATAFORMA_E_OPERACOES","V2-012/V2-038/V2-050","CUTOVER-DB-01","INCLUDED_DATABASE_WIDE","FREEZE_UNLESS_NO_WRITE_IS_POSITIVELY_PROVEN","TYPED_ONE_SHOT_COMMAND_OR_RETIRED_PENDING_V2_022","INTERNAL_OR_NOT_A_CONSUMER_ROUTE","LOCAL_MAPPING_EXTERNAL_RATIFICATION_REQUIRED"
"command_flag:--verificar-timezone:src/main/java/br/com/extrator/comandos/cli/CommandRegistry.java","command_flag","--verificar-timezone","src/main/java/br/com/extrator/comandos/cli/CommandRegistry.java","entrada CLI legada","ARTIFACT:command_flag:--verificar-timezone","NO_DOMAIN_WRITE_CLAIM_PENDING_EXTERNAL_INVENTORY","CONSOLIDATE","gates de DQ/paridade","PLATAFORMA_E_OPERACOES","V2-012/V2-038/V2-050","CUTOVER-DB-01","INCLUDED_DATABASE_WIDE","FREEZE_UNLESS_NO_WRITE_IS_POSITIVELY_PROVEN","TYPED_ONE_SHOT_COMMAND_OR_RETIRED_PENDING_V2_022","INTERNAL_OR_NOT_A_CONSUMER_ROUTE","LOCAL_MAPPING_EXTERNAL_RATIFICATION_REQUIRED"
"database_runner:executar_database.bat:database/executar_database.bat","database_runner","executar_database.bat","database/executar_database.bat","executor manual e incompleto de schema","ARTIFACT:database_runner:executar_database.bat","NOT_AN_INVOCATION_SURFACE","SUBSTITUTE","Flyway + manifesto/fingerprint","DBA_E_PLATAFORMA_DE_DADOS","V2-019","CUTOVER-DB-01","INCLUDED_DATABASE_WIDE","DATABASE_PRINCIPAL_REVOKE_AUTHORITATIVE","FLYWAY_MIGRATOR_ONLY","INTERNAL_OR_NOT_A_CONSUMER_ROUTE","LOCAL_MAPPING_EXTERNAL_RATIFICATION_REQUIRED"
"entity_source:coletas:STATES.md#catalogo-de-fontes","entity_source","coletas","STATES.md#catalogo-de-fontes","GraphQL legado é a fonte implementada; Data Export 6908 é candidato sem constante/extrator local","ARTIFACT:entity_source:coletas","NOT_AN_INVOCATION_SURFACE","SUBSTITUTE","core.coletas","OPERACAO_E_PLATAFORMA","V2-010","CUTOVER-DB-01","INCLUDED_DATABASE_WIDE","DATABASE_PRINCIPAL_REVOKE_AUTHORITATIVE","ALLOWLISTED_PROCEDURES_WITHOUT_DIRECT_DML","INTERNAL_OR_NOT_A_CONSUMER_ROUTE","LOCAL_MAPPING_EXTERNAL_RATIFICATION_REQUIRED"
"entity_source:contas_a_pagar:STATES.md#catalogo-de-fontes","entity_source","contas_a_pagar","STATES.md#catalogo-de-fontes","ESL Data Export 8636","ARTIFACT:entity_source:contas_a_pagar","NOT_AN_INVOCATION_SURFACE","SUBSTITUTE","core.contas_a_pagar + parcelas","CONTROLADORIA_E_FINANCEIRO","V2-029","CUTOVER-DB-01","INCLUDED_DATABASE_WIDE","DATABASE_PRINCIPAL_REVOKE_AUTHORITATIVE","ALLOWLISTED_PROCEDURES_WITHOUT_DIRECT_DML","INTERNAL_OR_NOT_A_CONSUMER_ROUTE","LOCAL_MAPPING_EXTERNAL_RATIFICATION_REQUIRED"
"entity_source:cotacoes:STATES.md#catalogo-de-fontes","entity_source","cotacoes","STATES.md#catalogo-de-fontes","ESL Data Export 6906","ARTIFACT:entity_source:cotacoes","NOT_AN_INVOCATION_SURFACE","SUBSTITUTE","core.cotacoes","COMERCIAL_E_OPERACAO","V2-027","CUTOVER-DB-01","INCLUDED_DATABASE_WIDE","DATABASE_PRINCIPAL_REVOKE_AUTHORITATIVE","ALLOWLISTED_PROCEDURES_WITHOUT_DIRECT_DML","INTERNAL_OR_NOT_A_CONSUMER_ROUTE","LOCAL_MAPPING_EXTERNAL_RATIFICATION_REQUIRED"
"entity_source:faturas_por_cliente:STATES.md#catalogo-de-fontes","entity_source","faturas_por_cliente","STATES.md#catalogo-de-fontes","ESL Data Export 4924","ARTIFACT:entity_source:faturas_por_cliente","NOT_AN_INVOCATION_SURFACE","SUBSTITUTE","core.faturas_por_cliente + crosswalks","CONTROLADORIA_E_FISCAL","V2-030","CUTOVER-DB-01","INCLUDED_DATABASE_WIDE","DATABASE_PRINCIPAL_REVOKE_AUTHORITATIVE","ALLOWLISTED_PROCEDURES_WITHOUT_DIRECT_DML","INTERNAL_OR_NOT_A_CONSUMER_ROUTE","LOCAL_MAPPING_EXTERNAL_RATIFICATION_REQUIRED"
"entity_source:fretes:STATES.md#catalogo-de-fontes","entity_source","fretes","STATES.md#catalogo-de-fontes","GraphQL legado é a fonte principal; Data Export 6389 é somente enriquecimento/performance","ARTIFACT:entity_source:fretes","NOT_AN_INVOCATION_SURFACE","SUBSTITUTE","core.fretes","OPERACAO_FISCAL_E_PLATAFORMA","V2-011","CUTOVER-DB-01","INCLUDED_DATABASE_WIDE","DATABASE_PRINCIPAL_REVOKE_AUTHORITATIVE","ALLOWLISTED_PROCEDURES_WITHOUT_DIRECT_DML","INTERNAL_OR_NOT_A_CONSUMER_ROUTE","LOCAL_MAPPING_EXTERNAL_RATIFICATION_REQUIRED"
"entity_source:inventario:STATES.md#catalogo-de-fontes","entity_source","inventario","STATES.md#catalogo-de-fontes","ESL Data Export 10633","ARTIFACT:entity_source:inventario","NOT_AN_INVOCATION_SURFACE","SUBSTITUTE","core.inventario + filhos","OPERACAO_E_LOGISTICA","V2-031","CUTOVER-DB-01","INCLUDED_DATABASE_WIDE","DATABASE_PRINCIPAL_REVOKE_AUTHORITATIVE","ALLOWLISTED_PROCEDURES_WITHOUT_DIRECT_DML","INTERNAL_OR_NOT_A_CONSUMER_ROUTE","LOCAL_MAPPING_EXTERNAL_RATIFICATION_REQUIRED"
"entity_source:localizacao_cargas:STATES.md#catalogo-de-fontes","entity_source","localizacao_cargas","STATES.md#catalogo-de-fontes","ESL Data Export 8656","ARTIFACT:entity_source:localizacao_cargas","NOT_AN_INVOCATION_SURFACE","SUBSTITUTE","core.localizacao_cargas","LOGISTICA_E_OPERACAO","V2-028","CUTOVER-DB-01","INCLUDED_DATABASE_WIDE","DATABASE_PRINCIPAL_REVOKE_AUTHORITATIVE","ALLOWLISTED_PROCEDURES_WITHOUT_DIRECT_DML","INTERNAL_OR_NOT_A_CONSUMER_ROUTE","LOCAL_MAPPING_EXTERNAL_RATIFICATION_REQUIRED"
"entity_source:manifestos:STATES.md#catalogo-de-fontes","entity_source","manifestos","STATES.md#catalogo-de-fontes","ESL Data Export 6399","ARTIFACT:entity_source:manifestos","NOT_AN_INVOCATION_SURFACE","SUBSTITUTE","core.manifestos + filhos","OPERACAO_E_BI","V2-026","CUTOVER-DB-01","INCLUDED_DATABASE_WIDE","DATABASE_PRINCIPAL_REVOKE_AUTHORITATIVE","ALLOWLISTED_PROCEDURES_WITHOUT_DIRECT_DML","INTERNAL_OR_NOT_A_CONSUMER_ROUTE","LOCAL_MAPPING_EXTERNAL_RATIFICATION_REQUIRED"
"entity_source:raster:STATES.md#catalogo-de-fontes","entity_source","raster","STATES.md#catalogo-de-fontes","API Raster","ARTIFACT:entity_source:raster","NOT_AN_INVOCATION_SURFACE","CONDITIONAL","core.raster_viagens + paradas","OPERACAO_RASTER_E_PLATAFORMA","V2-034a","CUTOVER-DB-01","CONDITIONAL_DATABASE_WIDE","DATABASE_PRINCIPAL_REVOKE_AUTHORITATIVE","ALLOWLISTED_PROCEDURES_WITHOUT_DIRECT_DML","INTERNAL_OR_NOT_A_CONSUMER_ROUTE","LOCAL_MAPPING_EXTERNAL_RATIFICATION_REQUIRED"
"entity_source:sinistros:STATES.md#catalogo-de-fontes","entity_source","sinistros","STATES.md#catalogo-de-fontes","ESL Data Export 6392","ARTIFACT:entity_source:sinistros","NOT_AN_INVOCATION_SURFACE","SUBSTITUTE","core.sinistros + relações","OPERACAO_E_SINISTROS","V2-032","CUTOVER-DB-01","INCLUDED_DATABASE_WIDE","DATABASE_PRINCIPAL_REVOKE_AUTHORITATIVE","ALLOWLISTED_PROCEDURES_WITHOUT_DIRECT_DML","INTERNAL_OR_NOT_A_CONSUMER_ROUTE","LOCAL_MAPPING_EXTERNAL_RATIFICATION_REQUIRED"
"entity_source:usuarios:STATES.md#catalogo-de-fontes","entity_source","usuarios","STATES.md#catalogo-de-fontes","GraphQL individual(enabled=true) transitório; Data Export exige template oficial; 9901 é só ID de auditoria","ARTIFACT:entity_source:usuarios","NOT_AN_INVOCATION_SURFACE","PRESERVE","core.usuario + core.usuario_history + core.v_usuario_dimension_current_v1","SEGURANCA_E_OPERACAO","V2-024/V2-033/V2-035b","CUTOVER-DB-01","INCLUDED_DATABASE_WIDE","DATABASE_PRINCIPAL_REVOKE_AUTHORITATIVE","ALLOWLISTED_PROCEDURES_WITHOUT_DIRECT_DML","INTERNAL_OR_NOT_A_CONSUMER_ROUTE","LOCAL_MAPPING_EXTERNAL_RATIFICATION_REQUIRED"
"procedure:001_criar_sp_carga_fato_gestao_vista_fretes:database/procedures/001_criar_sp_carga_fato_gestao_vista_fretes.sql","procedure","001_criar_sp_carga_fato_gestao_vista_fretes","database/procedures/001_criar_sp_carga_fato_gestao_vista_fretes.sql","materialização de fato + sweep acoplado","ARTIFACT:procedure:001_criar_sp_carga_fato_gestao_vista_fretes","NOT_AN_INVOCATION_SURFACE","SUBSTITUTE","procedure set-based V2 por fato; materialização e sweep separados","PLATAFORMA_DE_DADOS_E_OWNER_DO_FATO","V2-036","CUTOVER-DB-01","INCLUDED_DATABASE_WIDE","DATABASE_PRINCIPAL_REVOKE_AUTHORITATIVE","ALLOWLISTED_PROCEDURES_WITHOUT_DIRECT_DML","INTERNAL_OR_NOT_A_CONSUMER_ROUTE","LOCAL_MAPPING_EXTERNAL_RATIFICATION_REQUIRED"
"procedure:002_criar_sp_carga_fato_gestao_vista_coletores:database/procedures/002_criar_sp_carga_fato_gestao_vista_coletores.sql","procedure","002_criar_sp_carga_fato_gestao_vista_coletores","database/procedures/002_criar_sp_carga_fato_gestao_vista_coletores.sql","materialização de fato + sweep acoplado","ARTIFACT:procedure:002_criar_sp_carga_fato_gestao_vista_coletores","NOT_AN_INVOCATION_SURFACE","SUBSTITUTE","procedure set-based V2 por fato; materialização e sweep separados","PLATAFORMA_DE_DADOS_E_OWNER_DO_FATO","V2-036","CUTOVER-DB-01","INCLUDED_DATABASE_WIDE","DATABASE_PRINCIPAL_REVOKE_AUTHORITATIVE","ALLOWLISTED_PROCEDURES_WITHOUT_DIRECT_DML","INTERNAL_OR_NOT_A_CONSUMER_ROUTE","LOCAL_MAPPING_EXTERNAL_RATIFICATION_REQUIRED"
"procedure:003_criar_sp_carga_fato_fretes_faturamento:database/procedures/003_criar_sp_carga_fato_fretes_faturamento.sql","procedure","003_criar_sp_carga_fato_fretes_faturamento","database/procedures/003_criar_sp_carga_fato_fretes_faturamento.sql","materialização de fato + sweep acoplado","ARTIFACT:procedure:003_criar_sp_carga_fato_fretes_faturamento","NOT_AN_INVOCATION_SURFACE","SUBSTITUTE","procedure set-based V2 por fato; materialização e sweep separados","PLATAFORMA_DE_DADOS_E_OWNER_DO_FATO","V2-036","CUTOVER-DB-01","INCLUDED_DATABASE_WIDE","DATABASE_PRINCIPAL_REVOKE_AUTHORITATIVE","ALLOWLISTED_PROCEDURES_WITHOUT_DIRECT_DML","INTERNAL_OR_NOT_A_CONSUMER_ROUTE","LOCAL_MAPPING_EXTERNAL_RATIFICATION_REQUIRED"
"procedure:004_criar_sp_carga_fato_gestao_vista_faturas:database/procedures/004_criar_sp_carga_fato_gestao_vista_faturas.sql","procedure","004_criar_sp_carga_fato_gestao_vista_faturas","database/procedures/004_criar_sp_carga_fato_gestao_vista_faturas.sql","materialização de fato + sweep acoplado","ARTIFACT:procedure:004_criar_sp_carga_fato_gestao_vista_faturas","NOT_AN_INVOCATION_SURFACE","SUBSTITUTE","procedure set-based V2 por fato; materialização e sweep separados","PLATAFORMA_DE_DADOS_E_OWNER_DO_FATO","V2-036","CUTOVER-DB-01","INCLUDED_DATABASE_WIDE","DATABASE_PRINCIPAL_REVOKE_AUTHORITATIVE","ALLOWLISTED_PROCEDURES_WITHOUT_DIRECT_DML","INTERNAL_OR_NOT_A_CONSUMER_ROUTE","LOCAL_MAPPING_EXTERNAL_RATIFICATION_REQUIRED"
"procedure:005_criar_sp_carga_fato_gestao_vista_manifestos:database/procedures/005_criar_sp_carga_fato_gestao_vista_manifestos.sql","procedure","005_criar_sp_carga_fato_gestao_vista_manifestos","database/procedures/005_criar_sp_carga_fato_gestao_vista_manifestos.sql","materialização de fato + sweep acoplado","ARTIFACT:procedure:005_criar_sp_carga_fato_gestao_vista_manifestos","NOT_AN_INVOCATION_SURFACE","SUBSTITUTE","procedure set-based V2 por fato; materialização e sweep separados","PLATAFORMA_DE_DADOS_E_OWNER_DO_FATO","V2-036","CUTOVER-DB-01","INCLUDED_DATABASE_WIDE","DATABASE_PRINCIPAL_REVOKE_AUTHORITATIVE","ALLOWLISTED_PROCEDURES_WITHOUT_DIRECT_DML","INTERNAL_OR_NOT_A_CONSUMER_ROUTE","LOCAL_MAPPING_EXTERNAL_RATIFICATION_REQUIRED"
"sql_auxiliary:001_init_auth_schema.sqlite:database/security_sqlite/001_init_auth_schema.sqlite.sql","sql_auxiliary","001_init_auth_schema.sqlite","database/security_sqlite/001_init_auth_schema.sqlite.sql","SQL auxiliar legado","ARTIFACT:sql_auxiliary:001_init_auth_schema.sqlite","NOT_AN_INVOCATION_SURFACE","RETIRE","identidade de serviço/RBAC no boundary real","PLATAFORMA_DE_DADOS_E_SEGURANCA","V2-042","CUTOVER-DB-01","EXCLUDED_RETIRED","DATABASE_PRINCIPAL_REVOKE_AUTHORITATIVE","NOT_APPLICABLE_RETIRED","NOT_APPLICABLE_RETIRED","LOCAL_EXCLUSION_MAPPED"
"sql_auxiliary:001_reprocessar_fato_manifestos_competencia_operacional:database/reprocessamento/001_reprocessar_fato_manifestos_competencia_operacional.sql","sql_auxiliary","001_reprocessar_fato_manifestos_competencia_operacional","database/reprocessamento/001_reprocessar_fato_manifestos_competencia_operacional.sql","SQL auxiliar legado","ARTIFACT:sql_auxiliary:001_reprocessar_fato_manifestos_competencia_operacional","NOT_AN_INVOCATION_SURFACE","SUBSTITUTE","comando governado com modo/janela explícitos","PLATAFORMA_DE_DADOS_E_SEGURANCA","V2-023/V2-036","CUTOVER-DB-01","INCLUDED_DATABASE_WIDE","DATABASE_PRINCIPAL_REVOKE_AUTHORITATIVE","GOVERNED_ENTRYPOINT_OR_RETIRED","INTERNAL_OR_NOT_A_CONSUMER_ROUTE","LOCAL_MAPPING_EXTERNAL_RATIFICATION_REQUIRED"
"sql_auxiliary:024_configurar_permissoes_usuario:database/seguranca/024_configurar_permissoes_usuario.sql","sql_auxiliary","024_configurar_permissoes_usuario","database/seguranca/024_configurar_permissoes_usuario.sql","SQL auxiliar legado","ARTIFACT:sql_auxiliary:024_configurar_permissoes_usuario","NOT_AN_INVOCATION_SURFACE","SUBSTITUTE","roles/grants Flyway + testes negativos","PLATAFORMA_DE_DADOS_E_SEGURANCA","V2-019/V2-038","CUTOVER-DB-01","INCLUDED_DATABASE_WIDE","DATABASE_PRINCIPAL_REVOKE_AUTHORITATIVE","GOVERNED_ENTRYPOINT_OR_RETIRED","INTERNAL_OR_NOT_A_CONSUMER_ROUTE","LOCAL_MAPPING_EXTERNAL_RATIFICATION_REQUIRED"
"table_script:001_criar_tabela_coletas:database/tabelas/001_criar_tabela_coletas.sql","table_script","001_criar_tabela_coletas","database/tabelas/001_criar_tabela_coletas.sql","criar_tabela_coletas","TABLE:coletas","NOT_AN_INVOCATION_SURFACE","SUBSTITUTE","core.coletas","PLATAFORMA_DE_DADOS_E_OWNER_DO_DOMINIO","V2-009a/V2-010","CUTOVER-DB-01","INCLUDED_DATABASE_WIDE","DATABASE_PRINCIPAL_REVOKE_AUTHORITATIVE","ALLOWLISTED_PROCEDURES_WITHOUT_DIRECT_DML","INTERNAL_OR_NOT_A_CONSUMER_ROUTE","LOCAL_MAPPING_EXTERNAL_RATIFICATION_REQUIRED"
"table_script:002_criar_tabela_fretes:database/tabelas/002_criar_tabela_fretes.sql","table_script","002_criar_tabela_fretes","database/tabelas/002_criar_tabela_fretes.sql","criar_tabela_fretes","TABLE:fretes","NOT_AN_INVOCATION_SURFACE","SUBSTITUTE","core.fretes","PLATAFORMA_DE_DADOS_E_OWNER_DO_DOMINIO","V2-009a/V2-011","CUTOVER-DB-01","INCLUDED_DATABASE_WIDE","DATABASE_PRINCIPAL_REVOKE_AUTHORITATIVE","ALLOWLISTED_PROCEDURES_WITHOUT_DIRECT_DML","INTERNAL_OR_NOT_A_CONSUMER_ROUTE","LOCAL_MAPPING_EXTERNAL_RATIFICATION_REQUIRED"
"table_script:003_criar_tabela_manifestos:database/tabelas/003_criar_tabela_manifestos.sql","table_script","003_criar_tabela_manifestos","database/tabelas/003_criar_tabela_manifestos.sql","criar_tabela_manifestos","TABLE:manifestos","NOT_AN_INVOCATION_SURFACE","SUBSTITUTE","core.manifestos + filhos","PLATAFORMA_DE_DADOS_E_OWNER_DO_DOMINIO","V2-009b/V2-026","CUTOVER-DB-01","INCLUDED_DATABASE_WIDE","DATABASE_PRINCIPAL_REVOKE_AUTHORITATIVE","ALLOWLISTED_PROCEDURES_WITHOUT_DIRECT_DML","INTERNAL_OR_NOT_A_CONSUMER_ROUTE","LOCAL_MAPPING_EXTERNAL_RATIFICATION_REQUIRED"
"table_script:004_criar_tabela_cotacoes:database/tabelas/004_criar_tabela_cotacoes.sql","table_script","004_criar_tabela_cotacoes","database/tabelas/004_criar_tabela_cotacoes.sql","criar_tabela_cotacoes","TABLE:cotacoes","NOT_AN_INVOCATION_SURFACE","SUBSTITUTE","core.cotacoes","PLATAFORMA_DE_DADOS_E_OWNER_DO_DOMINIO","V2-027","CUTOVER-DB-01","INCLUDED_DATABASE_WIDE","DATABASE_PRINCIPAL_REVOKE_AUTHORITATIVE","ALLOWLISTED_PROCEDURES_WITHOUT_DIRECT_DML","INTERNAL_OR_NOT_A_CONSUMER_ROUTE","LOCAL_MAPPING_EXTERNAL_RATIFICATION_REQUIRED"
"table_script:005_criar_tabela_localizacao_cargas:database/tabelas/005_criar_tabela_localizacao_cargas.sql","table_script","005_criar_tabela_localizacao_cargas","database/tabelas/005_criar_tabela_localizacao_cargas.sql","criar_tabela_localizacao_cargas","TABLE:localizacao_cargas","NOT_AN_INVOCATION_SURFACE","SUBSTITUTE","core.localizacao_cargas","PLATAFORMA_DE_DADOS_E_OWNER_DO_DOMINIO","V2-028","CUTOVER-DB-01","INCLUDED_DATABASE_WIDE","DATABASE_PRINCIPAL_REVOKE_AUTHORITATIVE","ALLOWLISTED_PROCEDURES_WITHOUT_DIRECT_DML","INTERNAL_OR_NOT_A_CONSUMER_ROUTE","LOCAL_MAPPING_EXTERNAL_RATIFICATION_REQUIRED"
"table_script:006_criar_tabela_contas_a_pagar:database/tabelas/006_criar_tabela_contas_a_pagar.sql","table_script","006_criar_tabela_contas_a_pagar","database/tabelas/006_criar_tabela_contas_a_pagar.sql","criar_tabela_contas_a_pagar","TABLE:contas_a_pagar","NOT_AN_INVOCATION_SURFACE","SUBSTITUTE","core.contas_a_pagar + filhos","PLATAFORMA_DE_DADOS_E_OWNER_DO_DOMINIO","V2-029","CUTOVER-DB-01","INCLUDED_DATABASE_WIDE","DATABASE_PRINCIPAL_REVOKE_AUTHORITATIVE","ALLOWLISTED_PROCEDURES_WITHOUT_DIRECT_DML","INTERNAL_OR_NOT_A_CONSUMER_ROUTE","LOCAL_MAPPING_EXTERNAL_RATIFICATION_REQUIRED"
"table_script:007_criar_tabela_faturas_por_cliente:database/tabelas/007_criar_tabela_faturas_por_cliente.sql","table_script","007_criar_tabela_faturas_por_cliente","database/tabelas/007_criar_tabela_faturas_por_cliente.sql","criar_tabela_faturas_por_cliente","TABLE:faturas_por_cliente","NOT_AN_INVOCATION_SURFACE","SUBSTITUTE","core.faturas_por_cliente + crosswalks","PLATAFORMA_DE_DADOS_E_OWNER_DO_DOMINIO","V2-030","CUTOVER-DB-01","INCLUDED_DATABASE_WIDE","DATABASE_PRINCIPAL_REVOKE_AUTHORITATIVE","ALLOWLISTED_PROCEDURES_WITHOUT_DIRECT_DML","INTERNAL_OR_NOT_A_CONSUMER_ROUTE","LOCAL_MAPPING_EXTERNAL_RATIFICATION_REQUIRED"
"table_script:008_criar_tabela_dim_calendario:database/tabelas/008_criar_tabela_dim_calendario.sql","table_script","008_criar_tabela_dim_calendario","database/tabelas/008_criar_tabela_dim_calendario.sql","criar_tabela_dim_calendario","TABLE:dim_calendario","NOT_AN_INVOCATION_SURFACE","PRESERVE","ref.calendario","PLATAFORMA_DE_DADOS_E_OWNER_DO_DOMINIO","V2-035a","CUTOVER-DB-01","INCLUDED_DATABASE_WIDE","DATABASE_PRINCIPAL_REVOKE_AUTHORITATIVE","ALLOWLISTED_PROCEDURES_WITHOUT_DIRECT_DML","INTERNAL_OR_NOT_A_CONSUMER_ROUTE","LOCAL_MAPPING_EXTERNAL_RATIFICATION_REQUIRED"
"table_script:009_criar_tabela_log_extracoes:database/tabelas/009_criar_tabela_log_extracoes.sql","table_script","009_criar_tabela_log_extracoes","database/tabelas/009_criar_tabela_log_extracoes.sql","criar_tabela_log_extracoes","TABLE:log_extracoes","NOT_AN_INVOCATION_SURFACE","CONSOLIDATE","ctl.execution","PLATAFORMA_DE_DADOS_E_OWNER_DO_DOMINIO","V2-020","CUTOVER-DB-01","INCLUDED_DATABASE_WIDE","DATABASE_PRINCIPAL_REVOKE_AUTHORITATIVE","ALLOWLISTED_PROCEDURES_WITHOUT_DIRECT_DML","INTERNAL_OR_NOT_A_CONSUMER_ROUTE","LOCAL_MAPPING_EXTERNAL_RATIFICATION_REQUIRED"
"table_script:010_criar_tabela_page_audit:database/tabelas/010_criar_tabela_page_audit.sql","table_script","010_criar_tabela_page_audit","database/tabelas/010_criar_tabela_page_audit.sql","criar_tabela_page_audit","TABLE:page_audit","NOT_AN_INVOCATION_SURFACE","CONSOLIDATE","ctl.page_audit","PLATAFORMA_DE_DADOS_E_OWNER_DO_DOMINIO","V2-020","CUTOVER-DB-01","INCLUDED_DATABASE_WIDE","DATABASE_PRINCIPAL_REVOKE_AUTHORITATIVE","ALLOWLISTED_PROCEDURES_WITHOUT_DIRECT_DML","INTERNAL_OR_NOT_A_CONSUMER_ROUTE","LOCAL_MAPPING_EXTERNAL_RATIFICATION_REQUIRED"
"table_script:011_criar_tabela_dim_usuarios:database/tabelas/011_criar_tabela_dim_usuarios.sql","table_script","011_criar_tabela_dim_usuarios","database/tabelas/011_criar_tabela_dim_usuarios.sql","criar_tabela_dim_usuarios","TABLE:dim_usuarios","NOT_AN_INVOCATION_SURFACE","SUBSTITUTE","core.usuario","PLATAFORMA_DE_DADOS_E_OWNER_DO_DOMINIO","V2-033/V2-035b","CUTOVER-DB-01","INCLUDED_DATABASE_WIDE","DATABASE_PRINCIPAL_REVOKE_AUTHORITATIVE","ALLOWLISTED_PROCEDURES_WITHOUT_DIRECT_DML","INTERNAL_OR_NOT_A_CONSUMER_ROUTE","LOCAL_MAPPING_EXTERNAL_RATIFICATION_REQUIRED"
"table_script:012_criar_tabela_sys_execution_history:database/tabelas/012_criar_tabela_sys_execution_history.sql","table_script","012_criar_tabela_sys_execution_history","database/tabelas/012_criar_tabela_sys_execution_history.sql","criar_tabela_sys_execution_history","TABLE:sys_execution_history","NOT_AN_INVOCATION_SURFACE","CONSOLIDATE","ctl.execution","PLATAFORMA_DE_DADOS_E_OWNER_DO_DOMINIO","V2-020","CUTOVER-DB-01","INCLUDED_DATABASE_WIDE","DATABASE_PRINCIPAL_REVOKE_AUTHORITATIVE","ALLOWLISTED_PROCEDURES_WITHOUT_DIRECT_DML","INTERNAL_OR_NOT_A_CONSUMER_ROUTE","LOCAL_MAPPING_EXTERNAL_RATIFICATION_REQUIRED"
"table_script:013_criar_tabela_sys_auditoria_temp:database/tabelas/013_criar_tabela_sys_auditoria_temp.sql","table_script","013_criar_tabela_sys_auditoria_temp","database/tabelas/013_criar_tabela_sys_auditoria_temp.sql","criar_tabela_sys_auditoria_temp","TABLE:sys_auditoria_temp","NOT_AN_INVOCATION_SURFACE","RETIRE","nenhum; temporário sem PK","PLATAFORMA_DE_DADOS_E_OWNER_DO_DOMINIO","V2-019","CUTOVER-DB-01","EXCLUDED_RETIRED","DATABASE_PRINCIPAL_REVOKE_AUTHORITATIVE","NOT_APPLICABLE_RETIRED","NOT_APPLICABLE_RETIRED","LOCAL_EXCLUSION_MAPPED"
"table_script:014_criar_tabela_sys_execution_audit:database/tabelas/014_criar_tabela_sys_execution_audit.sql","table_script","014_criar_tabela_sys_execution_audit","database/tabelas/014_criar_tabela_sys_execution_audit.sql","criar_tabela_sys_execution_audit","TABLE:sys_execution_audit","NOT_AN_INVOCATION_SURFACE","CONSOLIDATE","ctl.execution_event","PLATAFORMA_DE_DADOS_E_OWNER_DO_DOMINIO","V2-020","CUTOVER-DB-01","INCLUDED_DATABASE_WIDE","DATABASE_PRINCIPAL_REVOKE_AUTHORITATIVE","ALLOWLISTED_PROCEDURES_WITHOUT_DIRECT_DML","INTERNAL_OR_NOT_A_CONSUMER_ROUTE","LOCAL_MAPPING_EXTERNAL_RATIFICATION_REQUIRED"
"table_script:015_criar_tabela_sys_execution_watermark:database/tabelas/015_criar_tabela_sys_execution_watermark.sql","table_script","015_criar_tabela_sys_execution_watermark","database/tabelas/015_criar_tabela_sys_execution_watermark.sql","criar_tabela_sys_execution_watermark","TABLE:sys_execution_watermark","NOT_AN_INVOCATION_SURFACE","SUBSTITUTE","ctl.partition_ledger","PLATAFORMA_DE_DADOS_E_OWNER_DO_DOMINIO","V2-020","CUTOVER-DB-01","INCLUDED_DATABASE_WIDE","DATABASE_PRINCIPAL_REVOKE_AUTHORITATIVE","ALLOWLISTED_PROCEDURES_WITHOUT_DIRECT_DML","INTERNAL_OR_NOT_A_CONSUMER_ROUTE","LOCAL_MAPPING_EXTERNAL_RATIFICATION_REQUIRED"
"table_script:016_alter_tabela_dim_usuarios_estado:database/tabelas/016_alter_tabela_dim_usuarios_estado.sql","table_script","016_alter_tabela_dim_usuarios_estado","database/tabelas/016_alter_tabela_dim_usuarios_estado.sql","alter_tabela_dim_usuarios_estado","TABLE:dim_usuarios","NOT_AN_INVOCATION_SURFACE","CONSOLIDATE","core.usuario + core.usuario_history","PLATAFORMA_DE_DADOS_E_OWNER_DO_DOMINIO","V2-033","CUTOVER-DB-01","INCLUDED_DATABASE_WIDE","DATABASE_PRINCIPAL_REVOKE_AUTHORITATIVE","ALLOWLISTED_PROCEDURES_WITHOUT_DIRECT_DML","INTERNAL_OR_NOT_A_CONSUMER_ROUTE","LOCAL_MAPPING_EXTERNAL_RATIFICATION_REQUIRED"
"table_script:017_criar_tabela_dim_usuarios_historico:database/tabelas/017_criar_tabela_dim_usuarios_historico.sql","table_script","017_criar_tabela_dim_usuarios_historico","database/tabelas/017_criar_tabela_dim_usuarios_historico.sql","criar_tabela_dim_usuarios_historico","TABLE:dim_usuarios_historico","NOT_AN_INVOCATION_SURFACE","PRESERVE","core.usuario_history","PLATAFORMA_DE_DADOS_E_OWNER_DO_DOMINIO","V2-033","CUTOVER-DB-01","INCLUDED_DATABASE_WIDE","DATABASE_PRINCIPAL_REVOKE_AUTHORITATIVE","ALLOWLISTED_PROCEDURES_WITHOUT_DIRECT_DML","INTERNAL_OR_NOT_A_CONSUMER_ROUTE","LOCAL_MAPPING_EXTERNAL_RATIFICATION_REQUIRED"
"table_script:018_criar_tabela_schema_migrations:database/tabelas/018_criar_tabela_schema_migrations.sql","table_script","018_criar_tabela_schema_migrations","database/tabelas/018_criar_tabela_schema_migrations.sql","criar_tabela_schema_migrations","TABLE:schema_migrations","NOT_AN_INVOCATION_SURFACE","RETIRE","flyway_schema_history + fingerprint","PLATAFORMA_DE_DADOS_E_OWNER_DO_DOMINIO","V2-019","CUTOVER-DB-01","EXCLUDED_RETIRED","DATABASE_PRINCIPAL_REVOKE_AUTHORITATIVE","NOT_APPLICABLE_RETIRED","NOT_APPLICABLE_RETIRED","LOCAL_EXCLUSION_MAPPED"
"table_script:019_criar_tabela_etl_invalid_records:database/tabelas/019_criar_tabela_etl_invalid_records.sql","table_script","019_criar_tabela_etl_invalid_records","database/tabelas/019_criar_tabela_etl_invalid_records.sql","criar_tabela_etl_invalid_records","TABLE:etl_invalid_records","NOT_AN_INVOCATION_SURFACE","SUBSTITUTE","stg/recon.quarantine","PLATAFORMA_DE_DADOS_E_OWNER_DO_DOMINIO","V2-021","CUTOVER-DB-01","INCLUDED_DATABASE_WIDE","DATABASE_PRINCIPAL_REVOKE_AUTHORITATIVE","ALLOWLISTED_PROCEDURES_WITHOUT_DIRECT_DML","INTERNAL_OR_NOT_A_CONSUMER_ROUTE","LOCAL_MAPPING_EXTERNAL_RATIFICATION_REQUIRED"
"table_script:020_criar_tabela_inventario:database/tabelas/020_criar_tabela_inventario.sql","table_script","020_criar_tabela_inventario","database/tabelas/020_criar_tabela_inventario.sql","criar_tabela_inventario","TABLE:inventario","NOT_AN_INVOCATION_SURFACE","SUBSTITUTE","core.inventario + filhos","PLATAFORMA_DE_DADOS_E_OWNER_DO_DOMINIO","V2-031","CUTOVER-DB-01","INCLUDED_DATABASE_WIDE","DATABASE_PRINCIPAL_REVOKE_AUTHORITATIVE","ALLOWLISTED_PROCEDURES_WITHOUT_DIRECT_DML","INTERNAL_OR_NOT_A_CONSUMER_ROUTE","LOCAL_MAPPING_EXTERNAL_RATIFICATION_REQUIRED"
"table_script:021_criar_tabela_sinistros:database/tabelas/021_criar_tabela_sinistros.sql","table_script","021_criar_tabela_sinistros","database/tabelas/021_criar_tabela_sinistros.sql","criar_tabela_sinistros","TABLE:sinistros","NOT_AN_INVOCATION_SURFACE","SUBSTITUTE","core.sinistros + relações","PLATAFORMA_DE_DADOS_E_OWNER_DO_DOMINIO","V2-032","CUTOVER-DB-01","INCLUDED_DATABASE_WIDE","DATABASE_PRINCIPAL_REVOKE_AUTHORITATIVE","ALLOWLISTED_PROCEDURES_WITHOUT_DIRECT_DML","INTERNAL_OR_NOT_A_CONSUMER_ROUTE","LOCAL_MAPPING_EXTERNAL_RATIFICATION_REQUIRED"
"table_script:022_criar_tabela_sys_replay_idempotency:database/tabelas/022_criar_tabela_sys_replay_idempotency.sql","table_script","022_criar_tabela_sys_replay_idempotency","database/tabelas/022_criar_tabela_sys_replay_idempotency.sql","criar_tabela_sys_replay_idempotency","TABLE:sys_replay_idempotency","NOT_AN_INVOCATION_SURFACE","CONSOLIDATE","ctl.execution/idempotency","PLATAFORMA_DE_DADOS_E_OWNER_DO_DOMINIO","V2-020","CUTOVER-DB-01","INCLUDED_DATABASE_WIDE","DATABASE_PRINCIPAL_REVOKE_AUTHORITATIVE","ALLOWLISTED_PROCEDURES_WITHOUT_DIRECT_DML","INTERNAL_OR_NOT_A_CONSUMER_ROUTE","LOCAL_MAPPING_EXTERNAL_RATIFICATION_REQUIRED"
"table_script:023_criar_tabela_sys_reconciliation_quarantine:database/tabelas/023_criar_tabela_sys_reconciliation_quarantine.sql","table_script","023_criar_tabela_sys_reconciliation_quarantine","database/tabelas/023_criar_tabela_sys_reconciliation_quarantine.sql","criar_tabela_sys_reconciliation_quarantine","TABLE:sys_reconciliation_quarantine","NOT_AN_INVOCATION_SURFACE","SUBSTITUTE","recon.quarantine","PLATAFORMA_DE_DADOS_E_OWNER_DO_DOMINIO","V2-021","CUTOVER-DB-01","INCLUDED_DATABASE_WIDE","DATABASE_PRINCIPAL_REVOKE_AUTHORITATIVE","ALLOWLISTED_PROCEDURES_WITHOUT_DIRECT_DML","INTERNAL_OR_NOT_A_CONSUMER_ROUTE","LOCAL_MAPPING_EXTERNAL_RATIFICATION_REQUIRED"
"table_script:024_criar_tabela_raster_viagens:database/tabelas/024_criar_tabela_raster_viagens.sql","table_script","024_criar_tabela_raster_viagens","database/tabelas/024_criar_tabela_raster_viagens.sql","criar_tabela_raster_viagens","TABLE:raster_viagens","NOT_AN_INVOCATION_SURFACE","CONDITIONAL","core.raster_viagens","PLATAFORMA_DE_DADOS_E_OWNER_DO_DOMINIO","V2-034a/V2-034b","CUTOVER-DB-01","CONDITIONAL_DATABASE_WIDE","DATABASE_PRINCIPAL_REVOKE_AUTHORITATIVE","ALLOWLISTED_PROCEDURES_WITHOUT_DIRECT_DML","INTERNAL_OR_NOT_A_CONSUMER_ROUTE","LOCAL_MAPPING_EXTERNAL_RATIFICATION_REQUIRED"
"table_script:025_criar_tabela_raster_viagem_paradas:database/tabelas/025_criar_tabela_raster_viagem_paradas.sql","table_script","025_criar_tabela_raster_viagem_paradas","database/tabelas/025_criar_tabela_raster_viagem_paradas.sql","criar_tabela_raster_viagem_paradas","TABLE:raster_viagem_paradas","NOT_AN_INVOCATION_SURFACE","CONDITIONAL","core.raster_paradas","PLATAFORMA_DE_DADOS_E_OWNER_DO_DOMINIO","V2-034a/V2-034b","CUTOVER-DB-01","CONDITIONAL_DATABASE_WIDE","DATABASE_PRINCIPAL_REVOKE_AUTHORITATIVE","ALLOWLISTED_PROCEDURES_WITHOUT_DIRECT_DML","INTERNAL_OR_NOT_A_CONSUMER_ROUTE","LOCAL_MAPPING_EXTERNAL_RATIFICATION_REQUIRED"
"table_script:026_criar_tabela_localizacao_cargas_regiao_destino_alias:database/tabelas/026_criar_tabela_localizacao_cargas_regiao_destino_alias.sql","table_script","026_criar_tabela_localizacao_cargas_regiao_destino_alias","database/tabelas/026_criar_tabela_localizacao_cargas_regiao_destino_alias.sql","criar_tabela_localizacao_cargas_regiao_destino_alias","TABLE:localizacao_cargas_regiao_destino_alias","NOT_AN_INVOCATION_SURFACE","PRESERVE","ref.regiao_destino_alias","PLATAFORMA_DE_DADOS_E_OWNER_DO_DOMINIO","V2-035a","CUTOVER-DB-01","INCLUDED_DATABASE_WIDE","DATABASE_PRINCIPAL_REVOKE_AUTHORITATIVE","ALLOWLISTED_PROCEDURES_WITHOUT_DIRECT_DML","INTERNAL_OR_NOT_A_CONSUMER_ROUTE","LOCAL_MAPPING_EXTERNAL_RATIFICATION_REQUIRED"
"table_script:027_criar_tabela_manifestos_frota_propria_cnpjs:database/tabelas/027_criar_tabela_manifestos_frota_propria_cnpjs.sql","table_script","027_criar_tabela_manifestos_frota_propria_cnpjs","database/tabelas/027_criar_tabela_manifestos_frota_propria_cnpjs.sql","criar_tabela_manifestos_frota_propria_cnpjs","TABLE:manifestos_frota_propria_cnpjs","NOT_AN_INVOCATION_SURFACE","PRESERVE","ref.frota_propria_documento","PLATAFORMA_DE_DADOS_E_OWNER_DO_DOMINIO","V2-035a","CUTOVER-DB-01","INCLUDED_DATABASE_WIDE","DATABASE_PRINCIPAL_REVOKE_AUTHORITATIVE","ALLOWLISTED_PROCEDURES_WITHOUT_DIRECT_DML","INTERNAL_OR_NOT_A_CONSUMER_ROUTE","LOCAL_MAPPING_EXTERNAL_RATIFICATION_REQUIRED"
"table_script:028_criar_tabela_fato_gestao_vista_fretes:database/tabelas/028_criar_tabela_fato_gestao_vista_fretes.sql","table_script","028_criar_tabela_fato_gestao_vista_fretes","database/tabelas/028_criar_tabela_fato_gestao_vista_fretes.sql","criar_tabela_fato_gestao_vista_fretes","TABLE:fato_gestao_vista_fretes","NOT_AN_INVOCATION_SURFACE","PRESERVE","mart.fato_gestao_fretes","PLATAFORMA_DE_DADOS_E_OWNER_DO_DOMINIO","V2-036","CUTOVER-DB-01","INCLUDED_DATABASE_WIDE","DATABASE_PRINCIPAL_REVOKE_AUTHORITATIVE","ALLOWLISTED_PROCEDURES_WITHOUT_DIRECT_DML","INTERNAL_OR_NOT_A_CONSUMER_ROUTE","LOCAL_MAPPING_EXTERNAL_RATIFICATION_REQUIRED"
"table_script:029_criar_tabela_fato_gestao_vista_coletores:database/tabelas/029_criar_tabela_fato_gestao_vista_coletores.sql","table_script","029_criar_tabela_fato_gestao_vista_coletores","database/tabelas/029_criar_tabela_fato_gestao_vista_coletores.sql","criar_tabela_fato_gestao_vista_coletores","TABLE:fato_gestao_vista_coletores","NOT_AN_INVOCATION_SURFACE","PRESERVE","mart.fato_gestao_coletores","PLATAFORMA_DE_DADOS_E_OWNER_DO_DOMINIO","V2-036","CUTOVER-DB-01","INCLUDED_DATABASE_WIDE","DATABASE_PRINCIPAL_REVOKE_AUTHORITATIVE","ALLOWLISTED_PROCEDURES_WITHOUT_DIRECT_DML","INTERNAL_OR_NOT_A_CONSUMER_ROUTE","LOCAL_MAPPING_EXTERNAL_RATIFICATION_REQUIRED"
"table_script:030_criar_tabela_fato_fretes_faturamento:database/tabelas/030_criar_tabela_fato_fretes_faturamento.sql","table_script","030_criar_tabela_fato_fretes_faturamento","database/tabelas/030_criar_tabela_fato_fretes_faturamento.sql","criar_tabela_fato_fretes_faturamento","TABLE:fato_fretes_faturamento","NOT_AN_INVOCATION_SURFACE","PRESERVE","mart.fato_fretes_faturamento","PLATAFORMA_DE_DADOS_E_OWNER_DO_DOMINIO","V2-036","CUTOVER-DB-01","INCLUDED_DATABASE_WIDE","DATABASE_PRINCIPAL_REVOKE_AUTHORITATIVE","ALLOWLISTED_PROCEDURES_WITHOUT_DIRECT_DML","INTERNAL_OR_NOT_A_CONSUMER_ROUTE","LOCAL_MAPPING_EXTERNAL_RATIFICATION_REQUIRED"
"table_script:031_criar_tabela_fato_gestao_vista_faturas:database/tabelas/031_criar_tabela_fato_gestao_vista_faturas.sql","table_script","031_criar_tabela_fato_gestao_vista_faturas","database/tabelas/031_criar_tabela_fato_gestao_vista_faturas.sql","criar_tabela_fato_gestao_vista_faturas","TABLE:fato_gestao_vista_faturas","NOT_AN_INVOCATION_SURFACE","PRESERVE","mart.fato_gestao_faturas","PLATAFORMA_DE_DADOS_E_OWNER_DO_DOMINIO","V2-036","CUTOVER-DB-01","INCLUDED_DATABASE_WIDE","DATABASE_PRINCIPAL_REVOKE_AUTHORITATIVE","ALLOWLISTED_PROCEDURES_WITHOUT_DIRECT_DML","INTERNAL_OR_NOT_A_CONSUMER_ROUTE","LOCAL_MAPPING_EXTERNAL_RATIFICATION_REQUIRED"
"table_script:032_criar_tabela_fato_gestao_vista_manifestos:database/tabelas/032_criar_tabela_fato_gestao_vista_manifestos.sql","table_script","032_criar_tabela_fato_gestao_vista_manifestos","database/tabelas/032_criar_tabela_fato_gestao_vista_manifestos.sql","criar_tabela_fato_gestao_vista_manifestos","TABLE:fato_gestao_vista_manifestos","NOT_AN_INVOCATION_SURFACE","PRESERVE","mart.fato_gestao_manifestos","PLATAFORMA_DE_DADOS_E_OWNER_DO_DOMINIO","V2-036","CUTOVER-DB-01","INCLUDED_DATABASE_WIDE","DATABASE_PRINCIPAL_REVOKE_AUTHORITATIVE","ALLOWLISTED_PROCEDURES_WITHOUT_DIRECT_DML","INTERNAL_OR_NOT_A_CONSUMER_ROUTE","LOCAL_MAPPING_EXTERNAL_RATIFICATION_REQUIRED"
"table_script:033_criar_tabela_regras_atribuicao_filial:database/tabelas/033_criar_tabela_regras_atribuicao_filial.sql","table_script","033_criar_tabela_regras_atribuicao_filial","database/tabelas/033_criar_tabela_regras_atribuicao_filial.sql","criar_tabela_regras_atribuicao_filial","TABLE:regras_atribuicao_filial","NOT_AN_INVOCATION_SURFACE","PRESERVE","ref.atribuicao_filial","PLATAFORMA_DE_DADOS_E_OWNER_DO_DOMINIO","V2-035a","CUTOVER-DB-01","INCLUDED_DATABASE_WIDE","DATABASE_PRINCIPAL_REVOKE_AUTHORITATIVE","ALLOWLISTED_PROCEDURES_WITHOUT_DIRECT_DML","INTERNAL_OR_NOT_A_CONSUMER_ROUTE","LOCAL_MAPPING_EXTERNAL_RATIFICATION_REQUIRED"
"table_script:034_criar_tabela_dim_regiao_logistica_rules:database/tabelas/034_criar_tabela_dim_regiao_logistica_rules.sql","table_script","034_criar_tabela_dim_regiao_logistica_rules","database/tabelas/034_criar_tabela_dim_regiao_logistica_rules.sql","criar_tabela_dim_regiao_logistica_rules","TABLE:dim_regiao_logistica_rules","NOT_AN_INVOCATION_SURFACE","PRESERVE","ref.regiao_logistica_cep + ref.regiao_logistica_cidade_uf","PLATAFORMA_DE_DADOS_E_OWNER_DO_DOMINIO","V2-035a","CUTOVER-DB-01","INCLUDED_DATABASE_WIDE","DATABASE_PRINCIPAL_REVOKE_AUTHORITATIVE","ALLOWLISTED_PROCEDURES_WITHOUT_DIRECT_DML","INTERNAL_OR_NOT_A_CONSUMER_ROUTE","LOCAL_MAPPING_EXTERNAL_RATIFICATION_REQUIRED"
"table_script:035_criar_tabela_dim_status_coleta:database/tabelas/035_criar_tabela_dim_status_coleta.sql","table_script","035_criar_tabela_dim_status_coleta","database/tabelas/035_criar_tabela_dim_status_coleta.sql","criar_tabela_dim_status_coleta","TABLE:dim_status_coleta","NOT_AN_INVOCATION_SURFACE","PRESERVE","ref.status_coleta","PLATAFORMA_DE_DADOS_E_OWNER_DO_DOMINIO","V2-035a","CUTOVER-DB-01","INCLUDED_DATABASE_WIDE","DATABASE_PRINCIPAL_REVOKE_AUTHORITATIVE","ALLOWLISTED_PROCEDURES_WITHOUT_DIRECT_DML","INTERNAL_OR_NOT_A_CONSUMER_ROUTE","LOCAL_MAPPING_EXTERNAL_RATIFICATION_REQUIRED"
"view_etl:011_criar_view_faturas_por_cliente_powerbi:database/views/011_criar_view_faturas_por_cliente_powerbi.sql","view_etl","011_criar_view_faturas_por_cliente_powerbi","database/views/011_criar_view_faturas_por_cliente_powerbi.sql","contrato SQL/view","ARTIFACT:view_etl:011_criar_view_faturas_por_cliente_powerbi","NOT_AN_INVOCATION_SURFACE","PRESERVE","pub contrato a ratificar por consumidor","BI_OU_CONSUMIDOR_E_PLATAFORMA_DE_DADOS","V2-037","CUTOVER-DB-01","INCLUDED_DATABASE_WIDE","READ_ONLY_NO_WRITE_FENCE","READ_ONLY_PUB_GRANT_PENDING_V2_037","DATABASE_ENDPOINT_OR_ALIAS_UNPROVEN","LOCAL_MAPPING_EXTERNAL_RATIFICATION_REQUIRED"
"view_etl:012_criar_view_fretes_powerbi:database/views/012_criar_view_fretes_powerbi.sql","view_etl","012_criar_view_fretes_powerbi","database/views/012_criar_view_fretes_powerbi.sql","contrato SQL/view","ARTIFACT:view_etl:012_criar_view_fretes_powerbi","NOT_AN_INVOCATION_SURFACE","PRESERVE","pub contrato a ratificar por consumidor","BI_OU_CONSUMIDOR_E_PLATAFORMA_DE_DADOS","V2-037","CUTOVER-DB-01","INCLUDED_DATABASE_WIDE","READ_ONLY_NO_WRITE_FENCE","READ_ONLY_PUB_GRANT_PENDING_V2_037","DATABASE_ENDPOINT_OR_ALIAS_UNPROVEN","LOCAL_MAPPING_EXTERNAL_RATIFICATION_REQUIRED"
"view_etl:013_criar_view_coletas_powerbi:database/views/013_criar_view_coletas_powerbi.sql","view_etl","013_criar_view_coletas_powerbi","database/views/013_criar_view_coletas_powerbi.sql","contrato SQL/view","ARTIFACT:view_etl:013_criar_view_coletas_powerbi","NOT_AN_INVOCATION_SURFACE","PRESERVE","pub contrato a ratificar por consumidor","BI_OU_CONSUMIDOR_E_PLATAFORMA_DE_DADOS","V2-037","CUTOVER-DB-01","INCLUDED_DATABASE_WIDE","READ_ONLY_NO_WRITE_FENCE","READ_ONLY_PUB_GRANT_PENDING_V2_037","DATABASE_ENDPOINT_OR_ALIAS_UNPROVEN","LOCAL_MAPPING_EXTERNAL_RATIFICATION_REQUIRED"
"view_etl:014_criar_view_coletas_excluidas_origem:database/views/014_criar_view_coletas_excluidas_origem.sql","view_etl","014_criar_view_coletas_excluidas_origem","database/views/014_criar_view_coletas_excluidas_origem.sql","contrato SQL/view","ARTIFACT:view_etl:014_criar_view_coletas_excluidas_origem","NOT_AN_INVOCATION_SURFACE","PRESERVE","pub contrato a ratificar por consumidor","BI_OU_CONSUMIDOR_E_PLATAFORMA_DE_DADOS","V2-037","CUTOVER-DB-01","INCLUDED_DATABASE_WIDE","READ_ONLY_NO_WRITE_FENCE","READ_ONLY_PUB_GRANT_PENDING_V2_037","DATABASE_ENDPOINT_OR_ALIAS_UNPROVEN","LOCAL_MAPPING_EXTERNAL_RATIFICATION_REQUIRED"
"view_etl:015_criar_view_cotacoes_powerbi:database/views/015_criar_view_cotacoes_powerbi.sql","view_etl","015_criar_view_cotacoes_powerbi","database/views/015_criar_view_cotacoes_powerbi.sql","contrato SQL/view","ARTIFACT:view_etl:015_criar_view_cotacoes_powerbi","NOT_AN_INVOCATION_SURFACE","PRESERVE","pub contrato a ratificar por consumidor","BI_OU_CONSUMIDOR_E_PLATAFORMA_DE_DADOS","V2-037","CUTOVER-DB-01","INCLUDED_DATABASE_WIDE","READ_ONLY_NO_WRITE_FENCE","READ_ONLY_PUB_GRANT_PENDING_V2_037","DATABASE_ENDPOINT_OR_ALIAS_UNPROVEN","LOCAL_MAPPING_EXTERNAL_RATIFICATION_REQUIRED"
"view_etl:016_criar_view_contas_a_pagar_powerbi:database/views/016_criar_view_contas_a_pagar_powerbi.sql","view_etl","016_criar_view_contas_a_pagar_powerbi","database/views/016_criar_view_contas_a_pagar_powerbi.sql","contrato SQL/view","ARTIFACT:view_etl:016_criar_view_contas_a_pagar_powerbi","NOT_AN_INVOCATION_SURFACE","PRESERVE","pub contrato a ratificar por consumidor","BI_OU_CONSUMIDOR_E_PLATAFORMA_DE_DADOS","V2-037","CUTOVER-DB-01","INCLUDED_DATABASE_WIDE","READ_ONLY_NO_WRITE_FENCE","READ_ONLY_PUB_GRANT_PENDING_V2_037","DATABASE_ENDPOINT_OR_ALIAS_UNPROVEN","LOCAL_MAPPING_EXTERNAL_RATIFICATION_REQUIRED"
"view_etl:017_criar_view_localizacao_cargas_powerbi:database/views/017_criar_view_localizacao_cargas_powerbi.sql","view_etl","017_criar_view_localizacao_cargas_powerbi","database/views/017_criar_view_localizacao_cargas_powerbi.sql","contrato SQL/view","ARTIFACT:view_etl:017_criar_view_localizacao_cargas_powerbi","NOT_AN_INVOCATION_SURFACE","PRESERVE","pub contrato a ratificar por consumidor","BI_OU_CONSUMIDOR_E_PLATAFORMA_DE_DADOS","V2-037","CUTOVER-DB-01","INCLUDED_DATABASE_WIDE","READ_ONLY_NO_WRITE_FENCE","READ_ONLY_PUB_GRANT_PENDING_V2_037","DATABASE_ENDPOINT_OR_ALIAS_UNPROVEN","LOCAL_MAPPING_EXTERNAL_RATIFICATION_REQUIRED"
"view_etl:018_criar_view_manifestos_powerbi:database/views/018_criar_view_manifestos_powerbi.sql","view_etl","018_criar_view_manifestos_powerbi","database/views/018_criar_view_manifestos_powerbi.sql","contrato SQL/view","ARTIFACT:view_etl:018_criar_view_manifestos_powerbi","NOT_AN_INVOCATION_SURFACE","PRESERVE","pub contrato a ratificar por consumidor","BI_OU_CONSUMIDOR_E_PLATAFORMA_DE_DADOS","V2-037","CUTOVER-DB-01","INCLUDED_DATABASE_WIDE","READ_ONLY_NO_WRITE_FENCE","READ_ONLY_PUB_GRANT_PENDING_V2_037","DATABASE_ENDPOINT_OR_ALIAS_UNPROVEN","LOCAL_MAPPING_EXTERNAL_RATIFICATION_REQUIRED"
"view_etl:019_criar_view_bi_monitoramento:database/views/019_criar_view_bi_monitoramento.sql","view_etl","019_criar_view_bi_monitoramento","database/views/019_criar_view_bi_monitoramento.sql","contrato SQL/view","ARTIFACT:view_etl:019_criar_view_bi_monitoramento","NOT_AN_INVOCATION_SURFACE","CONSOLIDATE","ctl/recon; não público por default","BI_OU_CONSUMIDOR_E_PLATAFORMA_DE_DADOS","V2-020/V2-037","CUTOVER-DB-01","INCLUDED_DATABASE_WIDE","READ_ONLY_NO_WRITE_FENCE","READ_ONLY_INTERNAL_GRANT_PENDING_V2_037","INTERNAL_NOT_PUBLIC_BY_DEFAULT","LOCAL_MAPPING_EXTERNAL_RATIFICATION_REQUIRED"
"view_etl:019_criar_view_dim_filiais:database/views-dimensao/019_criar_view_dim_filiais.sql","view_etl","019_criar_view_dim_filiais","database/views-dimensao/019_criar_view_dim_filiais.sql","contrato SQL/view","ARTIFACT:view_etl:019_criar_view_dim_filiais","NOT_AN_INVOCATION_SURFACE","PRESERVE","pub contrato a ratificar por consumidor","BI_OU_CONSUMIDOR_E_PLATAFORMA_DE_DADOS","V2-037","CUTOVER-DB-01","INCLUDED_DATABASE_WIDE","READ_ONLY_NO_WRITE_FENCE","READ_ONLY_PUB_GRANT_PENDING_V2_037","DATABASE_ENDPOINT_OR_ALIAS_UNPROVEN","LOCAL_MAPPING_EXTERNAL_RATIFICATION_REQUIRED"
"view_etl:020_criar_view_dim_clientes:database/views-dimensao/020_criar_view_dim_clientes.sql","view_etl","020_criar_view_dim_clientes","database/views-dimensao/020_criar_view_dim_clientes.sql","contrato SQL/view","ARTIFACT:view_etl:020_criar_view_dim_clientes","NOT_AN_INVOCATION_SURFACE","PRESERVE","pub contrato a ratificar por consumidor","BI_OU_CONSUMIDOR_E_PLATAFORMA_DE_DADOS","V2-037","CUTOVER-DB-01","INCLUDED_DATABASE_WIDE","READ_ONLY_NO_WRITE_FENCE","READ_ONLY_PUB_GRANT_PENDING_V2_037","DATABASE_ENDPOINT_OR_ALIAS_UNPROVEN","LOCAL_MAPPING_EXTERNAL_RATIFICATION_REQUIRED"
"view_etl:020_criar_view_inventario_powerbi:database/views/020_criar_view_inventario_powerbi.sql","view_etl","020_criar_view_inventario_powerbi","database/views/020_criar_view_inventario_powerbi.sql","contrato SQL/view","ARTIFACT:view_etl:020_criar_view_inventario_powerbi","NOT_AN_INVOCATION_SURFACE","PRESERVE","pub contrato a ratificar por consumidor","BI_OU_CONSUMIDOR_E_PLATAFORMA_DE_DADOS","V2-037","CUTOVER-DB-01","INCLUDED_DATABASE_WIDE","READ_ONLY_NO_WRITE_FENCE","READ_ONLY_PUB_GRANT_PENDING_V2_037","DATABASE_ENDPOINT_OR_ALIAS_UNPROVEN","LOCAL_MAPPING_EXTERNAL_RATIFICATION_REQUIRED"
"view_etl:021_criar_view_dim_veiculos:database/views-dimensao/021_criar_view_dim_veiculos.sql","view_etl","021_criar_view_dim_veiculos","database/views-dimensao/021_criar_view_dim_veiculos.sql","contrato SQL/view","ARTIFACT:view_etl:021_criar_view_dim_veiculos","NOT_AN_INVOCATION_SURFACE","PRESERVE","pub contrato a ratificar por consumidor","BI_OU_CONSUMIDOR_E_PLATAFORMA_DE_DADOS","V2-037","CUTOVER-DB-01","INCLUDED_DATABASE_WIDE","READ_ONLY_NO_WRITE_FENCE","READ_ONLY_PUB_GRANT_PENDING_V2_037","DATABASE_ENDPOINT_OR_ALIAS_UNPROVEN","LOCAL_MAPPING_EXTERNAL_RATIFICATION_REQUIRED"
"view_etl:021_criar_view_sinistros_powerbi:database/views/021_criar_view_sinistros_powerbi.sql","view_etl","021_criar_view_sinistros_powerbi","database/views/021_criar_view_sinistros_powerbi.sql","contrato SQL/view","ARTIFACT:view_etl:021_criar_view_sinistros_powerbi","NOT_AN_INVOCATION_SURFACE","PRESERVE","pub contrato a ratificar por consumidor","BI_OU_CONSUMIDOR_E_PLATAFORMA_DE_DADOS","V2-037","CUTOVER-DB-01","INCLUDED_DATABASE_WIDE","READ_ONLY_NO_WRITE_FENCE","READ_ONLY_PUB_GRANT_PENDING_V2_037","DATABASE_ENDPOINT_OR_ALIAS_UNPROVEN","LOCAL_MAPPING_EXTERNAL_RATIFICATION_REQUIRED"
"view_etl:022_criar_view_dim_motoristas:database/views-dimensao/022_criar_view_dim_motoristas.sql","view_etl","022_criar_view_dim_motoristas","database/views-dimensao/022_criar_view_dim_motoristas.sql","contrato SQL/view","ARTIFACT:view_etl:022_criar_view_dim_motoristas","NOT_AN_INVOCATION_SURFACE","PRESERVE","pub contrato a ratificar por consumidor","BI_OU_CONSUMIDOR_E_PLATAFORMA_DE_DADOS","V2-037","CUTOVER-DB-01","INCLUDED_DATABASE_WIDE","READ_ONLY_NO_WRITE_FENCE","READ_ONLY_PUB_GRANT_PENDING_V2_037","DATABASE_ENDPOINT_OR_ALIAS_UNPROVEN","LOCAL_MAPPING_EXTERNAL_RATIFICATION_REQUIRED"
"view_etl:022_criar_view_raster_sm_transit_time:database/views/022_criar_view_raster_sm_transit_time.sql","view_etl","022_criar_view_raster_sm_transit_time","database/views/022_criar_view_raster_sm_transit_time.sql","contrato SQL/view","ARTIFACT:view_etl:022_criar_view_raster_sm_transit_time","NOT_AN_INVOCATION_SURFACE","CONDITIONAL","pub.vw_raster_sm_transit_time","BI_OU_CONSUMIDOR_E_PLATAFORMA_DE_DADOS","V2-034a/V2-034b/V2-037","CUTOVER-DB-01","CONDITIONAL_DATABASE_WIDE","READ_ONLY_NO_WRITE_FENCE","READ_ONLY_PUB_GRANT_PENDING_V2_037","DATABASE_ENDPOINT_OR_ALIAS_UNPROVEN","LOCAL_MAPPING_EXTERNAL_RATIFICATION_REQUIRED"
"view_etl:023_criar_view_dim_planocontas:database/views-dimensao/023_criar_view_dim_planocontas.sql","view_etl","023_criar_view_dim_planocontas","database/views-dimensao/023_criar_view_dim_planocontas.sql","contrato SQL/view","ARTIFACT:view_etl:023_criar_view_dim_planocontas","NOT_AN_INVOCATION_SURFACE","PRESERVE","pub contrato a ratificar por consumidor","BI_OU_CONSUMIDOR_E_PLATAFORMA_DE_DADOS","V2-037","CUTOVER-DB-01","INCLUDED_DATABASE_WIDE","READ_ONLY_NO_WRITE_FENCE","READ_ONLY_PUB_GRANT_PENDING_V2_037","DATABASE_ENDPOINT_OR_ALIAS_UNPROVEN","LOCAL_MAPPING_EXTERNAL_RATIFICATION_REQUIRED"
"view_etl:024_criar_view_dim_usuarios:database/views-dimensao/024_criar_view_dim_usuarios.sql","view_etl","024_criar_view_dim_usuarios","database/views-dimensao/024_criar_view_dim_usuarios.sql","contrato SQL/view","ARTIFACT:view_etl:024_criar_view_dim_usuarios","NOT_AN_INVOCATION_SURFACE","PRESERVE","pub contrato a ratificar por consumidor","BI_OU_CONSUMIDOR_E_PLATAFORMA_DE_DADOS","V2-037","CUTOVER-DB-01","INCLUDED_DATABASE_WIDE","READ_ONLY_NO_WRITE_FENCE","READ_ONLY_PUB_GRANT_PENDING_V2_037","DATABASE_ENDPOINT_OR_ALIAS_UNPROVEN","LOCAL_MAPPING_EXTERNAL_RATIFICATION_REQUIRED"
"view_etl:025_criar_view_fato_manifestos_dash:database/views/025_criar_view_fato_manifestos_dash.sql","view_etl","025_criar_view_fato_manifestos_dash","database/views/025_criar_view_fato_manifestos_dash.sql","contrato SQL/view","ARTIFACT:view_etl:025_criar_view_fato_manifestos_dash","NOT_AN_INVOCATION_SURFACE","PRESERVE","pub contrato a ratificar por consumidor","BI_OU_CONSUMIDOR_E_PLATAFORMA_DE_DADOS","V2-037","CUTOVER-DB-01","INCLUDED_DATABASE_WIDE","READ_ONLY_NO_WRITE_FENCE","READ_ONLY_PUB_GRANT_PENDING_V2_037","DATABASE_ENDPOINT_OR_ALIAS_UNPROVEN","LOCAL_MAPPING_EXTERNAL_RATIFICATION_REQUIRED"
"view_wrapper:023_publicar_wrappers_dashboard_dev_explicitos:database/views/023_publicar_wrappers_dashboard_dev_explicitos.sql","view_wrapper","023_publicar_wrappers_dashboard_dev_explicitos","database/views/023_publicar_wrappers_dashboard_dev_explicitos.sql","contrato SQL/view","ARTIFACT:view_wrapper:023_publicar_wrappers_dashboard_dev_explicitos","NOT_AN_INVOCATION_SURFACE","RETIRE","endpoint/alias externo, sem DDL cross-database","BI_OU_CONSUMIDOR_E_PLATAFORMA_DE_DADOS","V2-037/V2-048a","CUTOVER-DB-01","FORBIDDEN_CROSS_DATABASE","FORBIDDEN","FORBIDDEN","FORBIDDEN","LOCAL_EXCLUSION_MAPPED"
"view_wrapper:024_publicar_wrappers_dashboard_prod_explicitos:database/views/024_publicar_wrappers_dashboard_prod_explicitos.sql","view_wrapper","024_publicar_wrappers_dashboard_prod_explicitos","database/views/024_publicar_wrappers_dashboard_prod_explicitos.sql","contrato SQL/view","ARTIFACT:view_wrapper:024_publicar_wrappers_dashboard_prod_explicitos","NOT_AN_INVOCATION_SURFACE","RETIRE","endpoint/alias externo, sem DDL cross-database","BI_OU_CONSUMIDOR_E_PLATAFORMA_DE_DADOS","V2-037/V2-048a","CUTOVER-DB-01","FORBIDDEN_CROSS_DATABASE","FORBIDDEN","FORBIDDEN","FORBIDDEN","LOCAL_EXCLUSION_MAPPED"
"windows_alias:root:00-PRODUCAO_START.bat:00-PRODUCAO_START.bat","windows_alias","root:00-PRODUCAO_START.bat","00-PRODUCAO_START.bat","forwarder para scripts/windows","ARTIFACT:windows_alias:root:00-PRODUCAO_START.bat","WRITE_OR_CONTROL_CAPABLE","RETIRE","nenhum","OPERACOES_E_PLATAFORMA","V2-022","CUTOVER-DB-01","EXCLUDED_RETIRED","PROCESS_FREEZE_PLUS_DATABASE_PRINCIPAL_REVOKE","NOT_APPLICABLE_RETIRED","NOT_APPLICABLE_RETIRED","LOCAL_EXCLUSION_MAPPED"
"windows_alias:root:limpar_logs.bat:limpar_logs.bat","windows_alias","root:limpar_logs.bat","limpar_logs.bat","forwarder para scripts/windows","ARTIFACT:windows_alias:root:limpar_logs.bat","WRITE_OR_CONTROL_CAPABLE","RETIRE","nenhum","OPERACOES_E_PLATAFORMA","V2-022","CUTOVER-DB-01","EXCLUDED_RETIRED","PROCESS_FREEZE_PLUS_DATABASE_PRINCIPAL_REVOKE","NOT_APPLICABLE_RETIRED","NOT_APPLICABLE_RETIRED","LOCAL_EXCLUSION_MAPPED"
"windows_script:00-PRODUCAO_START.bat:scripts/windows/00-PRODUCAO_START.bat","windows_script","00-PRODUCAO_START.bat","scripts/windows/00-PRODUCAO_START.bat","launcher/job legado","ARTIFACT:windows_script:00-PRODUCAO_START.bat","WRITE_OR_CONTROL_CAPABLE","RETIRE","menu monolítico removido","OPERACOES_E_PLATAFORMA","V2-018/V2-022/V2-023/V2-045","CUTOVER-DB-01","EXCLUDED_RETIRED","PROCESS_FREEZE_PLUS_DATABASE_PRINCIPAL_REVOKE","NOT_APPLICABLE_RETIRED","NOT_APPLICABLE_RETIRED","LOCAL_EXCLUSION_MAPPED"
"windows_script:01-executar_extracao_completa.bat:scripts/windows/01-executar_extracao_completa.bat","windows_script","01-executar_extracao_completa.bat","scripts/windows/01-executar_extracao_completa.bat","launcher/job legado","ARTIFACT:windows_script:01-executar_extracao_completa.bat","WRITE_OR_CONTROL_CAPABLE","SUBSTITUTE","launcher fino opcional para one-shot","OPERACOES_E_PLATAFORMA","V2-018/V2-022/V2-023/V2-045","CUTOVER-DB-01","INCLUDED_DATABASE_WIDE","PROCESS_FREEZE_PLUS_DATABASE_PRINCIPAL_REVOKE","EXTERNAL_SCHEDULER_WITHOUT_DATABASE_PRIVILEGE","INTERNAL_OR_NOT_A_CONSUMER_ROUTE","LOCAL_MAPPING_EXTERNAL_RATIFICATION_REQUIRED"
"windows_script:02-testar_api_especifica.bat:scripts/windows/02-testar_api_especifica.bat","windows_script","02-testar_api_especifica.bat","scripts/windows/02-testar_api_especifica.bat","launcher/job legado","ARTIFACT:windows_script:02-testar_api_especifica.bat","NO_DOMAIN_WRITE_CLAIM_PENDING_EXTERNAL_INVENTORY","CONDITIONAL","ferramenta administrativa read-only","OPERACOES_E_PLATAFORMA","V2-018/V2-022/V2-023/V2-045","CUTOVER-DB-01","CONDITIONAL_DATABASE_WIDE","FREEZE_UNLESS_NO_WRITE_IS_POSITIVELY_PROVEN","EXTERNAL_SCHEDULER_WITHOUT_DATABASE_PRIVILEGE","INTERNAL_OR_NOT_A_CONSUMER_ROUTE","LOCAL_MAPPING_EXTERNAL_RATIFICATION_REQUIRED"
"windows_script:03-validar_config.bat:scripts/windows/03-validar_config.bat","windows_script","03-validar_config.bat","scripts/windows/03-validar_config.bat","launcher/job legado","ARTIFACT:windows_script:03-validar_config.bat","NO_DOMAIN_WRITE_CLAIM_PENDING_EXTERNAL_INVENTORY","SUBSTITUTE","config validate/preflight tipado","OPERACOES_E_PLATAFORMA","V2-018/V2-022/V2-023/V2-045","CUTOVER-DB-01","INCLUDED_DATABASE_WIDE","FREEZE_UNLESS_NO_WRITE_IS_POSITIVELY_PROVEN","EXTERNAL_SCHEDULER_WITHOUT_DATABASE_PRIVILEGE","INTERNAL_OR_NOT_A_CONSUMER_ROUTE","LOCAL_MAPPING_EXTERNAL_RATIFICATION_REQUIRED"
"windows_script:04-extracao_por_intervalo.bat:scripts/windows/04-extracao_por_intervalo.bat","windows_script","04-extracao_por_intervalo.bat","scripts/windows/04-extracao_por_intervalo.bat","launcher/job legado","ARTIFACT:windows_script:04-extracao_por_intervalo.bat","WRITE_OR_CONTROL_CAPABLE","SUBSTITUTE","run/backfill tipado","OPERACOES_E_PLATAFORMA","V2-018/V2-022/V2-023/V2-045","CUTOVER-DB-01","INCLUDED_DATABASE_WIDE","PROCESS_FREEZE_PLUS_DATABASE_PRINCIPAL_REVOKE","EXTERNAL_SCHEDULER_WITHOUT_DATABASE_PRIVILEGE","INTERNAL_OR_NOT_A_CONSUMER_ROUTE","LOCAL_MAPPING_EXTERNAL_RATIFICATION_REQUIRED"
"windows_script:05-loop_extracao_30min.bat:scripts/windows/05-loop_extracao_30min.bat","windows_script","05-loop_extracao_30min.bat","scripts/windows/05-loop_extracao_30min.bat","launcher/job legado","ARTIFACT:windows_script:05-loop_extracao_30min.bat","WRITE_OR_CONTROL_CAPABLE","RETIRE","scheduler externo + lease SQL","OPERACOES_E_PLATAFORMA","V2-018/V2-022/V2-023/V2-045","CUTOVER-DB-01","EXCLUDED_RETIRED","PROCESS_FREEZE_PLUS_DATABASE_PRINCIPAL_REVOKE","NOT_APPLICABLE_RETIRED","NOT_APPLICABLE_RETIRED","LOCAL_EXCLUSION_MAPPED"
"windows_script:06-relatorio-completo-validacao.bat:scripts/windows/06-relatorio-completo-validacao.bat","windows_script","06-relatorio-completo-validacao.bat","scripts/windows/06-relatorio-completo-validacao.bat","launcher/job legado","ARTIFACT:windows_script:06-relatorio-completo-validacao.bat","NO_DOMAIN_WRITE_CLAIM_PENDING_EXTERNAL_INVENTORY","CONSOLIDATE","gates/harness V2","OPERACOES_E_PLATAFORMA","V2-018/V2-022/V2-023/V2-045","CUTOVER-DB-01","INCLUDED_DATABASE_WIDE","FREEZE_UNLESS_NO_WRITE_IS_POSITIVELY_PROVEN","EXTERNAL_SCHEDULER_WITHOUT_DATABASE_PRIVILEGE","INTERNAL_OR_NOT_A_CONSUMER_ROUTE","LOCAL_MAPPING_EXTERNAL_RATIFICATION_REQUIRED"
"windows_script:07-exportar_csv.bat:scripts/windows/07-exportar_csv.bat","windows_script","07-exportar_csv.bat","scripts/windows/07-exportar_csv.bat","launcher/job legado","ARTIFACT:windows_script:07-exportar_csv.bat","NO_DOMAIN_WRITE_CLAIM_PENDING_EXTERNAL_INVENTORY","CONDITIONAL","ferramenta administrativa protegida","OPERACOES_E_PLATAFORMA","V2-018/V2-022/V2-023/V2-045","CUTOVER-DB-01","CONDITIONAL_DATABASE_WIDE","FREEZE_UNLESS_NO_WRITE_IS_POSITIVELY_PROVEN","EXTERNAL_SCHEDULER_WITHOUT_DATABASE_PRIVILEGE","INTERNAL_OR_NOT_A_CONSUMER_ROUTE","LOCAL_MAPPING_EXTERNAL_RATIFICATION_REQUIRED"
"windows_script:08-auditar_api.bat:scripts/windows/08-auditar_api.bat","windows_script","08-auditar_api.bat","scripts/windows/08-auditar_api.bat","launcher/job legado","ARTIFACT:windows_script:08-auditar_api.bat","NO_DOMAIN_WRITE_CLAIM_PENDING_EXTERNAL_INVENTORY","CONDITIONAL","probe de contrato separado","OPERACOES_E_PLATAFORMA","V2-018/V2-022/V2-023/V2-045","CUTOVER-DB-01","CONDITIONAL_DATABASE_WIDE","FREEZE_UNLESS_NO_WRITE_IS_POSITIVELY_PROVEN","EXTERNAL_SCHEDULER_WITHOUT_DATABASE_PRIVILEGE","INTERNAL_OR_NOT_A_CONSUMER_ROUTE","LOCAL_MAPPING_EXTERNAL_RATIFICATION_REQUIRED"
"windows_script:09-gerenciar_usuarios.bat:scripts/windows/09-gerenciar_usuarios.bat","windows_script","09-gerenciar_usuarios.bat","scripts/windows/09-gerenciar_usuarios.bat","launcher/job legado","ARTIFACT:windows_script:09-gerenciar_usuarios.bat","WRITE_OR_CONTROL_CAPABLE","RETIRE","identidade/RBAC no boundary real","OPERACOES_E_PLATAFORMA","V2-018/V2-022/V2-023/V2-045","CUTOVER-DB-01","EXCLUDED_RETIRED","PROCESS_FREEZE_PLUS_DATABASE_PRINCIPAL_REVOKE","NOT_APPLICABLE_RETIRED","NOT_APPLICABLE_RETIRED","LOCAL_EXCLUSION_MAPPED"
"windows_script:10-expurgo-orfaos-noturno.ps1:scripts/windows/10-expurgo-orfaos-noturno.ps1","windows_script","10-expurgo-orfaos-noturno.ps1","scripts/windows/10-expurgo-orfaos-noturno.ps1","launcher/job legado","ARTIFACT:windows_script:10-expurgo-orfaos-noturno.ps1","WRITE_OR_CONTROL_CAPABLE","SUBSTITUTE","sweep one-shot agendado externamente","OPERACOES_E_PLATAFORMA","V2-018/V2-022/V2-023/V2-045","CUTOVER-DB-01","INCLUDED_DATABASE_WIDE","PROCESS_FREEZE_PLUS_DATABASE_PRINCIPAL_REVOKE","EXTERNAL_SCHEDULER_WITHOUT_DATABASE_PRIVILEGE","INTERNAL_OR_NOT_A_CONSUMER_ROUTE","LOCAL_MAPPING_EXTERNAL_RATIFICATION_REQUIRED"
"windows_script:11-retrofit.bat:scripts/windows/11-retrofit.bat","windows_script","11-retrofit.bat","scripts/windows/11-retrofit.bat","launcher/job legado","ARTIFACT:windows_script:11-retrofit.bat","WRITE_OR_CONTROL_CAPABLE","CONSOLIDATE","bootstrap/backfill/replay tipado","OPERACOES_E_PLATAFORMA","V2-018/V2-022/V2-023/V2-045","CUTOVER-DB-01","INCLUDED_DATABASE_WIDE","PROCESS_FREEZE_PLUS_DATABASE_PRINCIPAL_REVOKE","EXTERNAL_SCHEDULER_WITHOUT_DATABASE_PRIVILEGE","INTERNAL_OR_NOT_A_CONSUMER_ROUTE","LOCAL_MAPPING_EXTERNAL_RATIFICATION_REQUIRED"
"windows_script:15-fechamento-mensal.ps1:scripts/windows/15-fechamento-mensal.ps1","windows_script","15-fechamento-mensal.ps1","scripts/windows/15-fechamento-mensal.ps1","launcher/job legado","ARTIFACT:windows_script:15-fechamento-mensal.ps1","WRITE_OR_CONTROL_CAPABLE","SUBSTITUTE","fechamento one-shot com mês explícito","OPERACOES_E_PLATAFORMA","V2-018/V2-022/V2-023/V2-045","CUTOVER-DB-01","INCLUDED_DATABASE_WIDE","PROCESS_FREEZE_PLUS_DATABASE_PRINCIPAL_REVOKE","EXTERNAL_SCHEDULER_WITHOUT_DATABASE_PRIVILEGE","INTERNAL_OR_NOT_A_CONSUMER_ROUTE","LOCAL_MAPPING_EXTERNAL_RATIFICATION_REQUIRED"
"windows_script:limpar_logs.bat:scripts/windows/limpar_logs.bat","windows_script","limpar_logs.bat","scripts/windows/limpar_logs.bat","launcher/job legado","ARTIFACT:windows_script:limpar_logs.bat","WRITE_OR_CONTROL_CAPABLE","RETIRE","lifecycle/retention governados","OPERACOES_E_PLATAFORMA","V2-018/V2-022/V2-023/V2-045","CUTOVER-DB-01","EXCLUDED_RETIRED","PROCESS_FREEZE_PLUS_DATABASE_PRINCIPAL_REVOKE","NOT_APPLICABLE_RETIRED","NOT_APPLICABLE_RETIRED","LOCAL_EXCLUSION_MAPPED"
"windows_script:verificar_execucao_ativa.ps1:scripts/windows/verificar_execucao_ativa.ps1","windows_script","verificar_execucao_ativa.ps1","scripts/windows/verificar_execucao_ativa.ps1","launcher/job legado","ARTIFACT:windows_script:verificar_execucao_ativa.ps1","NO_DOMAIN_WRITE_CLAIM_PENDING_EXTERNAL_INVENTORY","SUBSTITUTE","status/lease/heartbeat no ctl","OPERACOES_E_PLATAFORMA","V2-018/V2-022/V2-023/V2-045","CUTOVER-DB-01","INCLUDED_DATABASE_WIDE","FREEZE_UNLESS_NO_WRITE_IS_POSITIVELY_PROVEN","EXTERNAL_SCHEDULER_WITHOUT_DATABASE_PRIVILEGE","INTERNAL_OR_NOT_A_CONSUMER_ROUTE","LOCAL_MAPPING_EXTERNAL_RATIFICATION_REQUIRED"
