rule_id,dimension,topic,local_source,evidence_role,supports,does_not_support,counterexample_fixture,expected_disposition,test,decision_status
"FM-SHARED-001","BOTH","PRESENCE","docs/catalogos/manifestos-v2-026/decisao-v03.json","SUPPORT","ABSENT_NULL_VALUE_PRESERVED_PER_MANIFEST_OBSERVATION","DIMENSIONAL_IDENTITY_OR_CURRENT_STATE","PRESENCE_TRI_STATE","PRESERVE_OBSERVATION_ONLY","ASSERT_EXACT_TRI_STATE_VOCABULARY","BLOCKED"
"FM-SHARED-002","BOTH","UNICODE","src/main/java/br/com/esl/etl/v2/modulos/manifestos/aplicacao/ManifestoDataExportRecordMapper.java","SUPPORT","UNPAIRED_SURROGATE_IS_REJECTED_WITHOUT_TRUNCATION","UNICODE_NORMALIZATION_FOR_DIMENSIONAL_IDENTITY","INVALID_UNICODE","QUARANTINE_OBSERVATION","ASSERT_UTF16_GUARD_ANCHOR","BLOCKED"
"FM-SHARED-003","BOTH","TEXT_LIMITS","src/main/java/br/com/esl/etl/v2/modulos/manifestos/domain/ManifestoTextField.java","SUPPORT","LOCAL_UTF16_LIMITS_FOR_PRESERVED_MANIFEST_FIELDS","PROVIDER_MASTER_DATA_LIMITS","UTF16_OVERFLOW","QUARANTINE_OBSERVATION","ASSERT_FIELD_LIMIT_ANCHORS","BLOCKED"
"FM-SHARED-004","BOTH","RELATIONSHIP","docs/adr/0024-manifestos-6399-identidade-presenca-frescor-reducers.md","BOUNDARY","COOCCURRENCE_IS_NOT_RELATION_PROOF","VEHICLE_TO_DRIVER_CARDINALITY_OR_VALIDITY","COOCCURRENCE_NO_RELATION","NO_RELATION_MATERIALIZATION","ASSERT_NO_JOIN_FK_OR_RELATION","BLOCKED"
"FM-VEH-001","VEICULOS","SOURCE_KEY","docs/catalogos/contratos-esl-6399/manifesto.json","BOUNDARY","PLATE_TEXT_PATH_EXISTS_ON_MANIFEST_OBSERVATION","STABLE_PROVIDER_VEHICLE_IDENTIFIER","VEHICLE_PLATE_NO_SOURCE_ID","BLOCK_DIMENSIONAL_PROMOTION","ASSERT_NO_VEHICLE_ID_PATH","BLOCKED"
"FM-VEH-002","VEICULOS","BUSINESS_KEY","../etl-extracao-dados/database/views-dimensao/021_criar_view_dim_veiculos.sql","COUNTEREVIDENCE","LEGACY_USED_TRIM_UPPER_PLATE_PLUS_BRANCH","UNIQUENESS_STABILITY_OR_COLLISION_SAFETY","VEHICLE_NORMALIZATION_COLLISION","BLOCK_DIMENSIONAL_PROMOTION","ASSERT_LEGACY_NORMALIZER_IS_NOT_ACCEPTED_KEY","BLOCKED"
"FM-VEH-003","VEICULOS","PLATE_VALIDATION","src/test/java/br/com/esl/etl/v2/modulos/manifestos/aplicacao/ManifestoDataExportRecordMapperTest.java","COUNTEREVIDENCE","MAPPER_ACCEPTS_TEXT_BY_TYPE_UNICODE_AND_LENGTH_ONLY","APPROVED_PLATE_LEXICON_OR_ENTITY_IDENTITY","VEHICLE_LEXICAL_FORMAT_UNPROVEN","PRESERVE_OBSERVATION_ONLY","ASSERT_NO_PLATE_PATTERN_IN_MAPPER","BLOCKED"
"FM-VEH-004","VEICULOS","REKEY","../etl-extracao-dados/docs/relatorio-bi-dashboards-logistica.md","COUNTEREVIDENCE","LEGACY_REPORT_RECOGNIZES_DIMENSIONAL_RISK","PLATE_REASSIGNMENT_OR_REKEY_POLICY","VEHICLE_PLATE_REASSIGNMENT","BLOCK_DIMENSIONAL_PROMOTION","ASSERT_REKEY_REMAINS_UNRESOLVED","BLOCKED"
"FM-VEH-005","VEICULOS","BRANCH","docs/catalogos/portabilidade/matriz-campos.csv","BOUNDARY","EXACT_BRANCH_PATH_IS_A_ROOT_MANIFEST_SCALAR","VEHICLE_HOME_BRANCH_OR_KEY_COMPONENT","VEHICLE_BRANCH_CONTEXT_ONLY","BLOCK_DIMENSIONAL_PROMOTION","ASSERT_BRANCH_IS_CONTEXT_ONLY","BLOCKED"
"FM-VEH-006","VEICULOS","MAIN_VS_TRAILER","docs/catalogos/portabilidade/matriz-campos.csv","SUPPORT","MAIN_TRAILER_ONE_AND_TRAILER_TWO_HAVE_DISTINCT_PATH_ROLES","ONE_INTERCHANGEABLE_VEHICLE_GRAIN","VEHICLE_MAIN_TRAILER_ROLE_COLLISION","KEEP_ROLES_DISTINCT","ASSERT_EXACT_ROLE_PATHS","BLOCKED"
"FM-VEH-007","VEICULOS","TRAILER_POSITIONS","src/main/java/br/com/esl/etl/v2/modulos/manifestos/domain/ManifestoTextField.java","SUPPORT","TRAILER_ONE_AND_TWO_ARE_DISTINCT_OBSERVATION_POSITIONS","STABLE_TRAILER_ENTITY_IDENTITY_OR_ORDER_INVARIANCE","VEHICLE_TRAILER_POSITION_SWAP","KEEP_TRAILER_POSITIONS_DISTINCT","ASSERT_TRAILER_POSITIONS_NOT_COLLAPSED","BLOCKED"
"FM-VEH-008","VEICULOS","ATTRIBUTES","docs/catalogos/portabilidade/matriz-campos.csv","BOUNDARY","NAME_OWNER_CAPACITY_AND_CONTRACT_TYPE_ARE_PRESERVED_SIGNALS","ANY_OF_THESE_FIELDS_AS_IDENTITY_OR_MASTER_VALIDITY","VEHICLE_ATTRIBUTES_NOT_IDENTITY","PRESERVE_OBSERVATION_ONLY","ASSERT_ATTRIBUTES_NEVER_KEY_COMPONENTS","BLOCKED"
"FM-VEH-009","VEICULOS","FRESHNESS_CONFLICT","docs/catalogos/manifestos-v2-026/decisao-v03.json","BOUNDARY","MANIFEST_FRESHNESS_CAN_ORDER_PHYSICAL_OBSERVATIONS","VEHICLE_MASTER_EFFECTIVE_TIME_OR_VALIDITY","VEHICLE_EQUAL_FRESHNESS_CONFLICT","QUARANTINE_OBSERVATION","ASSERT_EQUAL_FRESHNESS_DIVERGENCE_QUARANTINES","BLOCKED"
"FM-VEH-010","VEICULOS","REPLAY","docs/catalogos/manifestos-v2-026/decisao-v03.json","SUPPORT","IDENTICAL_MANIFEST_REPLAY_IS_NO_OP","VEHICLE_ENTITY_CURRENT_STATE","VEHICLE_IDENTICAL_REPLAY","REPLAY_NO_OP","ASSERT_IDENTICAL_REPLAY_NO_OP","BLOCKED"
"FM-VEH-011","VEICULOS","OUT_OF_ORDER","docs/catalogos/manifestos-v2-026/decisao-v03.json","SUPPORT","OLDER_MANIFEST_OBSERVATION_CANNOT_REGRESS_OBSERVATION_REDUCTION","VEHICLE_MASTER_HISTORY","VEHICLE_OLDER_OBSERVATION","OLDER_OBSERVATION_NO_OP","ASSERT_OLDER_OBSERVATION_NO_OP","BLOCKED"
"FM-VEH-012","VEICULOS","ABSENCE","docs/catalogos/manifestos-v2-026/decisao-v03.json","SUPPORT","LATER_PAGE_OR_WINDOW_ABSENCE_IS_NOT_NEGATIVE_EVIDENCE","VEHICLE_DEACTIVATION_OR_DELETION","VEHICLE_ABSENCE_NO_SWEEP","NO_SWEEP_NO_STATE_CHANGE","ASSERT_ABSENCE_NEVER_SWEEPS","BLOCKED"
"FM-DRV-001","MOTORISTAS","SOURCE_KEY","docs/catalogos/contratos-esl-6399/manifesto.json","BOUNDARY","DRIVER_NAME_PATH_EXISTS_ON_MANIFEST_OBSERVATION","STABLE_PROVIDER_DRIVER_IDENTIFIER","DRIVER_NAME_NO_SOURCE_ID","BLOCK_DIMENSIONAL_PROMOTION","ASSERT_NO_DRIVER_ID_PATH","BLOCKED"
"FM-DRV-002","MOTORISTAS","HOMONYMS","../etl-extracao-dados/database/views-dimensao/022_criar_view_dim_motoristas.sql","COUNTEREVIDENCE","LEGACY_USED_DISTINCT_NORMALIZED_NAME_PLUS_BRANCH","PERSON_IDENTITY_OR_HOMONYM_DISAMBIGUATION","DRIVER_HOMONYM","BLOCK_DIMENSIONAL_PROMOTION","ASSERT_NAME_IS_NOT_BUSINESS_KEY","BLOCKED"
"FM-DRV-003","MOTORISTAS","GENERIC_NAMES","../etl-extracao-dados/database/views-dimensao/022_criar_view_dim_motoristas.sql","COUNTEREVIDENCE","LEGACY_EXCLUDED_A_NAME_SUBSTRING","APPROVED_GENERIC_LABEL_CATALOG_OR_SAFE_DROP_RULE","DRIVER_GENERIC_LABEL","PRESERVE_OBSERVATION_ONLY","ASSERT_GENERIC_LABEL_IS_NOT_SILENTLY_DROPPED","BLOCKED"
"FM-DRV-004","MOTORISTAS","NORMALIZATION","src/main/java/br/com/esl/etl/v2/modulos/manifestos/aplicacao/ManifestoDataExportRecordMapper.java","BOUNDARY","RAW_NAME_TEXT_IS_PRESERVED_WITH_UTF16_VALIDATION","CASE_FOLDING_DIACRITIC_REMOVAL_OR_UNICODE_IDENTITY","DRIVER_UNICODE_NAME_COLLISION","BLOCK_DIMENSIONAL_PROMOTION","ASSERT_RAW_NAME_NOT_NORMALIZED_TO_IDENTITY","BLOCKED"
"FM-DRV-005","MOTORISTAS","CONTRACT_TYPE","docs/catalogos/portabilidade/matriz-campos.csv","BOUNDARY","DRIVER_CONTRACT_TYPE_IS_A_ROOT_MANIFEST_SCALAR","PERSON_IDENTITY_CARDINALITY_OR_VALIDITY","DRIVER_CONTRACT_TYPE_NOT_IDENTITY","PRESERVE_OBSERVATION_ONLY","ASSERT_CONTRACT_TYPE_NEVER_KEY_COMPONENT","BLOCKED"
"FM-DRV-006","MOTORISTAS","BRANCH","docs/catalogos/portabilidade/matriz-campos.csv","BOUNDARY","EXACT_BRANCH_PATH_IS_A_ROOT_MANIFEST_SCALAR","DRIVER_HOME_BRANCH_OR_KEY_COMPONENT","DRIVER_BRANCH_CONTEXT_ONLY","BLOCK_DIMENSIONAL_PROMOTION","ASSERT_BRANCH_IS_CONTEXT_ONLY","BLOCKED"
"FM-DRV-007","MOTORISTAS","REKEY","../etl-extracao-dados/docs/relatorio-bi-dashboards-logistica.md","COUNTEREVIDENCE","LEGACY_DIMENSION_IS_NAME_BASED","RENAME_MERGE_SPLIT_OR_REKEY_POLICY","DRIVER_RENAME_REKEY","BLOCK_DIMENSIONAL_PROMOTION","ASSERT_REKEY_REMAINS_UNRESOLVED","BLOCKED"
"FM-DRV-008","MOTORISTAS","FRESHNESS_CONFLICT","docs/catalogos/manifestos-v2-026/decisao-v03.json","BOUNDARY","MANIFEST_FRESHNESS_CAN_ORDER_PHYSICAL_OBSERVATIONS","DRIVER_MASTER_EFFECTIVE_TIME_OR_VALIDITY","DRIVER_EQUAL_FRESHNESS_CONFLICT","QUARANTINE_OBSERVATION","ASSERT_EQUAL_FRESHNESS_DIVERGENCE_QUARANTINES","BLOCKED"
"FM-DRV-009","MOTORISTAS","ABSENCE","docs/catalogos/manifestos-v2-026/decisao-v03.json","SUPPORT","LATER_PAGE_OR_WINDOW_ABSENCE_IS_NOT_NEGATIVE_EVIDENCE","DRIVER_DEACTIVATION_OR_DELETION","DRIVER_ABSENCE_NO_SWEEP","NO_SWEEP_NO_STATE_CHANGE","ASSERT_ABSENCE_NEVER_SWEEPS","BLOCKED"
