requirement_id,dimension,requirement,status,origin,limit,counterexample,fixture_id,test_assertion,decision
"FM2-VEH-001","VEICULOS","IMMUTABLE_PROVIDER_ID_WITH_EXPLICIT_SOURCE_AND_TENANT","MISSING","docs/catalogos/contratos-esl-6399/manifesto.json","The explicit source_instance and tenant_scope bind only the Manifest root; no vehicle or trailer provider ID path, wire type, uniqueness, immutability or stability contract exists.","A plate signal can repeat for distinct unidentified vehicles or move between them without a provider identity.","VEHICLE_PROVIDER_ID_SCOPE_MISSING","REQUIRE_MISSING_AND_BLOCK_D03","BLOCKED"
"FM2-VEH-002","VEICULOS","PLATE_SEMANTICS_COLLISION_AND_REASSIGNMENT","MISSING","src/main/java/br/com/esl/etl/v2/modulos/manifestos/domain/ManifestoTextField.java","Plate is preserved only as bounded Manifest observation text; no versioned normalizer, validator, collision, reuse, reassignment or rekey policy exists.","The same textual plate may denote distinct vehicles across time and roles.","VEHICLE_PLATE_REASSIGNMENT_MISSING","REQUIRE_MISSING_AND_BLOCK_D03","BLOCKED"
"FM2-VEH-003","VEICULOS","BRANCH_SEMANTICS_AND_CHANGE","MISSING","docs/catalogos/frota-manifestos-v2-035c/decisao-v01.json","Carrier nickname is Manifest context only; it is not a stable vehicle owner, assignment, source or tenant key.","A Manifest branch can differ from the vehicle owner or current assignment branch.","VEHICLE_BRANCH_SEMANTICS_MISSING","REQUIRE_MISSING_AND_BLOCK_D03","BLOCKED"
"FM2-VEH-004","VEICULOS","VALIDITY_CURRENT_HISTORY_ABSENCE_CONFLICT_AND_REKEY","MISSING","docs/catalogos/manifestos-v2-026/decisao-v03.json","Manifest freshness, replay and absence rules do not define effective intervals, current/history, entity absence, vehicle-level conflict or rekey.","Two Manifest observations can be ordered without defining which vehicle master version is current.","VEHICLE_LIFECYCLE_MISSING","REQUIRE_MISSING_AND_BLOCK_D03","BLOCKED"
"FM2-VEH-005","VEICULOS","MAIN_VEHICLE_AND_EACH_TRAILER_REMAIN_DISTINCT","PROVEN_LIMITED","src/main/java/br/com/esl/etl/v2/modulos/manifestos/domain/ManifestoTextField.java","Distinct paths prove observation roles only; they do not prove dimensional identities, cross-Manifest stability or position-change semantics.","Collapsing equal plate text across main, trailer 1 and trailer 2 would erase role provenance.","VEHICLE_ROLE_SEPARATION_PRESENT","REQUIRE_PROVEN_LIMITED_AND_KEEP_ROLES_DISTINCT","BLOCKED"
"FM2-DRV-001","MOTORISTAS","IMMUTABLE_PROVIDER_ID_WITH_EXPLICIT_SOURCE_AND_TENANT","MISSING","docs/catalogos/contratos-esl-6399/manifesto.json","The explicit source_instance and tenant_scope bind only the Manifest root; no driver provider ID path, wire type, uniqueness, immutability or stability contract exists.","The same name can denote distinct people while a renamed person can have different names.","DRIVER_PROVIDER_ID_SCOPE_MISSING","REQUIRE_MISSING_AND_BLOCK_D04","BLOCKED"
"FM2-DRV-002","MOTORISTAS","HOMONYM_GENERIC_RENAME_MERGE_AND_SPLIT_POLICY","MISSING","../etl-extracao-dados/database/views-dimensao/022_criar_view_dim_motoristas.sql","The legacy normalized-name grouping and generic substring exclusion are counterevidence, not an identity or lifecycle contract.","Homonyms merge while rename, merge and split events fragment or repoint a person without an immutable ID.","DRIVER_NAME_IDENTITY_POLICY_MISSING","REQUIRE_MISSING_AND_BLOCK_D04","BLOCKED"
"FM2-DRV-003","MOTORISTAS","DRIVER_CONTRACT_SEMANTICS","MISSING","src/main/java/br/com/esl/etl/v2/modulos/manifestos/domain/ManifestoTextField.java","Driver contract type is only contextual text in a Manifest; no ontology, parties, effective interval or change semantics are versioned.","A contextual label cannot prove a person, employment relationship or its validity.","DRIVER_CONTRACT_SEMANTICS_MISSING","REQUIRE_MISSING_AND_BLOCK_D04","BLOCKED"
"FM2-DRV-004","MOTORISTAS","BRANCH_ASSIGNMENT_SEMANTICS_AND_CHANGE","MISSING","docs/catalogos/frota-manifestos-v2-035c/decisao-v01.json","Carrier nickname is Manifest context only; it is not a stable driver assignment, source or tenant key.","A driver can operate a Manifest from a branch different from a formal assignment branch.","DRIVER_BRANCH_SEMANTICS_MISSING","REQUIRE_MISSING_AND_BLOCK_D04","BLOCKED"
"FM2-DRV-005","MOTORISTAS","VALIDITY_CURRENT_HISTORY_ABSENCE_CONFLICT_AND_REKEY","MISSING","docs/catalogos/manifestos-v2-026/decisao-v03.json","Manifest freshness, replay and absence rules do not define effective intervals, current/history, entity absence, driver-level conflict or rekey.","Two Manifest observations can be ordered without deciding rename, merge, split or the current driver master version.","DRIVER_LIFECYCLE_MISSING","REQUIRE_MISSING_AND_BLOCK_D04","BLOCKED"
"FM2-SHARED-001","BOTH","VEHICLE_DRIVER_RELATION_CONTRACT","MISSING","docs/catalogos/frota-manifestos-v2-035c/decisao-v01.json","Cooccurrence belongs to one Manifest observation and does not prove a stable relationship, join key or cardinality.","The same cooccurring signals can be temporary and cannot create a canonical foreign key.","COOCCURRENCE_NO_RELATION","REQUIRE_MISSING_AND_PROHIBIT_RELATION","BLOCKED"
