"section","name","method","path","documentation","classification"
"API REST / AGENTE","Cadastrar ocorrência por agente","POST","/api_agent/invoice_occurrences","https://documenter.getpostman.com/view/20571375/2s9YXk2fj5#04db1b46-d8b8-4bf3-a858-2fc6e16aacb3","DOCUMENTED_REQUEST_NOT_EXECUTED"
"API REST / AGENTE","Deletar Ocorrência por agente","DELETE","/api_agent/invoice_occurrences/{id}","https://documenter.getpostman.com/view/20571375/2s9YXk2fj5#2459d57a-e5f0-49a3-903a-7b51bb9397af","DOCUMENTED_REQUEST_NOT_EXECUTED"
"API REST / AGENTE","Consultar listagem de ocorrências por agente","GET","/api_agent/invoice_occurrences","https://documenter.getpostman.com/view/20571375/2s9YXk2fj5#752e291a-0563-434b-bb36-e97bf67de309","DOCUMENTED_REQUEST_NOT_EXECUTED"
"API REST / AGENTE","Consultar XML do CT-e por agente","GET","/api_agent/freight/ctes","https://documenter.getpostman.com/view/20571375/2s9YXk2fj5#48b3bd48-bf25-4d01-95f3-594303ed769b","DOCUMENTED_REQUEST_NOT_EXECUTED"
"API REST / CONSOLIDAÇÃO","Consultar consolidações aéreas","GET","/api/consolidation/aerials","https://documenter.getpostman.com/view/20571375/2s9YXk2fj5#a62e137c-db1e-4662-b01c-f1c524e3e7be","DOCUMENTED_REQUEST_NOT_EXECUTED"
"API REST / CONSOLIDAÇÃO","Consultar itens consolidações aéreas","GET","/api/consolidation/aerials/{id}/items","https://documenter.getpostman.com/view/20571375/2s9YXk2fj5#46c0ca95-8460-4630-a63b-d2712aee30db","DOCUMENTED_REQUEST_NOT_EXECUTED"
"API REST / CONSOLIDAÇÃO","Consultar consolidações rodoviárias","GET","/api/consolidation/roads","https://documenter.getpostman.com/view/20571375/2s9YXk2fj5#e5925e0b-2b85-4a35-8052-d1a7d4ead49e","DOCUMENTED_REQUEST_NOT_EXECUTED"
"API REST / CONSOLIDAÇÃO","Consultar itens consolidações rodoviárias","GET","/api/consolidation/roads/{id}/items","https://documenter.getpostman.com/view/20571375/2s9YXk2fj5#c1203995-1643-49dc-807f-28a39445b6ae","DOCUMENTED_REQUEST_NOT_EXECUTED"
"API REST / CUBADORA","Cadastro de Volumes - Padrão ESL","POST","/api/integration/cubage/volumes","https://documenter.getpostman.com/view/20571375/2s9YXk2fj5#cec80c4a-bfa8-4f97-9c7a-f02937c84b42","DOCUMENTED_REQUEST_NOT_EXECUTED"
"API REST / CUBADORA","Cadastro de Volumes - Toledo","POST","/api/integration/cubage/toledo","https://documenter.getpostman.com/view/20571375/2s9YXk2fj5#f1ae7b3e-4179-4123-8345-1c23a9ee6dac","DOCUMENTED_REQUEST_NOT_EXECUTED"
"API REST / DATA EXPORT","1) Consulta todos os templates","GET","/api/analytics/reports","https://documenter.getpostman.com/view/20571375/2s9YXk2fj5#825bbb56-797b-49c7-bb7f-39cf7b6e2537","DOCUMENTED_REQUEST_NOT_EXECUTED"
"API REST / DATA EXPORT","2) Consulta estrutura dos templates","GET","/api/analytics/reports/{id}/info","https://documenter.getpostman.com/view/20571375/2s9YXk2fj5#71544ee2-32d7-441f-8160-6f468327634c","DOCUMENTED_REQUEST_NOT_EXECUTED"
"API REST / DATA EXPORT","3) Executa consulta relatório","GET","/api/analytics/reports/{id}/data","https://documenter.getpostman.com/view/20571375/2s9YXk2fj5#50f26905-387b-4764-88f0-86c0205af9b6","DOCUMENTED_REQUEST_NOT_EXECUTED"
"API REST / DATA EXPORT","4) Consulta do relatório e solicitação de exportação em XLSX para FTP","POST","/api/analytics/reports/{id}/export","https://documenter.getpostman.com/view/20571375/2s9YXk2fj5#59aa8cf8-0dd0-4e65-a52a-4372efb32a67","DOCUMENTED_REQUEST_NOT_EXECUTED"
"API REST / DATA EXPORT","5) Consulta do arquivo gerado","GET","/api/analytics/report_files/{id}","https://documenter.getpostman.com/view/20571375/2s9YXk2fj5#355d6759-3ffb-40d3-aa32-f41ee36b13e5","DOCUMENTED_REQUEST_NOT_EXECUTED"
"API REST / FINANCEIRO","Consultar Faturas a Receber","GET","/api/accounting/credit/billings","https://documenter.getpostman.com/view/20571375/2s9YXk2fj5#a6d52f61-c4ab-4267-97f7-d6ab96f96ff5","DOCUMENTED_REQUEST_NOT_EXECUTED"
"API REST / FINANCEIRO","Consultar os itens que compõe a Fatura a Receber","GET","/api/accounting/credit/billings/{id}/billing_items","https://documenter.getpostman.com/view/20571375/2s9YXk2fj5#f721aff3-00b4-41f2-8db8-372dea05528d","DOCUMENTED_REQUEST_NOT_EXECUTED"
"API REST / FINANCEIRO","Consultar Faturas a Pagar","GET","/api/accounting/debit/billings","https://documenter.getpostman.com/view/20571375/2s9YXk2fj5#d6fe31c3-0139-4690-b444-ac737182ceda","DOCUMENTED_REQUEST_NOT_EXECUTED"
"API REST / FINANCEIRO","Consultar os itens que compõe a Fatura a Pagar","GET","/api/accounting/debit/billings/{id}/billing_items","https://documenter.getpostman.com/view/20571375/2s9YXk2fj5#11e8dde2-3cac-4f27-805c-37e038735e40","DOCUMENTED_REQUEST_NOT_EXECUTED"
"API REST / FINANCEIRO","Consultar Títulos a Receber","GET","/api/accounting/credit/installments","https://documenter.getpostman.com/view/20571375/2s9YXk2fj5#f8468a50-750a-4af0-83cf-c7046cf91ed7","DOCUMENTED_REQUEST_NOT_EXECUTED"
"API REST / FINANCEIRO","Consultar Títulos a Pagar","GET","/api/accounting/debit/installments","https://documenter.getpostman.com/view/20571375/2s9YXk2fj5#0f30f621-da41-47f8-aa9a-88f6187085b0","DOCUMENTED_REQUEST_NOT_EXECUTED"
"API REST / FRETE","Cálculo de Frete","GET","/api/quote/calculate_freights","https://documenter.getpostman.com/view/20571375/2s9YXk2fj5#ab540120-001c-47ae-8627-675fb8a5731a","DOCUMENTED_REQUEST_NOT_EXECUTED"
"API REST / FRETE","Cadastrar Anexo por Frete","POST","/api/freight_attachments","https://documenter.getpostman.com/view/20571375/2s9YXk2fj5#ac057e06-5ae4-40a1-bdf4-479f4a9c0c4b","DOCUMENTED_REQUEST_NOT_EXECUTED"
"API REST / FRETE","Cadastrar Comprovante de Entrega por Frete","POST","/api/freight_delivery_receipts","https://documenter.getpostman.com/view/20571375/2s9YXk2fj5#06527f23-d2c0-45b1-a974-6a0d38ceeaa8","DOCUMENTED_REQUEST_NOT_EXECUTED"
"API REST / FRETE","Consultar Comprovante de Entrega por Frete","GET","/api/freight_delivery_receipts","https://documenter.getpostman.com/view/20571375/2s9YXk2fj5#6b61e151-d925-433a-89e5-e6b446f4870b","DOCUMENTED_REQUEST_NOT_EXECUTED"
"API REST / FRETE","Consultar Comprovante de Entrega por Frete (Cliente)","GET","api/customer/freight_delivery_receipts","https://documenter.getpostman.com/view/20571375/2s9YXk2fj5#b77958de-970e-4e91-86cc-641b75273f01","DOCUMENTED_REQUEST_NOT_EXECUTED"
"API REST / FRETE","Deletar Comprovante de Entrega por Frete","DELETE","/api/freight_delivery_receipts/{id}","https://documenter.getpostman.com/view/20571375/2s9YXk2fj5#2883fd92-fd5a-447e-b24d-668670708f31","DOCUMENTED_REQUEST_NOT_EXECUTED"
"API REST / FRETE","Consultar XML do CT-e","GET","/api/ctes","https://documenter.getpostman.com/view/20571375/2s9YXk2fj5#e2b3ba9c-025b-4159-ae74-f0136ac435d0","DOCUMENTED_REQUEST_NOT_EXECUTED"
"API REST / FRETE","Gerar frete através do XML do CT-e","POST","/api/freight/batches","https://documenter.getpostman.com/view/20571375/2s9YXk2fj5#c5ecd338-3d54-437b-8fab-af7f85df8de8","DOCUMENTED_REQUEST_NOT_EXECUTED"
"API REST / FRETE","Importar PDF de Checklist de frete reverso","POST","/api/reverse_pick/checklist_file/import_files","https://documenter.getpostman.com/view/20571375/2s9YXk2fj5#04156cfb-aab8-4930-8119-7a4bb49ae631","DOCUMENTED_REQUEST_NOT_EXECUTED"
"API REST / MARGEM DE FRETE","Consultar margem dos fretes","GET","/api/report/freight/margins","https://documenter.getpostman.com/view/20571375/2s9YXk2fj5#7f87938b-c806-401b-9c96-f5ca3820782d","DOCUMENTED_REQUEST_NOT_EXECUTED"
"API REST / MINUTA DESPACHO","Consultar minuta de despacho aéreas","GET","/api/dispatch_draft/aerials","https://documenter.getpostman.com/view/20571375/2s9YXk2fj5#5d9c4aa6-b74c-445b-abda-4fcdf1986036","DOCUMENTED_REQUEST_NOT_EXECUTED"
"API REST / MINUTA DESPACHO","Consultar itens minuta de despacho aéreas","GET","/api/dispatch_draft/aerials/{id}/items","https://documenter.getpostman.com/view/20571375/2s9YXk2fj5#86996645-e45d-4490-88e6-5c3b000993c6","DOCUMENTED_REQUEST_NOT_EXECUTED"
"API REST / MINUTA DESPACHO","Consultar minuta de despacho rodoviárias","GET","/api/dispatch_draft/roads","https://documenter.getpostman.com/view/20571375/2s9YXk2fj5#f1e39991-5ac7-4765-93e9-0e432192e429","DOCUMENTED_REQUEST_NOT_EXECUTED"
"API REST / MINUTA DESPACHO","Consultar itens minuta de despacho rodoviárias","GET","/api/dispatch_draft/roads/{id}/items","https://documenter.getpostman.com/view/20571375/2s9YXk2fj5#60a3ecf0-97b2-473e-8d58-7ea7e6b8853f","DOCUMENTED_REQUEST_NOT_EXECUTED"
"API REST / NOTA FISCAL","Cadastrar Comprovante de Entrega por Nota Fiscal","POST","/api/freight_invoice_delivery_receipts","https://documenter.getpostman.com/view/20571375/2s9YXk2fj5#7b76f380-0bf6-496c-a599-1e2d2b700ebb","DOCUMENTED_REQUEST_NOT_EXECUTED"
"API REST / NOTA FISCAL","Consultar Comprovante de Entrega por Nota Fiscal","GET","/api/freight_invoice_delivery_receipts","https://documenter.getpostman.com/view/20571375/2s9YXk2fj5#72367a89-4d4d-4263-95d4-bdab44a30028","DOCUMENTED_REQUEST_NOT_EXECUTED"
"API REST / NOTA FISCAL","Consultar Comprovante de Entrega por Nota Fiscal (Cliente)","GET","/api/customer/freight_invoice_delivery_receipts","https://documenter.getpostman.com/view/20571375/2s9YXk2fj5#b57d9c1e-309e-4ae9-be31-894893bef052","DOCUMENTED_REQUEST_NOT_EXECUTED"
"API REST / NOTA FISCAL","Deletar Comprovante de Entrega por Nota Fiscal","DELETE","/api/freight_invoice_delivery_receipts/{id}","https://documenter.getpostman.com/view/20571375/2s9YXk2fj5#dd9eba9e-fc84-48e3-8a38-94d167b98b06","DOCUMENTED_REQUEST_NOT_EXECUTED"
"API REST / NOTA FISCAL","Importar anexo em nota fiscal","POST","/api/invoice/attachment/import_file","https://documenter.getpostman.com/view/20571375/2s9YXk2fj5#eea86290-3700-4b72-b6b5-41945cc6d92d","DOCUMENTED_REQUEST_NOT_EXECUTED"
"API REST / NOTA FISCAL","Upload PDF de NF-e","POST","/api/v1/invoices/danfe_pdf","https://documenter.getpostman.com/view/20571375/2s9YXk2fj5#38585ac5-7cd7-4c12-bd7b-b242f3a61345","DOCUMENTED_REQUEST_NOT_EXECUTED"
"API REST / OCORRÊNCIA","Cadastrar Ocorrência na Nota Fiscal","POST","/api/invoice_occurrences","https://documenter.getpostman.com/view/20571375/2s9YXk2fj5#2f7cbf03-daed-4bd3-af2a-1f68dccfdffb","DOCUMENTED_REQUEST_NOT_EXECUTED"
"API REST / OCORRÊNCIA","Consultar Listagem das Ocorrências","GET","/api/invoice_occurrences","https://documenter.getpostman.com/view/20571375/2s9YXk2fj5#f7b4292a-7658-48c7-8d8e-0a7a1c832d77","DOCUMENTED_REQUEST_NOT_EXECUTED"
"API REST / OCORRÊNCIA","Deletar Ocorrência da Nota Fiscal","DELETE","/api/invoice_occurrences/{id}","https://documenter.getpostman.com/view/20571375/2s9YXk2fj5#d15a581f-38e8-4821-a4f0-e56138a9457b","DOCUMENTED_REQUEST_NOT_EXECUTED"
"API REST / OCORRÊNCIA","Cadastrar ocorrência por coleta","POST","/api/v1/picks/{id}/pick_occurrences","https://documenter.getpostman.com/view/20571375/2s9YXk2fj5#cae18400-71c8-41d2-ab63-1099a2868527","DOCUMENTED_REQUEST_NOT_EXECUTED"
"API REST / OCORRÊNCIA","Cadastrar ocorrência por frete","POST","/api/v1/freights/{id}/invoice_occurrences","https://documenter.getpostman.com/view/20571375/2s9YXk2fj5#735b7890-75cc-48c2-980b-e24e920133bb","DOCUMENTED_REQUEST_NOT_EXECUTED"
"API REST / OCORRÊNCIA CLIENTE","Consultar Listagem das Ocorrências","GET","/api/customer/invoice_occurrences","https://documenter.getpostman.com/view/20571375/2s9YXk2fj5#1843cd33-1848-438c-875b-6262107c5e94","DOCUMENTED_REQUEST_NOT_EXECUTED"
"API REST / MIDDLEWARE - RECEBIMENTO DECLARAÇÃO / NF-E / FRETE / ESL","Cadastrar fretes a partir de Declaração, Nota Fiscal ou NF-e","POST","/v1/TransportRequests","https://documenter.getpostman.com/view/20571375/2s9YXk2fj5#c5387f80-5603-4453-a704-6265e1429d8a","DOCUMENTED_REQUEST_NOT_EXECUTED"
"API REST / MIDDLEWARE - RECEBIMENTO DECLARAÇÃO / NF-E / FRETE / ESL","Inserir XML de CT-e para realizar Redespacho ou Subcontratação","POST","/v1/FreightRequests","https://documenter.getpostman.com/view/20571375/2s9YXk2fj5#14e252c5-5728-430c-ac74-efd896e3355e","DOCUMENTED_REQUEST_NOT_EXECUTED"
"API REST / MIDDLEWARE - RECEBIMENTO DECLARAÇÃO / NF-E / FRETE / PARCEIROS / BOTICÁRIO","Inserir Nota","POST","/v1/gb/invoices","https://documenter.getpostman.com/view/20571375/2s9YXk2fj5#1b972e18-4a91-403f-a5fd-5312011dd727","DOCUMENTED_REQUEST_NOT_EXECUTED"
"API REST / MIDDLEWARE - RECEBIMENTO DECLARAÇÃO / NF-E / FRETE / PARCEIROS / CLARO","Inserir Nota","POST","/v1/TransportRequests","https://documenter.getpostman.com/view/20571375/2s9YXk2fj5#5b5a5e01-4d99-4eee-8882-110cde3ca620","DOCUMENTED_REQUEST_NOT_EXECUTED"
"API REST / MIDDLEWARE - RECEBIMENTO DECLARAÇÃO / NF-E / FRETE / PARCEIROS / FISERV","Inserir Nota","POST","/v1/fiserv/transport","https://documenter.getpostman.com/view/20571375/2s9YXk2fj5#249e8ab5-ef51-4121-aaf0-2d779e03a75d","DOCUMENTED_REQUEST_NOT_EXECUTED"
"API REST / MIDDLEWARE - RECEBIMENTO DECLARAÇÃO / NF-E / FRETE / PARCEIROS / FRETE RÁPIDO","Solicitação de Coleta (Inserir Nota Fiscal)","POST","/v1/freterapido/invoices","https://documenter.getpostman.com/view/20571375/2s9YXk2fj5#ce863604-c5ec-44e5-a081-12cc3ec27643","DOCUMENTED_REQUEST_NOT_EXECUTED"
"API REST / MIDDLEWARE - RECEBIMENTO DECLARAÇÃO / NF-E / FRETE / PARCEIROS / INTELIPOST","Pré Lista de Postagem (PLP) (Inserir Nota Fiscal)","POST","/v1/intelipost/invoices","https://documenter.getpostman.com/view/20571375/2s9YXk2fj5#7a98bd63-1d43-4a6e-84d0-e12a9ba9afc3","DOCUMENTED_REQUEST_NOT_EXECUTED"
"API REST / MIDDLEWARE - RECEBIMENTO DECLARAÇÃO / NF-E / FRETE / PARCEIROS / MAGALU","Cria uma nota fiscal, declaração ou CTE","POST","/v1/transportrequests","https://documenter.getpostman.com/view/20571375/2s9YXk2fj5#b5c8627f-9d5a-4705-b535-339a72af5b71","DOCUMENTED_REQUEST_NOT_EXECUTED"
"API REST / MIDDLEWARE - RECEBIMENTO DECLARAÇÃO / NF-E / FRETE / PARCEIROS / SBF (BRUDAM)","Autenticação","POST","/v1/sbf/login","https://documenter.getpostman.com/view/20571375/2s9YXk2fj5#92fbc1e8-3bf7-431f-ac67-76a2dc1c9b68","DOCUMENTED_REQUEST_NOT_EXECUTED"
"API REST / MIDDLEWARE - RECEBIMENTO DECLARAÇÃO / NF-E / FRETE / PARCEIROS / SBF (BRUDAM)","Inserir Nota","POST","/v1/sbf/invoices","https://documenter.getpostman.com/view/20571375/2s9YXk2fj5#661993c9-6205-4115-97b8-ff9aa84302f3","DOCUMENTED_REQUEST_NOT_EXECUTED"
"API REST / MIDDLEWARE - RECEBIMENTO DECLARAÇÃO / NF-E / FRETE / PARCEIROS / SHOPEE","Requisição de Pedidos","POST","/v1/shopee/trips","https://documenter.getpostman.com/view/20571375/2s9YXk2fj5#a26f6a0d-d29c-4abb-ba85-8ef4a682a31b","DOCUMENTED_REQUEST_NOT_EXECUTED"
"API REST / MIDDLEWARE - RECEBIMENTO DECLARAÇÃO / NF-E / FRETE / PARCEIROS / TIM","Inserir Nota","POST","/v1/tim/invoices","https://documenter.getpostman.com/view/20571375/2s9YXk2fj5#f94ce6ea-4c87-41a9-8c5d-65fa24c8b361","DOCUMENTED_REQUEST_NOT_EXECUTED"
"API REST / MIDDLEWARE - RECEBIMENTO DECLARAÇÃO / NF-E / FRETE / PARCEIROS / VIA VAREJO","Inserir Nota","POST","/v1/via/invoices","https://documenter.getpostman.com/view/20571375/2s9YXk2fj5#40dfff64-f20f-4f9d-9948-5b2435990d6c","DOCUMENTED_REQUEST_NOT_EXECUTED"
"API REST / MIDDLEWARE - RECEBIMENTO DECLARAÇÃO / NF-E / FRETE / PARCEIROS / VIVO","Inserir Nota","POST","/v1/vivo/invoices","https://documenter.getpostman.com/view/20571375/2s9YXk2fj5#a203ee04-59ca-4f6a-a01a-8d5da5ba9889","DOCUMENTED_REQUEST_NOT_EXECUTED"
"API REST / ROTEIRIZADOR","Roteirização Padrão ESL - Entrega","POST","URL_DISPONIBILIZADA_PELO_ROTEIRIZADOR","https://documenter.getpostman.com/view/20571375/2s9YXk2fj5#0d219e81-a0cc-41d1-9f24-330b3184fb3c","DOCUMENTED_REQUEST_NOT_EXECUTED"
"API REST / ROTEIRIZADOR","Roteirização Padrão ESL - Coleta","POST","URL_DISPONIBILIZADA_PELO_ROTEIRIZADOR","https://documenter.getpostman.com/view/20571375/2s9YXk2fj5#7e6f02fc-e248-46e3-85c0-49627b7ebc8c","DOCUMENTED_REQUEST_NOT_EXECUTED"
"API REST / ROTEIRIZADOR","Requisição de envio dos itens roteirizados para montar o manifesto","POST","/api/routing/batches","https://documenter.getpostman.com/view/20571375/2s9YXk2fj5#3afc410a-bba5-4d34-911d-59a4ee2380aa","DOCUMENTED_REQUEST_NOT_EXECUTED"
"API REST / ROTEIRIZADOR","Cadastro de ocorrência por coleta","POST","/api/v1/picks/{pick_id}/pick_occurrences","https://documenter.getpostman.com/view/20571375/2s9YXk2fj5#8fb8df85-eb41-4f3f-9439-654721c9d9ff","DOCUMENTED_REQUEST_NOT_EXECUTED"
"API REST / ROTEIRIZADOR","Cadastro de ocorrências por frete","POST","/api/v1/freights/{freight_id}/invoice_occurrences","https://documenter.getpostman.com/view/20571375/2s9YXk2fj5#c4faa8ca-2aa9-419a-b435-9e7958ce0830","DOCUMENTED_REQUEST_NOT_EXECUTED"
"API REST / ROTEIRIZADOR","Upload de Comprovante de Entrega","POST","/api/v1/freights/{freight_id}/delivery_receipts","https://documenter.getpostman.com/view/20571375/2s9YXk2fj5#6ba775b1-8092-4655-a12d-eb7831b2f47c","DOCUMENTED_REQUEST_NOT_EXECUTED"
"API REST / USUÁRIO","Consultar por ID - Listagem de usuário (Agentes)","GET","/api/users/agents/{id}","https://documenter.getpostman.com/view/20571375/2s9YXk2fj5#fb3d273e-dbd2-47a6-9377-92c4fe2f4a5f","DOCUMENTED_REQUEST_NOT_EXECUTED"
"API REST / USUÁRIO","Consultar por parâmetro - Listagem de usuário (Agentes)","GET","/api/users/agents","https://documenter.getpostman.com/view/20571375/2s9YXk2fj5#3e5f8ad7-b8b7-4ed1-b606-d7bc4e4c2a2d","DOCUMENTED_REQUEST_NOT_EXECUTED"
"API REST / USUÁRIO","Consultar por ID - Listagem de usuário (Driver)","GET","/api/users/drivers/{id}","https://documenter.getpostman.com/view/20571375/2s9YXk2fj5#09581240-5ce0-49fc-998f-b82fb0b2549f","DOCUMENTED_REQUEST_NOT_EXECUTED"
"API REST / USUÁRIO","Consultar por parâmetro - Listagem de usuário (Driver)","GET","/api/users/drivers","https://documenter.getpostman.com/view/20571375/2s9YXk2fj5#f6806598-a866-4b30-9265-6d5a5a4840df","DOCUMENTED_REQUEST_NOT_EXECUTED"
"API REST / USUÁRIO","Consultar por ID - Listagem de usuário (Main)","GET","/api/users/mains/{id}","https://documenter.getpostman.com/view/20571375/2s9YXk2fj5#298d359b-59b6-48ec-970b-b3a9d18308d8","DOCUMENTED_REQUEST_NOT_EXECUTED"
"API REST / USUÁRIO","Consultar por parâmetro - Listagem de usuário (Main)","GET","/api/users/mains","https://documenter.getpostman.com/view/20571375/2s9YXk2fj5#1eba4a53-b2bb-49e9-8370-c58288bd5a05","DOCUMENTED_REQUEST_NOT_EXECUTED"
"API REST / USUÁRIO","Consulta dos usuários com o parâmetro ID","GET","/api/users/{id}","https://documenter.getpostman.com/view/20571375/2s9YXk2fj5#1c5258db-d555-428d-aa43-2e6123902043","DOCUMENTED_REQUEST_NOT_EXECUTED"
"API REST / VEÍCULOS","Consultar marcas de veículos","GET","/api/vehicle_brands/{id}","https://documenter.getpostman.com/view/20571375/2s9YXk2fj5#43e05d6f-fa27-4f9f-94bf-b92d345438f2","DOCUMENTED_REQUEST_NOT_EXECUTED"
"API REST / VEÍCULOS","Consultar tipos de veículos","GET","/api/vehicle_types/{id}","https://documenter.getpostman.com/view/20571375/2s9YXk2fj5#b141101f-39b0-4d14-881d-9fc681a9d96a","DOCUMENTED_REQUEST_NOT_EXECUTED"
"API REST / VEÍCULOS","Consultar veículos","GET","/api/vehicles/{id}","https://documenter.getpostman.com/view/20571375/2s9YXk2fj5#56c02511-84d3-424e-b379-61590420bbc4","DOCUMENTED_REQUEST_NOT_EXECUTED"
"API REST / VEÍCULOS","Cadastrar veículos","POST","/api/vehicles","https://documenter.getpostman.com/view/20571375/2s9YXk2fj5#2eb14018-b8ce-4f32-b99b-6c72bc6ef1cd","DOCUMENTED_REQUEST_NOT_EXECUTED"
"API REST / VEÍCULOS","Atualizar cadastro de veículos","PATCH","/api/vehicles/{id}","https://documenter.getpostman.com/view/20571375/2s9YXk2fj5#97c20203-7b60-4a99-9a34-ea5fd20dfc7c","DOCUMENTED_REQUEST_NOT_EXECUTED"
"API REST / VEÍCULOS","Remover cadastro de veículos","DELETE","/api/vehicles/{id}","https://documenter.getpostman.com/view/20571375/2s9YXk2fj5#b914e7c8-9c94-4ea5-9e41-57b320ecfdba","DOCUMENTED_REQUEST_NOT_EXECUTED"
"API GRAPHQL / QUERY","Agendamento coleta reversa","POST","/graphql","https://documenter.getpostman.com/view/20571375/2s9YXk2fj5#41127d16-75a8-4ce6-ab9f-9d19e178996c","DOCUMENTED_REQUEST_NOT_EXECUTED"
"API GRAPHQL / QUERY","CTes","POST","/graphql","https://documenter.getpostman.com/view/20571375/2s9YXk2fj5#ef659bf3-2f9c-43d1-b245-23d385fdf845","DOCUMENTED_REQUEST_NOT_EXECUTED"
"API GRAPHQL / QUERY","Classificação de carga","POST","/graphql","https://documenter.getpostman.com/view/20571375/2s9YXk2fj5#a0ac75e2-74bf-4ea4-8b51-0e0ba71a2f9f","DOCUMENTED_REQUEST_NOT_EXECUTED"
"API GRAPHQL / QUERY","Coletas","POST","/graphql","https://documenter.getpostman.com/view/20571375/2s9YXk2fj5#e7079c57-cda4-40e3-8f41-cb1bfe4be294","DOCUMENTED_REQUEST_NOT_EXECUTED"
"API GRAPHQL / QUERY","Contas bancárias","POST","/graphql","https://documenter.getpostman.com/view/20571375/2s9YXk2fj5#1c371b66-8d7c-4590-8cd2-012e601bdf33","DOCUMENTED_REQUEST_NOT_EXECUTED"
"API GRAPHQL / QUERY","CT-es de terceiros","POST","/graphql","https://documenter.getpostman.com/view/20571375/2s9YXk2fj5#af96ff7a-c208-45aa-9bd9-1bfba4fb32de","DOCUMENTED_REQUEST_NOT_EXECUTED"
"API GRAPHQL / QUERY","Demandas","POST","/graphql","https://documenter.getpostman.com/view/20571375/2s9YXk2fj5#975d50b7-fafd-4eef-9766-acfa578ff70f","DOCUMENTED_REQUEST_NOT_EXECUTED"
"API GRAPHQL / QUERY","Embalagens","POST","/graphql","https://documenter.getpostman.com/view/20571375/2s9YXk2fj5#787cb2cc-b7e4-4180-a265-59ab35515fc2","DOCUMENTED_REQUEST_NOT_EXECUTED"
"API GRAPHQL / QUERY","Emissão ágil de fretes","POST","/graphql","https://documenter.getpostman.com/view/20571375/2s9YXk2fj5#b80607d9-a1a9-4b67-b966-febafce577ad","DOCUMENTED_REQUEST_NOT_EXECUTED"
"API GRAPHQL / QUERY","Faturas a receber","POST","/graphql","https://documenter.getpostman.com/view/20571375/2s9YXk2fj5#8228d569-dce8-45dc-8b06-9585a59c6f48","DOCUMENTED_REQUEST_NOT_EXECUTED"
"API GRAPHQL / QUERY","Fretes","POST","/graphql","https://documenter.getpostman.com/view/20571375/2s9YXk2fj5#d50ff349-9224-4e1f-9618-4be49818bf98","DOCUMENTED_REQUEST_NOT_EXECUTED"
"API GRAPHQL / QUERY","Fretes (cliente)","POST","/graphql","https://documenter.getpostman.com/view/20571375/2s9YXk2fj5#dea8978d-5313-41f4-b882-0d08ac240109","DOCUMENTED_REQUEST_NOT_EXECUTED"
"API GRAPHQL / QUERY","Grupo logístico","POST","/graphql","https://documenter.getpostman.com/view/20571375/2s9YXk2fj5#d8430636-c94d-4757-a6a4-6bd1336f3460","DOCUMENTED_REQUEST_NOT_EXECUTED"
"API GRAPHQL / QUERY","Limite de crédito","POST","/graphql","https://documenter.getpostman.com/view/20571375/2s9YXk2fj5#8ca37741-d5d7-49fa-b8f3-0bec1a0b7343","DOCUMENTED_REQUEST_NOT_EXECUTED"
"API GRAPHQL / QUERY","Naturezas de mercadoria","POST","/graphql","https://documenter.getpostman.com/view/20571375/2s9YXk2fj5#9a6fc18f-d50e-4bad-a184-1908efc6c582","DOCUMENTED_REQUEST_NOT_EXECUTED"
"API GRAPHQL / QUERY","NFSe","POST","/graphql","https://documenter.getpostman.com/view/20571375/2s9YXk2fj5#1c4d48ca-5ec9-4ddb-8fad-e734e6007f55","DOCUMENTED_REQUEST_NOT_EXECUTED"
"API GRAPHQL / QUERY","Notas","POST","/graphql","https://documenter.getpostman.com/view/20571375/2s9YXk2fj5#95e07d91-1fcd-4f82-9cfc-02bf5e591843","DOCUMENTED_REQUEST_NOT_EXECUTED"
"API GRAPHQL / QUERY","Pessoas físicas","POST","/graphql","https://documenter.getpostman.com/view/20571375/2s9YXk2fj5#34edd46f-a68a-46b5-aec2-47f0e0668bb8","DOCUMENTED_REQUEST_NOT_EXECUTED"
"API GRAPHQL / QUERY","Pessoas jurídicas","POST","/graphql","https://documenter.getpostman.com/view/20571375/2s9YXk2fj5#626879a1-b261-4178-b61a-a260b3ceda89","DOCUMENTED_REQUEST_NOT_EXECUTED"
"API GRAPHQL / QUERY","Praças de pedágio","POST","/graphql","https://documenter.getpostman.com/view/20571375/2s9YXk2fj5#6095c03f-4a75-4f73-95bd-874ba26e5f34","DOCUMENTED_REQUEST_NOT_EXECUTED"
"API GRAPHQL / QUERY","Prazo de entrega","POST","/graphql","https://documenter.getpostman.com/view/20571375/2s9YXk2fj5#2dd4d14f-000a-474b-a842-f199cf5e2b68","DOCUMENTED_REQUEST_NOT_EXECUTED"
"API GRAPHQL / QUERY","Pré-embarque","POST","/graphql","https://documenter.getpostman.com/view/20571375/2s9YXk2fj5#583d261b-e494-41de-abaa-751b28b33ee1","DOCUMENTED_REQUEST_NOT_EXECUTED"
"API GRAPHQL / QUERY","Processo de Container - Consultar","POST","/graphql","https://documenter.getpostman.com/view/20571375/2s9YXk2fj5#8fce109b-a246-4156-b055-58be2d01503a","DOCUMENTED_REQUEST_NOT_EXECUTED"
"API GRAPHQL / QUERY","Região de entrega","POST","/graphql","https://documenter.getpostman.com/view/20571375/2s9YXk2fj5#3c509e98-d1e0-48d2-8f19-98fed9abbc83","DOCUMENTED_REQUEST_NOT_EXECUTED"
"API GRAPHQL / QUERY","Região de tabela de preço","POST","/graphql","https://documenter.getpostman.com/view/20571375/2s9YXk2fj5#92c5b9db-3f8f-4d7f-9746-0b4863c93094","DOCUMENTED_REQUEST_NOT_EXECUTED"
"API GRAPHQL / QUERY","Rota","POST","/graphql","https://documenter.getpostman.com/view/20571375/2s9YXk2fj5#67a16e23-e2f2-4b8a-8283-d5039c49fb77","DOCUMENTED_REQUEST_NOT_EXECUTED"
"API GRAPHQL / QUERY","Tabela de preço de cia aérea","POST","/graphql","https://documenter.getpostman.com/view/20571375/2s9YXk2fj5#9c79a320-9e62-4272-ac59-652e144cb051","DOCUMENTED_REQUEST_NOT_EXECUTED"
"API GRAPHQL / QUERY","Tabela de preço de cliente","POST","/graphql","https://documenter.getpostman.com/view/20571375/2s9YXk2fj5#9ab4fe3b-c734-479a-8402-362a04dbe6d8","DOCUMENTED_REQUEST_NOT_EXECUTED"
"API GRAPHQL / QUERY","Trecho de tabela de preço","POST","/graphql","https://documenter.getpostman.com/view/20571375/2s9YXk2fj5#dd28e877-ed65-4703-98c7-b11d5041a0ea","DOCUMENTED_REQUEST_NOT_EXECUTED"
"API GRAPHQL / QUERY","Taxas de câmbio","POST","/graphql","https://documenter.getpostman.com/view/20571375/2s9YXk2fj5#b85109c5-8ca9-49ab-bb2f-ef7688817020","DOCUMENTED_REQUEST_NOT_EXECUTED"
"API GRAPHQL / QUERY","Tipos de veículos","POST","/graphql","https://documenter.getpostman.com/view/20571375/2s9YXk2fj5#1d3aeb3d-467a-45af-b6a8-1a8e44435130","DOCUMENTED_REQUEST_NOT_EXECUTED"
"API GRAPHQL / QUERY","Tipo de coleta","POST","/graphql","https://documenter.getpostman.com/view/20571375/2s9YXk2fj5#d8118ab6-b529-448b-b3b5-b5aca69528bb","DOCUMENTED_REQUEST_NOT_EXECUTED"
"API GRAPHQL / QUERY","Tipo de documento","POST","/graphql","https://documenter.getpostman.com/view/20571375/2s9YXk2fj5#b199062b-7514-4c4e-b6a7-c875ea9ce433","DOCUMENTED_REQUEST_NOT_EXECUTED"
"API GRAPHQL / MUTATION","Agendamento coleta reversa - Criar","POST","/graphql","https://documenter.getpostman.com/view/20571375/2s9YXk2fj5#539cb9aa-dfaa-4097-81bd-d4ecb13f5fe1","DOCUMENTED_REQUEST_NOT_EXECUTED"
"API GRAPHQL / MUTATION","Boleto - Criar","POST","/graphql","https://documenter.getpostman.com/view/20571375/2s9YXk2fj5#78ab72f6-caa1-4b27-b8f7-bf3629cf5118","DOCUMENTED_REQUEST_NOT_EXECUTED"
"API GRAPHQL / MUTATION","Centro de Custo - Atualizar","POST","/graphql","https://documenter.getpostman.com/view/20571375/2s9YXk2fj5#a0d0070b-b813-4997-a997-3acb64245076","DOCUMENTED_REQUEST_NOT_EXECUTED"
"API GRAPHQL / MUTATION","Centro de Custo - Criar","POST","/graphql","https://documenter.getpostman.com/view/20571375/2s9YXk2fj5#a0126d4a-21f5-4495-98d6-66864b4fda91","DOCUMENTED_REQUEST_NOT_EXECUTED"
"API GRAPHQL / MUTATION","Centro de Resultado - Atualizar","POST","/graphql","https://documenter.getpostman.com/view/20571375/2s9YXk2fj5#dc7b5bde-e8b9-4b87-ad7d-1ac0c41ed5a9","DOCUMENTED_REQUEST_NOT_EXECUTED"
"API GRAPHQL / MUTATION","Centro de Resultado - Criar","POST","/graphql","https://documenter.getpostman.com/view/20571375/2s9YXk2fj5#a82ce50a-17b9-4b67-99c2-9e0fade5947b","DOCUMENTED_REQUEST_NOT_EXECUTED"
"API GRAPHQL / MUTATION","Conta Contábil de Crédito - Atualizar","POST","/graphql","https://documenter.getpostman.com/view/20571375/2s9YXk2fj5#3a94b419-74de-4cb5-8271-1ccb7fae745b","DOCUMENTED_REQUEST_NOT_EXECUTED"
"API GRAPHQL / MUTATION","Conta Contábil de Crédito - Criar","POST","/graphql","https://documenter.getpostman.com/view/20571375/2s9YXk2fj5#dadb0a18-f2e4-4944-ab4d-278a38d82d4d","DOCUMENTED_REQUEST_NOT_EXECUTED"
"API GRAPHQL / MUTATION","Conta Contábil de Débito - Atualizar","POST","/graphql","https://documenter.getpostman.com/view/20571375/2s9YXk2fj5#3326a3af-ec31-42ae-a4a0-b0948cd376ff","DOCUMENTED_REQUEST_NOT_EXECUTED"
"API GRAPHQL / MUTATION","Conta Contábil de Débito - Criar","POST","/graphql","https://documenter.getpostman.com/view/20571375/2s9YXk2fj5#a4d529aa-c647-4da9-9bf5-3a798feac88e","DOCUMENTED_REQUEST_NOT_EXECUTED"
"API GRAPHQL / MUTATION","Cotação - Criar","POST","/graphql","https://documenter.getpostman.com/view/20571375/2s9YXk2fj5#c9789abd-b846-4048-ba8b-8a83d1f1f305","DOCUMENTED_REQUEST_NOT_EXECUTED"
"API GRAPHQL / MUTATION","Cotação - Deletar","POST","/graphql","https://documenter.getpostman.com/view/20571375/2s9YXk2fj5#e78ac580-8688-4fcf-8da9-05fd52c53ece","DOCUMENTED_REQUEST_NOT_EXECUTED"
"API GRAPHQL / MUTATION","Coleta - Atualizar","POST","/graphql","https://documenter.getpostman.com/view/20571375/2s9YXk2fj5#14713627-ba32-420c-a1ba-6697bfc5c262","DOCUMENTED_REQUEST_NOT_EXECUTED"
"API GRAPHQL / MUTATION","Coleta - Cancelar","POST","/graphql","https://documenter.getpostman.com/view/20571375/2s9YXk2fj5#697e99cd-c823-4532-b4e4-122948e95399","DOCUMENTED_REQUEST_NOT_EXECUTED"
"API GRAPHQL / MUTATION","Coleta - Criar","POST","/graphql","https://documenter.getpostman.com/view/20571375/2s9YXk2fj5#7c4930da-97a3-49bb-8cd2-ec12d2cbdb6e","DOCUMENTED_REQUEST_NOT_EXECUTED"
"API GRAPHQL / MUTATION","Coleta de Malote - Criar","POST","/graphql","https://documenter.getpostman.com/view/20571375/2s9YXk2fj5#9e038415-ea9d-4c12-b18b-4e862e1cf24c","DOCUMENTED_REQUEST_NOT_EXECUTED"
"API GRAPHQL / MUTATION","Demanda - Atualizar","POST","/graphql","https://documenter.getpostman.com/view/20571375/2s9YXk2fj5#9c204904-9e8a-4837-9072-c22a0e56b206","DOCUMENTED_REQUEST_NOT_EXECUTED"
"API GRAPHQL / MUTATION","Demanda - Criar","POST","/graphql","https://documenter.getpostman.com/view/20571375/2s9YXk2fj5#87628897-1064-452e-9c4e-c87ff7b51dbd","DOCUMENTED_REQUEST_NOT_EXECUTED"
"API GRAPHQL / MUTATION","Documento de Itinerário - Criar","POST","/graphql","https://documenter.getpostman.com/view/20571375/2s9YXk2fj5#c68258fa-5cf1-4511-9757-1ededd852b32","DOCUMENTED_REQUEST_NOT_EXECUTED"
"API GRAPHQL / MUTATION","Documento de Grupo Logístico - Atualizar","POST","/graphql","https://documenter.getpostman.com/view/20571375/2s9YXk2fj5#a165a8e1-bd2e-4a46-af25-92137ff804c4","DOCUMENTED_REQUEST_NOT_EXECUTED"
"API GRAPHQL / MUTATION","Documento de Grupo Logístico - Deletar","POST","/graphql","https://documenter.getpostman.com/view/20571375/2s9YXk2fj5#b14035f9-ffe1-428e-9529-842c5ea415e9","DOCUMENTED_REQUEST_NOT_EXECUTED"
"API GRAPHQL / MUTATION","Emissão Ágil - Criar","POST","/graphql","https://documenter.getpostman.com/view/20571375/2s9YXk2fj5#da6853f2-153b-48e9-bf69-8d68ab062383","DOCUMENTED_REQUEST_NOT_EXECUTED"
"API GRAPHQL / MUTATION","Embalagem - Atualizar","POST","/graphql","https://documenter.getpostman.com/view/20571375/2s9YXk2fj5#34fc7648-0230-4044-bfac-60d89a750326","DOCUMENTED_REQUEST_NOT_EXECUTED"
"API GRAPHQL / MUTATION","Embalagem - Criar","POST","/graphql","https://documenter.getpostman.com/view/20571375/2s9YXk2fj5#efea35fe-8537-4478-8406-b8e07725677a","DOCUMENTED_REQUEST_NOT_EXECUTED"
"API GRAPHQL / MUTATION","Faixa de Preço - Atualizar","POST","/graphql","https://documenter.getpostman.com/view/20571375/2s9YXk2fj5#6ba3f826-be59-49d9-bd9d-a0585f4adfb1","DOCUMENTED_REQUEST_NOT_EXECUTED"
"API GRAPHQL / MUTATION","Fatura a receber - Atualizar","POST","/graphql","https://documenter.getpostman.com/view/20571375/2s9YXk2fj5#d4f0902f-8ab5-43b5-b046-6d189db85d31","DOCUMENTED_REQUEST_NOT_EXECUTED"
"API GRAPHQL / MUTATION","Fatura a receber - Baixar","POST","/graphql","https://documenter.getpostman.com/view/20571375/2s9YXk2fj5#2ecd5abc-ecf5-422e-935c-1fe4b13eb4e5","DOCUMENTED_REQUEST_NOT_EXECUTED"
"API GRAPHQL / MUTATION","Frete - Atualizar","POST","/graphql","https://documenter.getpostman.com/view/20571375/2s9YXk2fj5#be28ad31-d1c3-4ad0-b1a8-bff0d313c766","DOCUMENTED_REQUEST_NOT_EXECUTED"
"API GRAPHQL / MUTATION","Frete - Confirmar Notas","POST","/graphql","https://documenter.getpostman.com/view/20571375/2s9YXk2fj5#82f5a5d0-d4e2-4ac5-b3dd-e71f093cd1ed","DOCUMENTED_REQUEST_NOT_EXECUTED"
"API GRAPHQL / MUTATION","Itinerário - Atualizar","POST","/graphql","https://documenter.getpostman.com/view/20571375/2s9YXk2fj5#0147a21f-47f3-4955-8439-396cd0e2de8f","DOCUMENTED_REQUEST_NOT_EXECUTED"
"API GRAPHQL / MUTATION","Grupo Logístico - Criar","POST","/graphql","https://documenter.getpostman.com/view/20571375/2s9YXk2fj5#1e5e37f7-56fa-448b-92d5-b59829c9f799","DOCUMENTED_REQUEST_NOT_EXECUTED"
"API GRAPHQL / MUTATION","Grupo Logístico - Atualizar","POST","/graphql","https://documenter.getpostman.com/view/20571375/2s9YXk2fj5#6a9f8119-b840-4380-af27-00acbe900c7f","DOCUMENTED_REQUEST_NOT_EXECUTED"
"API GRAPHQL / MUTATION","Grupo Logístico - Deletar","POST","/graphql","https://documenter.getpostman.com/view/20571375/2s9YXk2fj5#728f1e79-97f5-402a-9d84-dea24d919cc6","DOCUMENTED_REQUEST_NOT_EXECUTED"
"API GRAPHQL / MUTATION","Lançamento a pagar - Criar","POST","/graphql","https://documenter.getpostman.com/view/20571375/2s9YXk2fj5#6c6c3d8f-2365-45bc-8bce-97a2653e1706","DOCUMENTED_REQUEST_NOT_EXECUTED"
"API GRAPHQL / MUTATION","Lançamento a pagar - Atualizar","POST","/graphql","https://documenter.getpostman.com/view/20571375/2s9YXk2fj5#a4f738de-9cdf-435f-a42a-b29bc731f890","DOCUMENTED_REQUEST_NOT_EXECUTED"
"API GRAPHQL / MUTATION","Lançamento a pagar - Baixar","POST","/graphql","https://documenter.getpostman.com/view/20571375/2s9YXk2fj5#336bbf82-a9b0-4bba-96a4-9834a8e19584","DOCUMENTED_REQUEST_NOT_EXECUTED"
"API GRAPHQL / MUTATION","Lançamento a receber - Criar","POST","/graphql","https://documenter.getpostman.com/view/20571375/2s9YXk2fj5#8a5e5764-5445-4e0b-ad9e-fe962f9c5d1d","DOCUMENTED_REQUEST_NOT_EXECUTED"
"API GRAPHQL / MUTATION","Lançamento a receber - Atualizar","POST","/graphql","https://documenter.getpostman.com/view/20571375/2s9YXk2fj5#0531dc97-8d1c-48e2-bbc9-7a6ce5bade14","DOCUMENTED_REQUEST_NOT_EXECUTED"
"API GRAPHQL / MUTATION","Lançamento a receber - Baixar","POST","/graphql","https://documenter.getpostman.com/view/20571375/2s9YXk2fj5#977c7ed2-9a6f-4a0d-878c-b7ffe07f9b3b","DOCUMENTED_REQUEST_NOT_EXECUTED"
"API GRAPHQL / MUTATION","Limite de Crédito - Criar","POST","/graphql","https://documenter.getpostman.com/view/20571375/2s9YXk2fj5#24af89f0-020e-4dc9-8747-681a669733fe","DOCUMENTED_REQUEST_NOT_EXECUTED"
"API GRAPHQL / MUTATION","Limite de Crédito - Atualizar","POST","/graphql","https://documenter.getpostman.com/view/20571375/2s9YXk2fj5#43ab4b8b-557d-44f4-af1b-2a25146211d8","DOCUMENTED_REQUEST_NOT_EXECUTED"
"API GRAPHQL / MUTATION","Limite de Crédito - Deletar","POST","/graphql","https://documenter.getpostman.com/view/20571375/2s9YXk2fj5#e2beb8fc-e460-4e3a-860e-67a66bca6efe","DOCUMENTED_REQUEST_NOT_EXECUTED"
"API GRAPHQL / MUTATION","Localização de Veículo e Manifesto - Criar","POST","/graphql","https://documenter.getpostman.com/view/20571375/2s9YXk2fj5#4b13b57d-aac0-484a-8442-3d6eb77abb88","DOCUMENTED_REQUEST_NOT_EXECUTED"
"API GRAPHQL / MUTATION","Malote - Criar","POST","/graphql","https://documenter.getpostman.com/view/20571375/2s9YXk2fj5#6010bdd5-c5ab-474a-a5f4-7f5a7216aed1","DOCUMENTED_REQUEST_NOT_EXECUTED"
"API GRAPHQL / MUTATION","Manifesto - Fechar","POST","/graphql","https://documenter.getpostman.com/view/20571375/2s9YXk2fj5#38e52af5-3426-46a3-b875-5d0300127c73","DOCUMENTED_REQUEST_NOT_EXECUTED"
"API GRAPHQL / MUTATION","Manifesto - Fechar Operacional","POST","/graphql","https://documenter.getpostman.com/view/20571375/2s9YXk2fj5#ecd0caa0-1ac3-4561-8712-2b0f957830c9","DOCUMENTED_REQUEST_NOT_EXECUTED"
"API GRAPHQL / MUTATION","Manifesto - Iniciar transporte","POST","/graphql","https://documenter.getpostman.com/view/20571375/2s9YXk2fj5#50823940-890a-4c97-a9df-ef9286567ecf","DOCUMENTED_REQUEST_NOT_EXECUTED"
"API GRAPHQL / MUTATION","Nota Declaração - Atualizar","POST","/graphql","https://documenter.getpostman.com/view/20571375/2s9YXk2fj5#f81427dc-1f1f-4616-8758-43d931cbbd74","DOCUMENTED_REQUEST_NOT_EXECUTED"
"API GRAPHQL / MUTATION","Nota Declaração - Criar","POST","/graphql","https://documenter.getpostman.com/view/20571375/2s9YXk2fj5#623efa81-95b2-4808-89a1-17abd23bbdca","DOCUMENTED_REQUEST_NOT_EXECUTED"
"API GRAPHQL / MUTATION","Nota de Débito - Criar","POST","/graphql","https://documenter.getpostman.com/view/20571375/2s9YXk2fj5#32a36d9f-e080-4592-92d1-0f0925164560","DOCUMENTED_REQUEST_NOT_EXECUTED"
"API GRAPHQL / MUTATION","Nota Fiscal - Atualizar","POST","/graphql","https://documenter.getpostman.com/view/20571375/2s9YXk2fj5#e195f817-da6b-4b3a-a4e0-a515831989c8","DOCUMENTED_REQUEST_NOT_EXECUTED"
"API GRAPHQL / MUTATION","Nota Fiscal - Criar","POST","/graphql","https://documenter.getpostman.com/view/20571375/2s9YXk2fj5#4b88084b-ef12-4dc9-8c43-3d7b0ec01a29","DOCUMENTED_REQUEST_NOT_EXECUTED"
"API GRAPHQL / MUTATION","Nota Fiscal eletrônica - Atualizar","POST","/graphql","https://documenter.getpostman.com/view/20571375/2s9YXk2fj5#dc15d363-69bd-4dc4-9c57-f1cdb8a44a3d","DOCUMENTED_REQUEST_NOT_EXECUTED"
"API GRAPHQL / MUTATION","Nota Fiscal eletrônica - Criar","POST","/graphql","https://documenter.getpostman.com/view/20571375/2s9YXk2fj5#a7f01e89-5190-469a-b26d-978ca9e014d5","DOCUMENTED_REQUEST_NOT_EXECUTED"
"API GRAPHQL / MUTATION","Nota Outras - Atualizar","POST","/graphql","https://documenter.getpostman.com/view/20571375/2s9YXk2fj5#765f0357-3dbf-4c28-9d13-a5088a6de143","DOCUMENTED_REQUEST_NOT_EXECUTED"
"API GRAPHQL / MUTATION","Nota Outras - Criar","POST","/graphql","https://documenter.getpostman.com/view/20571375/2s9YXk2fj5#4b195c42-5915-4307-baba-943f9efee643","DOCUMENTED_REQUEST_NOT_EXECUTED"
"API GRAPHQL / MUTATION","Ocorrência de frete - Criar","POST","/graphql","https://documenter.getpostman.com/view/20571375/2s9YXk2fj5#f20619d9-ba42-4671-bd93-c4fece744171","DOCUMENTED_REQUEST_NOT_EXECUTED"
"API GRAPHQL / MUTATION","Pessoa física - Atualizar","POST","/graphql","https://documenter.getpostman.com/view/20571375/2s9YXk2fj5#d21fe07e-4330-4d6a-938c-2694e4789c2b","DOCUMENTED_REQUEST_NOT_EXECUTED"
"API GRAPHQL / MUTATION","Pessoa física - Criar","POST","/graphql","https://documenter.getpostman.com/view/20571375/2s9YXk2fj5#93a3c885-27cf-4b36-9d33-93c4c830df4e","DOCUMENTED_REQUEST_NOT_EXECUTED"
"API GRAPHQL / MUTATION","Pessoa Jurídica - Atualizar","POST","/graphql","https://documenter.getpostman.com/view/20571375/2s9YXk2fj5#a8c4c87f-cae0-4e81-af31-8ab1952045f5","DOCUMENTED_REQUEST_NOT_EXECUTED"
"API GRAPHQL / MUTATION","Pessoa Jurídica - Criar","POST","/graphql","https://documenter.getpostman.com/view/20571375/2s9YXk2fj5#089c8e4f-6975-4be3-82f4-2fbf61e5583c","DOCUMENTED_REQUEST_NOT_EXECUTED"
"API GRAPHQL / MUTATION","Praça de Pedágio - Atualizar","POST","/graphql","https://documenter.getpostman.com/view/20571375/2s9YXk2fj5#70e09974-1610-4c5f-a1ee-8e369c4563c6","DOCUMENTED_REQUEST_NOT_EXECUTED"
"API GRAPHQL / MUTATION","Pré-embarque - Criar","POST","/graphql","https://documenter.getpostman.com/view/20571375/2s9YXk2fj5#ec872a99-f34c-4fcf-8236-2f4320d410f1","DOCUMENTED_REQUEST_NOT_EXECUTED"
"API GRAPHQL / MUTATION","Pré-embarque - Deletar","POST","/graphql","https://documenter.getpostman.com/view/20571375/2s9YXk2fj5#0ec4138f-d6b3-4388-8ab8-eecbbe4627d0","DOCUMENTED_REQUEST_NOT_EXECUTED"
"API GRAPHQL / MUTATION","Processo de Container - Atualizar","POST","/graphql","https://documenter.getpostman.com/view/20571375/2s9YXk2fj5#32e35aac-9494-4545-a7eb-c67ce2765b19","DOCUMENTED_REQUEST_NOT_EXECUTED"
"API GRAPHQL / MUTATION","Processo de Container - Criar","POST","/graphql","https://documenter.getpostman.com/view/20571375/2s9YXk2fj5#68087c40-0807-4361-817d-d8ea6b2d38ef","DOCUMENTED_REQUEST_NOT_EXECUTED"
"API GRAPHQL / MUTATION","Processo de Container - Criar Frete","POST","/graphql","https://documenter.getpostman.com/view/20571375/2s9YXk2fj5#823cdb4e-f49d-4424-a8a0-e4dabc520596","DOCUMENTED_REQUEST_NOT_EXECUTED"
"API GRAPHQL / MUTATION","Processo de Container - Deletar","POST","/graphql","https://documenter.getpostman.com/view/20571375/2s9YXk2fj5#586f1acb-8fd2-4d80-a992-160407cfd2fa","DOCUMENTED_REQUEST_NOT_EXECUTED"
"API GRAPHQL / MUTATION","Programação - Criar","POST","/graphql","https://documenter.getpostman.com/view/20571375/2s9YXk2fj5#b68dfba4-791a-4a7d-80dd-5851e151714e","DOCUMENTED_REQUEST_NOT_EXECUTED"
"API GRAPHQL / MUTATION","Programação - Criar Manifesto","POST","/graphql","https://documenter.getpostman.com/view/20571375/2s9YXk2fj5#ebe75587-3ba2-4d78-8bf9-fefaf0b54710","DOCUMENTED_REQUEST_NOT_EXECUTED"
"API GRAPHQL / MUTATION","Rota - Criar","POST","/graphql","https://documenter.getpostman.com/view/20571375/2s9YXk2fj5#d4a10216-982c-42e1-b580-e64dc67e3e30","DOCUMENTED_REQUEST_NOT_EXECUTED"
"API GRAPHQL / MUTATION","Rota - Atualizar","POST","/graphql","https://documenter.getpostman.com/view/20571375/2s9YXk2fj5#00e6ed2c-ad9a-4f8e-a0af-dfa841da7f41","DOCUMENTED_REQUEST_NOT_EXECUTED"
"API GRAPHQL / MUTATION","Tabela de Preço de Cliente - Atualizar","POST","/graphql","https://documenter.getpostman.com/view/20571375/2s9YXk2fj5#ef603179-6df7-4cdb-b225-be460ed0da1b","DOCUMENTED_REQUEST_NOT_EXECUTED"
"API GRAPHQL / MUTATION","Tabela de Preço de Cliente - Criar","POST","/graphql","https://documenter.getpostman.com/view/20571375/2s9YXk2fj5#442c94bb-311d-4808-92e3-410dcc8e0251","DOCUMENTED_REQUEST_NOT_EXECUTED"
"API GRAPHQL / MUTATION","Trecho de Tabela de Preço - Atualizar","POST","/graphql","https://documenter.getpostman.com/view/20571375/2s9YXk2fj5#279fb7f5-e04a-4933-9001-62cf6467a5b3","DOCUMENTED_REQUEST_NOT_EXECUTED"
"API GRAPHQL / MUTATION","Trecho de Tabela de Preço - Criar","POST","/graphql","https://documenter.getpostman.com/view/20571375/2s9YXk2fj5#4a6842fe-d1d6-4a95-9ca4-469f0ada0b0c","DOCUMENTED_REQUEST_NOT_EXECUTED"
"API GRAPHQL / MUTATION","Veículo - Atualizar","POST","/graphql","https://documenter.getpostman.com/view/20571375/2s9YXk2fj5#6f49f72d-521a-487d-a8fd-6d4e862c0517","DOCUMENTED_REQUEST_NOT_EXECUTED"
"API GRAPHQL / MUTATION","Veículo - Criar","POST","/graphql","https://documenter.getpostman.com/view/20571375/2s9YXk2fj5#e49619e3-1003-46a5-88f9-5053e44acadf","DOCUMENTED_REQUEST_NOT_EXECUTED"
