"anchor","documentation","classification"
"agendamento_coleta_reversa-post","https://demonstracao.eslcloud.com.br/graphql_docs#operation-agendamento_coleta_reversa-post","DOCUMENTATION_ANCHOR_NOT_EXECUTED"
"ctes-post","https://demonstracao.eslcloud.com.br/graphql_docs#operation-ctes-post","DOCUMENTATION_ANCHOR_NOT_EXECUTED"
"classifica--o_de_carga-post","https://demonstracao.eslcloud.com.br/graphql_docs#operation-classifica--o_de_carga-post","DOCUMENTATION_ANCHOR_NOT_EXECUTED"
"coletas-post","https://demonstracao.eslcloud.com.br/graphql_docs#operation-coletas-post","DOCUMENTATION_ANCHOR_NOT_EXECUTED"
"contas_banc-rias-post","https://demonstracao.eslcloud.com.br/graphql_docs#operation-contas_banc-rias-post","DOCUMENTATION_ANCHOR_NOT_EXECUTED"
"ctes_de_terceiros-post","https://demonstracao.eslcloud.com.br/graphql_docs#operation-ctes_de_terceiros-post","DOCUMENTATION_ANCHOR_NOT_EXECUTED"
"demandas-post","https://demonstracao.eslcloud.com.br/graphql_docs#operation-demandas-post","DOCUMENTATION_ANCHOR_NOT_EXECUTED"
"embalagens-post","https://demonstracao.eslcloud.com.br/graphql_docs#operation-embalagens-post","DOCUMENTATION_ANCHOR_NOT_EXECUTED"
"emiss-o_-gil_de_fretes-post","https://demonstracao.eslcloud.com.br/graphql_docs#operation-emiss-o_-gil_de_fretes-post","DOCUMENTATION_ANCHOR_NOT_EXECUTED"
"faturas_a_receber-post","https://demonstracao.eslcloud.com.br/graphql_docs#operation-faturas_a_receber-post","DOCUMENTATION_ANCHOR_NOT_EXECUTED"
"fretes-post","https://demonstracao.eslcloud.com.br/graphql_docs#operation-fretes-post","DOCUMENTATION_ANCHOR_NOT_EXECUTED"
"fretes_-cliente--post","https://demonstracao.eslcloud.com.br/graphql_docs#operation-fretes_-cliente--post","DOCUMENTATION_ANCHOR_NOT_EXECUTED"
"grupo_log-stico-post","https://demonstracao.eslcloud.com.br/graphql_docs#operation-grupo_log-stico-post","DOCUMENTATION_ANCHOR_NOT_EXECUTED"
"limite_de_cr-dito-post","https://demonstracao.eslcloud.com.br/graphql_docs#operation-limite_de_cr-dito-post","DOCUMENTATION_ANCHOR_NOT_EXECUTED"
"naturezas_de_mercadoria-post","https://demonstracao.eslcloud.com.br/graphql_docs#operation-naturezas_de_mercadoria-post","DOCUMENTATION_ANCHOR_NOT_EXECUTED"
"nfses-post","https://demonstracao.eslcloud.com.br/graphql_docs#operation-nfses-post","DOCUMENTATION_ANCHOR_NOT_EXECUTED"
"notas-post","https://demonstracao.eslcloud.com.br/graphql_docs#operation-notas-post","DOCUMENTATION_ANCHOR_NOT_EXECUTED"
"pessoas_f-sicas-post","https://demonstracao.eslcloud.com.br/graphql_docs#operation-pessoas_f-sicas-post","DOCUMENTATION_ANCHOR_NOT_EXECUTED"
"pessoas_jur-dicas-post","https://demonstracao.eslcloud.com.br/graphql_docs#operation-pessoas_jur-dicas-post","DOCUMENTATION_ANCHOR_NOT_EXECUTED"
"pra-as_de_ped-gio-post","https://demonstracao.eslcloud.com.br/graphql_docs#operation-pra-as_de_ped-gio-post","DOCUMENTATION_ANCHOR_NOT_EXECUTED"
"prazo_de_entrega-post","https://demonstracao.eslcloud.com.br/graphql_docs#operation-prazo_de_entrega-post","DOCUMENTATION_ANCHOR_NOT_EXECUTED"
"pr--embarque-post","https://demonstracao.eslcloud.com.br/graphql_docs#operation-pr--embarque-post","DOCUMENTATION_ANCHOR_NOT_EXECUTED"
"processo_de_container-post","https://demonstracao.eslcloud.com.br/graphql_docs#operation-processo_de_container-post","DOCUMENTATION_ANCHOR_NOT_EXECUTED"
"regi-o_de_entrega-post","https://demonstracao.eslcloud.com.br/graphql_docs#operation-regi-o_de_entrega-post","DOCUMENTATION_ANCHOR_NOT_EXECUTED"
"regi-o_de_tabela_de_pre-o-post","https://demonstracao.eslcloud.com.br/graphql_docs#operation-regi-o_de_tabela_de_pre-o-post","DOCUMENTATION_ANCHOR_NOT_EXECUTED"
"rota-post","https://demonstracao.eslcloud.com.br/graphql_docs#operation-rota-post","DOCUMENTATION_ANCHOR_NOT_EXECUTED"
"tabela_de_pre-o_de_cia._a-rea-post","https://demonstracao.eslcloud.com.br/graphql_docs#operation-tabela_de_pre-o_de_cia._a-rea-post","DOCUMENTATION_ANCHOR_NOT_EXECUTED"
"tabela_de_pre-o_de_cliente-post","https://demonstracao.eslcloud.com.br/graphql_docs#operation-tabela_de_pre-o_de_cliente-post","DOCUMENTATION_ANCHOR_NOT_EXECUTED"
"trecho_de_tabela_de_pre-o-post","https://demonstracao.eslcloud.com.br/graphql_docs#operation-trecho_de_tabela_de_pre-o-post","DOCUMENTATION_ANCHOR_NOT_EXECUTED"
"taxas_de_c-mbio-post","https://demonstracao.eslcloud.com.br/graphql_docs#operation-taxas_de_c-mbio-post","DOCUMENTATION_ANCHOR_NOT_EXECUTED"
"tipos_de_ve-culos-post","https://demonstracao.eslcloud.com.br/graphql_docs#operation-tipos_de_ve-culos-post","DOCUMENTATION_ANCHOR_NOT_EXECUTED"
"tipo_de_coleta-post","https://demonstracao.eslcloud.com.br/graphql_docs#operation-tipo_de_coleta-post","DOCUMENTATION_ANCHOR_NOT_EXECUTED"
"tipo_de_documento-post","https://demonstracao.eslcloud.com.br/graphql_docs#operation-tipo_de_documento-post","DOCUMENTATION_ANCHOR_NOT_EXECUTED"
"relat-rio_de_fretes_-_rela--o_-anal-tico--post","https://demonstracao.eslcloud.com.br/graphql_docs#operation-relat-rio_de_fretes_-_rela--o_-anal-tico--post","DOCUMENTATION_ANCHOR_NOT_EXECUTED"
"relat-rio_de_fretes_-_rela--o_-sint-tico--post","https://demonstracao.eslcloud.com.br/graphql_docs#operation-relat-rio_de_fretes_-_rela--o_-sint-tico--post","DOCUMENTATION_ANCHOR_NOT_EXECUTED"
"relat-rio_de_fretes_-_entrega_-anal-tico--post","https://demonstracao.eslcloud.com.br/graphql_docs#operation-relat-rio_de_fretes_-_entrega_-anal-tico--post","DOCUMENTATION_ANCHOR_NOT_EXECUTED"
"relat-rio_de_fretes_-_entrega_-sint-tico--post","https://demonstracao.eslcloud.com.br/graphql_docs#operation-relat-rio_de_fretes_-_entrega_-sint-tico--post","DOCUMENTATION_ANCHOR_NOT_EXECUTED"
"relat-rio_de_fretes_-_performance_-anal-tico--post","https://demonstracao.eslcloud.com.br/graphql_docs#operation-relat-rio_de_fretes_-_performance_-anal-tico--post","DOCUMENTATION_ANCHOR_NOT_EXECUTED"
"relat-rio_de_fretes_-_performance_-sint-tico--post","https://demonstracao.eslcloud.com.br/graphql_docs#operation-relat-rio_de_fretes_-_performance_-sint-tico--post","DOCUMENTATION_ANCHOR_NOT_EXECUTED"
"relat-rio_de_fretes_-_margem_-anal-tico--post","https://demonstracao.eslcloud.com.br/graphql_docs#operation-relat-rio_de_fretes_-_margem_-anal-tico--post","DOCUMENTATION_ANCHOR_NOT_EXECUTED"
"relat-rio_de_fretes_-_margem_-sint-tico--post","https://demonstracao.eslcloud.com.br/graphql_docs#operation-relat-rio_de_fretes_-_margem_-sint-tico--post","DOCUMENTATION_ANCHOR_NOT_EXECUTED"
"relat-rio_de_coleta_-anal-tico--post","https://demonstracao.eslcloud.com.br/graphql_docs#operation-relat-rio_de_coleta_-anal-tico--post","DOCUMENTATION_ANCHOR_NOT_EXECUTED"
"relat-rio_de_coleta_-sint-tico--post","https://demonstracao.eslcloud.com.br/graphql_docs#operation-relat-rio_de_coleta_-sint-tico--post","DOCUMENTATION_ANCHOR_NOT_EXECUTED"
"relat-rio_de_comiss-o_de_vendedor_-anal-tico--post","https://demonstracao.eslcloud.com.br/graphql_docs#operation-relat-rio_de_comiss-o_de_vendedor_-anal-tico--post","DOCUMENTATION_ANCHOR_NOT_EXECUTED"
"relat-rio_de_comiss-o_de_vendedor_-sint-tico--post","https://demonstracao.eslcloud.com.br/graphql_docs#operation-relat-rio_de_comiss-o_de_vendedor_-sint-tico--post","DOCUMENTATION_ANCHOR_NOT_EXECUTED"
"relat-rio_de_manifestos_-rela--o-_-_anal-tico-post","https://demonstracao.eslcloud.com.br/graphql_docs#operation-relat-rio_de_manifestos_-rela--o-_-_anal-tico-post","DOCUMENTATION_ANCHOR_NOT_EXECUTED"
"relat-rio_de_manifestos_-rela--o-_-_sint-tico-post","https://demonstracao.eslcloud.com.br/graphql_docs#operation-relat-rio_de_manifestos_-rela--o-_-_sint-tico-post","DOCUMENTATION_ANCHOR_NOT_EXECUTED"
"relat-rio_de_manifestos_-an-lise-_-_anal-tico-post","https://demonstracao.eslcloud.com.br/graphql_docs#operation-relat-rio_de_manifestos_-an-lise-_-_anal-tico-post","DOCUMENTATION_ANCHOR_NOT_EXECUTED"
"relat-rio_de_manifestos_-an-lise-_-_sint-tico-post","https://demonstracao.eslcloud.com.br/graphql_docs#operation-relat-rio_de_manifestos_-an-lise-_-_sint-tico-post","DOCUMENTATION_ANCHOR_NOT_EXECUTED"
"relat-rio_de_contas_a_receber_-_anal-tico-post","https://demonstracao.eslcloud.com.br/graphql_docs#operation-relat-rio_de_contas_a_receber_-_anal-tico-post","DOCUMENTATION_ANCHOR_NOT_EXECUTED"
"relat-rio_de_contas_a_receber_-_sint-tico-post","https://demonstracao.eslcloud.com.br/graphql_docs#operation-relat-rio_de_contas_a_receber_-_sint-tico-post","DOCUMENTATION_ANCHOR_NOT_EXECUTED"
"relat-rio_de_contas_a_pagar_-_anal-tico-post","https://demonstracao.eslcloud.com.br/graphql_docs#operation-relat-rio_de_contas_a_pagar_-_anal-tico-post","DOCUMENTATION_ANCHOR_NOT_EXECUTED"
"relat-rio_de_contas_a_pagar_-_sint-tico-post","https://demonstracao.eslcloud.com.br/graphql_docs#operation-relat-rio_de_contas_a_pagar_-_sint-tico-post","DOCUMENTATION_ANCHOR_NOT_EXECUTED"
"relat-rio_de_cota--es_-anal-tico--post","https://demonstracao.eslcloud.com.br/graphql_docs#operation-relat-rio_de_cota--es_-anal-tico--post","DOCUMENTATION_ANCHOR_NOT_EXECUTED"
"relat-rio_de_cota--es_-sint-tico--post","https://demonstracao.eslcloud.com.br/graphql_docs#operation-relat-rio_de_cota--es_-sint-tico--post","DOCUMENTATION_ANCHOR_NOT_EXECUTED"
"adiantamento_-_atualizar-post","https://demonstracao.eslcloud.com.br/graphql_docs#operation-adiantamento_-_atualizar-post","DOCUMENTATION_ANCHOR_NOT_EXECUTED"
"adiantamento_-_criar-post","https://demonstracao.eslcloud.com.br/graphql_docs#operation-adiantamento_-_criar-post","DOCUMENTATION_ANCHOR_NOT_EXECUTED"
"agente_por_servi-o_de_regi-o_de_entrega_-_atualizar-post","https://demonstracao.eslcloud.com.br/graphql_docs#operation-agente_por_servi-o_de_regi-o_de_entrega_-_atualizar-post","DOCUMENTATION_ANCHOR_NOT_EXECUTED"
"agente_por_servi-o_de_regi-o_de_entrega_-_criar-post","https://demonstracao.eslcloud.com.br/graphql_docs#operation-agente_por_servi-o_de_regi-o_de_entrega_-_criar-post","DOCUMENTATION_ANCHOR_NOT_EXECUTED"
"agendamento_coleta_reversa_-_criar-post","https://demonstracao.eslcloud.com.br/graphql_docs#operation-agendamento_coleta_reversa_-_criar-post","DOCUMENTATION_ANCHOR_NOT_EXECUTED"
"boleto_-_criar-post","https://demonstracao.eslcloud.com.br/graphql_docs#operation-boleto_-_criar-post","DOCUMENTATION_ANCHOR_NOT_EXECUTED"
"centro_de_custo_-_atualizar-post","https://demonstracao.eslcloud.com.br/graphql_docs#operation-centro_de_custo_-_atualizar-post","DOCUMENTATION_ANCHOR_NOT_EXECUTED"
"centro_de_custo_-_criar-post","https://demonstracao.eslcloud.com.br/graphql_docs#operation-centro_de_custo_-_criar-post","DOCUMENTATION_ANCHOR_NOT_EXECUTED"
"centro_de_resultado_-_atualizar-post","https://demonstracao.eslcloud.com.br/graphql_docs#operation-centro_de_resultado_-_atualizar-post","DOCUMENTATION_ANCHOR_NOT_EXECUTED"
"centro_de_resultado_-_criar-post","https://demonstracao.eslcloud.com.br/graphql_docs#operation-centro_de_resultado_-_criar-post","DOCUMENTATION_ANCHOR_NOT_EXECUTED"
"cidade-_estado_e_faixa_de_cep_de_regi-o_de_entrega_-_atualizar-post","https://demonstracao.eslcloud.com.br/graphql_docs#operation-cidade-_estado_e_faixa_de_cep_de_regi-o_de_entrega_-_atualizar-post","DOCUMENTATION_ANCHOR_NOT_EXECUTED"
"cidade-_estado_e_faixa_de_cep_de_regi-o_de_entrega_-_criar-post","https://demonstracao.eslcloud.com.br/graphql_docs#operation-cidade-_estado_e_faixa_de_cep_de_regi-o_de_entrega_-_criar-post","DOCUMENTATION_ANCHOR_NOT_EXECUTED"
"cidade_de_regi-o_tabela_de_pre-o_-_atualizar-post","https://demonstracao.eslcloud.com.br/graphql_docs#operation-cidade_de_regi-o_tabela_de_pre-o_-_atualizar-post","DOCUMENTATION_ANCHOR_NOT_EXECUTED"
"conta_cont-bil_de_cr-dito_-_atualizar-post","https://demonstracao.eslcloud.com.br/graphql_docs#operation-conta_cont-bil_de_cr-dito_-_atualizar-post","DOCUMENTATION_ANCHOR_NOT_EXECUTED"
"conta_cont-bil_de_cr-dito_-_criar-post","https://demonstracao.eslcloud.com.br/graphql_docs#operation-conta_cont-bil_de_cr-dito_-_criar-post","DOCUMENTATION_ANCHOR_NOT_EXECUTED"
"conta_cont-bil_de_d-bito_-_atualizar-post","https://demonstracao.eslcloud.com.br/graphql_docs#operation-conta_cont-bil_de_d-bito_-_atualizar-post","DOCUMENTATION_ANCHOR_NOT_EXECUTED"
"conta_cont-bil_de_d-bito_-_criar-post","https://demonstracao.eslcloud.com.br/graphql_docs#operation-conta_cont-bil_de_d-bito_-_criar-post","DOCUMENTATION_ANCHOR_NOT_EXECUTED"
"controle_externo_-_atualizar-post","https://demonstracao.eslcloud.com.br/graphql_docs#operation-controle_externo_-_atualizar-post","DOCUMENTATION_ANCHOR_NOT_EXECUTED"
"cota--o_-_criar-post","https://demonstracao.eslcloud.com.br/graphql_docs#operation-cota--o_-_criar-post","DOCUMENTATION_ANCHOR_NOT_EXECUTED"
"cota--o_-_deletar-post","https://demonstracao.eslcloud.com.br/graphql_docs#operation-cota--o_-_deletar-post","DOCUMENTATION_ANCHOR_NOT_EXECUTED"
"coleta_-_atualizar-post","https://demonstracao.eslcloud.com.br/graphql_docs#operation-coleta_-_atualizar-post","DOCUMENTATION_ANCHOR_NOT_EXECUTED"
"coleta_-_cancelar-post","https://demonstracao.eslcloud.com.br/graphql_docs#operation-coleta_-_cancelar-post","DOCUMENTATION_ANCHOR_NOT_EXECUTED"
"coleta_-_criar-post","https://demonstracao.eslcloud.com.br/graphql_docs#operation-coleta_-_criar-post","DOCUMENTATION_ANCHOR_NOT_EXECUTED"
"coleta_de_malote_-_criar-post","https://demonstracao.eslcloud.com.br/graphql_docs#operation-coleta_de_malote_-_criar-post","DOCUMENTATION_ANCHOR_NOT_EXECUTED"
"demanda_-_atualizar-post","https://demonstracao.eslcloud.com.br/graphql_docs#operation-demanda_-_atualizar-post","DOCUMENTATION_ANCHOR_NOT_EXECUTED"
"demanda_-_criar-post","https://demonstracao.eslcloud.com.br/graphql_docs#operation-demanda_-_criar-post","DOCUMENTATION_ANCHOR_NOT_EXECUTED"
"destinat-rio_de_regi-o_de_entrega_-_atualizar-post","https://demonstracao.eslcloud.com.br/graphql_docs#operation-destinat-rio_de_regi-o_de_entrega_-_atualizar-post","DOCUMENTATION_ANCHOR_NOT_EXECUTED"
"documento_de_itiner-rio_-_criar-post","https://demonstracao.eslcloud.com.br/graphql_docs#operation-documento_de_itiner-rio_-_criar-post","DOCUMENTATION_ANCHOR_NOT_EXECUTED"
"documento_de_grupo_log-stico_-_atualizar-post","https://demonstracao.eslcloud.com.br/graphql_docs#operation-documento_de_grupo_log-stico_-_atualizar-post","DOCUMENTATION_ANCHOR_NOT_EXECUTED"
"documento_de_grupo_log-stico_-_deletar-post","https://demonstracao.eslcloud.com.br/graphql_docs#operation-documento_de_grupo_log-stico_-_deletar-post","DOCUMENTATION_ANCHOR_NOT_EXECUTED"
"emiss-o_-gil_-_criar-post","https://demonstracao.eslcloud.com.br/graphql_docs#operation-emiss-o_-gil_-_criar-post","DOCUMENTATION_ANCHOR_NOT_EXECUTED"
"embalagem_-_atualizar-post","https://demonstracao.eslcloud.com.br/graphql_docs#operation-embalagem_-_atualizar-post","DOCUMENTATION_ANCHOR_NOT_EXECUTED"
"embalagem_-_criar-post","https://demonstracao.eslcloud.com.br/graphql_docs#operation-embalagem_-_criar-post","DOCUMENTATION_ANCHOR_NOT_EXECUTED"
"faixa_de_cep_tabela_de_pre-o_-_atualizar-post","https://demonstracao.eslcloud.com.br/graphql_docs#operation-faixa_de_cep_tabela_de_pre-o_-_atualizar-post","DOCUMENTATION_ANCHOR_NOT_EXECUTED"
"faixa_de_pre-o_-_atualizar-post","https://demonstracao.eslcloud.com.br/graphql_docs#operation-faixa_de_pre-o_-_atualizar-post","DOCUMENTATION_ANCHOR_NOT_EXECUTED"
"faixa_de_pre-o_cia._a-rea_-_atualizar-post","https://demonstracao.eslcloud.com.br/graphql_docs#operation-faixa_de_pre-o_cia._a-rea_-_atualizar-post","DOCUMENTATION_ANCHOR_NOT_EXECUTED"
"fatura_a_pagar_-_atualizar-post","https://demonstracao.eslcloud.com.br/graphql_docs#operation-fatura_a_pagar_-_atualizar-post","DOCUMENTATION_ANCHOR_NOT_EXECUTED"
"fatura_a_receber_-_atualizar-post","https://demonstracao.eslcloud.com.br/graphql_docs#operation-fatura_a_receber_-_atualizar-post","DOCUMENTATION_ANCHOR_NOT_EXECUTED"
"fatura_de_cliente_a_receber_-_atualizar-post","https://demonstracao.eslcloud.com.br/graphql_docs#operation-fatura_de_cliente_a_receber_-_atualizar-post","DOCUMENTATION_ANCHOR_NOT_EXECUTED"
"fatura_de_cliente_a_receber_-_baixar-post","https://demonstracao.eslcloud.com.br/graphql_docs#operation-fatura_de_cliente_a_receber_-_baixar-post","DOCUMENTATION_ANCHOR_NOT_EXECUTED"
"filial_de_regi-o_de_entrega_-_atualizar-post","https://demonstracao.eslcloud.com.br/graphql_docs#operation-filial_de_regi-o_de_entrega_-_atualizar-post","DOCUMENTATION_ANCHOR_NOT_EXECUTED"
"frete_-_atualizar-post","https://demonstracao.eslcloud.com.br/graphql_docs#operation-frete_-_atualizar-post","DOCUMENTATION_ANCHOR_NOT_EXECUTED"
"frete_-_confirmar_notas-post","https://demonstracao.eslcloud.com.br/graphql_docs#operation-frete_-_confirmar_notas-post","DOCUMENTATION_ANCHOR_NOT_EXECUTED"
"frete_-_criar-post","https://demonstracao.eslcloud.com.br/graphql_docs#operation-frete_-_criar-post","DOCUMENTATION_ANCHOR_NOT_EXECUTED"
"frete_complementar_-_criar-post","https://demonstracao.eslcloud.com.br/graphql_docs#operation-frete_complementar_-_criar-post","DOCUMENTATION_ANCHOR_NOT_EXECUTED"
"itiner-rio_-_atualizar-post","https://demonstracao.eslcloud.com.br/graphql_docs#operation-itiner-rio_-_atualizar-post","DOCUMENTATION_ANCHOR_NOT_EXECUTED"
"grupo_log-stico_-_criar-post","https://demonstracao.eslcloud.com.br/graphql_docs#operation-grupo_log-stico_-_criar-post","DOCUMENTATION_ANCHOR_NOT_EXECUTED"
"grupo_log-stico_-_atualizar-post","https://demonstracao.eslcloud.com.br/graphql_docs#operation-grupo_log-stico_-_atualizar-post","DOCUMENTATION_ANCHOR_NOT_EXECUTED"
"grupo_log-stico_-_deletar-post","https://demonstracao.eslcloud.com.br/graphql_docs#operation-grupo_log-stico_-_deletar-post","DOCUMENTATION_ANCHOR_NOT_EXECUTED"
"item_de_container_-_atualizar-post","https://demonstracao.eslcloud.com.br/graphql_docs#operation-item_de_container_-_atualizar-post","DOCUMENTATION_ANCHOR_NOT_EXECUTED"
"lan-amento_a_pagar_-_criar-post","https://demonstracao.eslcloud.com.br/graphql_docs#operation-lan-amento_a_pagar_-_criar-post","DOCUMENTATION_ANCHOR_NOT_EXECUTED"
"lan-amento_a_pagar_-_atualizar-post","https://demonstracao.eslcloud.com.br/graphql_docs#operation-lan-amento_a_pagar_-_atualizar-post","DOCUMENTATION_ANCHOR_NOT_EXECUTED"
"lan-amento_a_pagar_-_baixar-post","https://demonstracao.eslcloud.com.br/graphql_docs#operation-lan-amento_a_pagar_-_baixar-post","DOCUMENTATION_ANCHOR_NOT_EXECUTED"
"lan-amento_a_receber_-_criar-post","https://demonstracao.eslcloud.com.br/graphql_docs#operation-lan-amento_a_receber_-_criar-post","DOCUMENTATION_ANCHOR_NOT_EXECUTED"
"lan-amento_a_receber_-_atualizar-post","https://demonstracao.eslcloud.com.br/graphql_docs#operation-lan-amento_a_receber_-_atualizar-post","DOCUMENTATION_ANCHOR_NOT_EXECUTED"
"lan-amento_a_receber_-_baixar-post","https://demonstracao.eslcloud.com.br/graphql_docs#operation-lan-amento_a_receber_-_baixar-post","DOCUMENTATION_ANCHOR_NOT_EXECUTED"
"limite_de_cr-dito_-_criar-post","https://demonstracao.eslcloud.com.br/graphql_docs#operation-limite_de_cr-dito_-_criar-post","DOCUMENTATION_ANCHOR_NOT_EXECUTED"
"limite_de_cr-dito_-_atualizar-post","https://demonstracao.eslcloud.com.br/graphql_docs#operation-limite_de_cr-dito_-_atualizar-post","DOCUMENTATION_ANCHOR_NOT_EXECUTED"
"limite_de_cr-dito_-_deletar-post","https://demonstracao.eslcloud.com.br/graphql_docs#operation-limite_de_cr-dito_-_deletar-post","DOCUMENTATION_ANCHOR_NOT_EXECUTED"
"localiza--o_de_ve-culo_e_manifesto_-_criar-post","https://demonstracao.eslcloud.com.br/graphql_docs#operation-localiza--o_de_ve-culo_e_manifesto_-_criar-post","DOCUMENTATION_ANCHOR_NOT_EXECUTED"
"malote_-_criar-post","https://demonstracao.eslcloud.com.br/graphql_docs#operation-malote_-_criar-post","DOCUMENTATION_ANCHOR_NOT_EXECUTED"
"manifesto_-_criar-post","https://demonstracao.eslcloud.com.br/graphql_docs#operation-manifesto_-_criar-post","DOCUMENTATION_ANCHOR_NOT_EXECUTED"
"manifesto_-_vincular_fretes-post","https://demonstracao.eslcloud.com.br/graphql_docs#operation-manifesto_-_vincular_fretes-post","DOCUMENTATION_ANCHOR_NOT_EXECUTED"
"manifesto_-_fechar-post","https://demonstracao.eslcloud.com.br/graphql_docs#operation-manifesto_-_fechar-post","DOCUMENTATION_ANCHOR_NOT_EXECUTED"
"manifesto_-_fechar_operacional-post","https://demonstracao.eslcloud.com.br/graphql_docs#operation-manifesto_-_fechar_operacional-post","DOCUMENTATION_ANCHOR_NOT_EXECUTED"
"manifesto_-_iniciar_transporte-post","https://demonstracao.eslcloud.com.br/graphql_docs#operation-manifesto_-_iniciar_transporte-post","DOCUMENTATION_ANCHOR_NOT_EXECUTED"
"manifesto_-_atualizar-post","https://demonstracao.eslcloud.com.br/graphql_docs#operation-manifesto_-_atualizar-post","DOCUMENTATION_ANCHOR_NOT_EXECUTED"
"motorista_-_atualizar-post","https://demonstracao.eslcloud.com.br/graphql_docs#operation-motorista_-_atualizar-post","DOCUMENTATION_ANCHOR_NOT_EXECUTED"
"navio_-_atualizar-post","https://demonstracao.eslcloud.com.br/graphql_docs#operation-navio_-_atualizar-post","DOCUMENTATION_ANCHOR_NOT_EXECUTED"
"navio_-_criar-post","https://demonstracao.eslcloud.com.br/graphql_docs#operation-navio_-_criar-post","DOCUMENTATION_ANCHOR_NOT_EXECUTED"
"nota_declara--o_-_atualizar-post","https://demonstracao.eslcloud.com.br/graphql_docs#operation-nota_declara--o_-_atualizar-post","DOCUMENTATION_ANCHOR_NOT_EXECUTED"
"nota_declara--o_-_criar-post","https://demonstracao.eslcloud.com.br/graphql_docs#operation-nota_declara--o_-_criar-post","DOCUMENTATION_ANCHOR_NOT_EXECUTED"
"nota_de_d-bito_-_criar-post","https://demonstracao.eslcloud.com.br/graphql_docs#operation-nota_de_d-bito_-_criar-post","DOCUMENTATION_ANCHOR_NOT_EXECUTED"
"nota_fiscal_-_atualizar-post","https://demonstracao.eslcloud.com.br/graphql_docs#operation-nota_fiscal_-_atualizar-post","DOCUMENTATION_ANCHOR_NOT_EXECUTED"
"nota_fiscal_-_criar-post","https://demonstracao.eslcloud.com.br/graphql_docs#operation-nota_fiscal_-_criar-post","DOCUMENTATION_ANCHOR_NOT_EXECUTED"
"nota_fiscal_eletr-nica_-_atualizar-post","https://demonstracao.eslcloud.com.br/graphql_docs#operation-nota_fiscal_eletr-nica_-_atualizar-post","DOCUMENTATION_ANCHOR_NOT_EXECUTED"
"nota_fiscal_eletr-nica_-_criar-post","https://demonstracao.eslcloud.com.br/graphql_docs#operation-nota_fiscal_eletr-nica_-_criar-post","DOCUMENTATION_ANCHOR_NOT_EXECUTED"
"nota_outras_-_atualizar-post","https://demonstracao.eslcloud.com.br/graphql_docs#operation-nota_outras_-_atualizar-post","DOCUMENTATION_ANCHOR_NOT_EXECUTED"
"nota_outras_-_criar-post","https://demonstracao.eslcloud.com.br/graphql_docs#operation-nota_outras_-_criar-post","DOCUMENTATION_ANCHOR_NOT_EXECUTED"
"ocorr-ncia_de_frete_-_criar-post","https://demonstracao.eslcloud.com.br/graphql_docs#operation-ocorr-ncia_de_frete_-_criar-post","DOCUMENTATION_ANCHOR_NOT_EXECUTED"
"ordem_de_confer-ncia_-_atualizar-post","https://demonstracao.eslcloud.com.br/graphql_docs#operation-ordem_de_confer-ncia_-_atualizar-post","DOCUMENTATION_ANCHOR_NOT_EXECUTED"
"ordem_de_confer-ncia_-_criar-post","https://demonstracao.eslcloud.com.br/graphql_docs#operation-ordem_de_confer-ncia_-_criar-post","DOCUMENTATION_ANCHOR_NOT_EXECUTED"
"ordem_de_confer-ncia_-_finalizar-post","https://demonstracao.eslcloud.com.br/graphql_docs#operation-ordem_de_confer-ncia_-_finalizar-post","DOCUMENTATION_ANCHOR_NOT_EXECUTED"
"ordem_de_confer-ncia_-_leitura_de_volumes-post","https://demonstracao.eslcloud.com.br/graphql_docs#operation-ordem_de_confer-ncia_-_leitura_de_volumes-post","DOCUMENTATION_ANCHOR_NOT_EXECUTED"
"pessoa_f-sica_-_atualizar-post","https://demonstracao.eslcloud.com.br/graphql_docs#operation-pessoa_f-sica_-_atualizar-post","DOCUMENTATION_ANCHOR_NOT_EXECUTED"
"pessoa_f-sica_-_criar-post","https://demonstracao.eslcloud.com.br/graphql_docs#operation-pessoa_f-sica_-_criar-post","DOCUMENTATION_ANCHOR_NOT_EXECUTED"
"pessoa_jur-dica_-_atualizar-post","https://demonstracao.eslcloud.com.br/graphql_docs#operation-pessoa_jur-dica_-_atualizar-post","DOCUMENTATION_ANCHOR_NOT_EXECUTED"
"pessoa_jur-dica_-_criar-post","https://demonstracao.eslcloud.com.br/graphql_docs#operation-pessoa_jur-dica_-_criar-post","DOCUMENTATION_ANCHOR_NOT_EXECUTED"
"pra-a_de_ped-gio_-_atualizar-post","https://demonstracao.eslcloud.com.br/graphql_docs#operation-pra-a_de_ped-gio_-_atualizar-post","DOCUMENTATION_ANCHOR_NOT_EXECUTED"
"pr--embarque_-_criar-post","https://demonstracao.eslcloud.com.br/graphql_docs#operation-pr--embarque_-_criar-post","DOCUMENTATION_ANCHOR_NOT_EXECUTED"
"pr--embarque_-_deletar-post","https://demonstracao.eslcloud.com.br/graphql_docs#operation-pr--embarque_-_deletar-post","DOCUMENTATION_ANCHOR_NOT_EXECUTED"
"processo_de_container_-_atualizar-post","https://demonstracao.eslcloud.com.br/graphql_docs#operation-processo_de_container_-_atualizar-post","DOCUMENTATION_ANCHOR_NOT_EXECUTED"
"processo_de_container_-_criar-post","https://demonstracao.eslcloud.com.br/graphql_docs#operation-processo_de_container_-_criar-post","DOCUMENTATION_ANCHOR_NOT_EXECUTED"
"processo_de_container_-_criar_frete-post","https://demonstracao.eslcloud.com.br/graphql_docs#operation-processo_de_container_-_criar_frete-post","DOCUMENTATION_ANCHOR_NOT_EXECUTED"
"processo_de_container_-_deletar-post","https://demonstracao.eslcloud.com.br/graphql_docs#operation-processo_de_container_-_deletar-post","DOCUMENTATION_ANCHOR_NOT_EXECUTED"
"programa--o_-_atualizar-post","https://demonstracao.eslcloud.com.br/graphql_docs#operation-programa--o_-_atualizar-post","DOCUMENTATION_ANCHOR_NOT_EXECUTED"
"programa--o_-_criar-post","https://demonstracao.eslcloud.com.br/graphql_docs#operation-programa--o_-_criar-post","DOCUMENTATION_ANCHOR_NOT_EXECUTED"
"programa--o_-_criar_manifesto-post","https://demonstracao.eslcloud.com.br/graphql_docs#operation-programa--o_-_criar_manifesto-post","DOCUMENTATION_ANCHOR_NOT_EXECUTED"
"regi-o_de_entrega_-_atualizar-post","https://demonstracao.eslcloud.com.br/graphql_docs#operation-regi-o_de_entrega_-_atualizar-post","DOCUMENTATION_ANCHOR_NOT_EXECUTED"
"regi-o_de_entrega_-_criar-post","https://demonstracao.eslcloud.com.br/graphql_docs#operation-regi-o_de_entrega_-_criar-post","DOCUMENTATION_ANCHOR_NOT_EXECUTED"
"regi-o_tabela_de_pre-o_-_atualizar-post","https://demonstracao.eslcloud.com.br/graphql_docs#operation-regi-o_tabela_de_pre-o_-_atualizar-post","DOCUMENTATION_ANCHOR_NOT_EXECUTED"
"regi-o_tabela_de_pre-o_-_criar-post","https://demonstracao.eslcloud.com.br/graphql_docs#operation-regi-o_tabela_de_pre-o_-_criar-post","DOCUMENTATION_ANCHOR_NOT_EXECUTED"
"rota_-_criar-post","https://demonstracao.eslcloud.com.br/graphql_docs#operation-rota_-_criar-post","DOCUMENTATION_ANCHOR_NOT_EXECUTED"
"rota_-_atualizar-post","https://demonstracao.eslcloud.com.br/graphql_docs#operation-rota_-_atualizar-post","DOCUMENTATION_ANCHOR_NOT_EXECUTED"
"rota_dedicada_de_regi-o_de_entrega_-_atualizar-post","https://demonstracao.eslcloud.com.br/graphql_docs#operation-rota_dedicada_de_regi-o_de_entrega_-_atualizar-post","DOCUMENTATION_ANCHOR_NOT_EXECUTED"
"tabela_de_pre-o_de_agente_-_atualizar-post","https://demonstracao.eslcloud.com.br/graphql_docs#operation-tabela_de_pre-o_de_agente_-_atualizar-post","DOCUMENTATION_ANCHOR_NOT_EXECUTED"
"tabela_de_pre-o_de_agente_-_criar-post","https://demonstracao.eslcloud.com.br/graphql_docs#operation-tabela_de_pre-o_de_agente_-_criar-post","DOCUMENTATION_ANCHOR_NOT_EXECUTED"
"tabela_de_pre-o_de_cia._a-rea_-_atualizar-post","https://demonstracao.eslcloud.com.br/graphql_docs#operation-tabela_de_pre-o_de_cia._a-rea_-_atualizar-post","DOCUMENTATION_ANCHOR_NOT_EXECUTED"
"tabela_de_pre-o_de_cia._a-rea_-_criar-post","https://demonstracao.eslcloud.com.br/graphql_docs#operation-tabela_de_pre-o_de_cia._a-rea_-_criar-post","DOCUMENTATION_ANCHOR_NOT_EXECUTED"
"tabela_de_pre-o_de_cliente_-_atualizar-post","https://demonstracao.eslcloud.com.br/graphql_docs#operation-tabela_de_pre-o_de_cliente_-_atualizar-post","DOCUMENTATION_ANCHOR_NOT_EXECUTED"
"tabela_de_pre-o_de_cliente_-_criar-post","https://demonstracao.eslcloud.com.br/graphql_docs#operation-tabela_de_pre-o_de_cliente_-_criar-post","DOCUMENTATION_ANCHOR_NOT_EXECUTED"
"tabela_de_pre-o_de_redespacho_-_atualizar-post","https://demonstracao.eslcloud.com.br/graphql_docs#operation-tabela_de_pre-o_de_redespacho_-_atualizar-post","DOCUMENTATION_ANCHOR_NOT_EXECUTED"
"tabela_de_pre-o_de_redespacho_-_criar-post","https://demonstracao.eslcloud.com.br/graphql_docs#operation-tabela_de_pre-o_de_redespacho_-_criar-post","DOCUMENTATION_ANCHOR_NOT_EXECUTED"
"taxa_de_cambio_-_atualizar-post","https://demonstracao.eslcloud.com.br/graphql_docs#operation-taxa_de_cambio_-_atualizar-post","DOCUMENTATION_ANCHOR_NOT_EXECUTED"
"taxa_de_cambio_-_criar-post","https://demonstracao.eslcloud.com.br/graphql_docs#operation-taxa_de_cambio_-_criar-post","DOCUMENTATION_ANCHOR_NOT_EXECUTED"
"trecho_de_tabela_de_pre-o_-_atualizar-post","https://demonstracao.eslcloud.com.br/graphql_docs#operation-trecho_de_tabela_de_pre-o_-_atualizar-post","DOCUMENTATION_ANCHOR_NOT_EXECUTED"
"trecho_de_tabela_de_pre-o_-_criar-post","https://demonstracao.eslcloud.com.br/graphql_docs#operation-trecho_de_tabela_de_pre-o_-_criar-post","DOCUMENTATION_ANCHOR_NOT_EXECUTED"
"trecho_de_tabela_de_pre-o_agente_-_atualizar-post","https://demonstracao.eslcloud.com.br/graphql_docs#operation-trecho_de_tabela_de_pre-o_agente_-_atualizar-post","DOCUMENTATION_ANCHOR_NOT_EXECUTED"
"trecho_de_tabela_de_pre-o_agente_-_criar-post","https://demonstracao.eslcloud.com.br/graphql_docs#operation-trecho_de_tabela_de_pre-o_agente_-_criar-post","DOCUMENTATION_ANCHOR_NOT_EXECUTED"
"trecho_de_tabela_de_pre-o_cia._a-rea_-_atualizar-post","https://demonstracao.eslcloud.com.br/graphql_docs#operation-trecho_de_tabela_de_pre-o_cia._a-rea_-_atualizar-post","DOCUMENTATION_ANCHOR_NOT_EXECUTED"
"trecho_de_tabela_de_pre-o_cia._a-rea_-_criar-post","https://demonstracao.eslcloud.com.br/graphql_docs#operation-trecho_de_tabela_de_pre-o_cia._a-rea_-_criar-post","DOCUMENTATION_ANCHOR_NOT_EXECUTED"
"trecho_de_tabela_de_pre-o_de_redespacho_-_atualizar-post","https://demonstracao.eslcloud.com.br/graphql_docs#operation-trecho_de_tabela_de_pre-o_de_redespacho_-_atualizar-post","DOCUMENTATION_ANCHOR_NOT_EXECUTED"
"trecho_de_tabela_de_pre-o_de_redespacho_-_criar-post","https://demonstracao.eslcloud.com.br/graphql_docs#operation-trecho_de_tabela_de_pre-o_de_redespacho_-_criar-post","DOCUMENTATION_ANCHOR_NOT_EXECUTED"
"ve-culo_-_atualizar-post","https://demonstracao.eslcloud.com.br/graphql_docs#operation-ve-culo_-_atualizar-post","DOCUMENTATION_ANCHOR_NOT_EXECUTED"
"ve-culo_-_criar-post","https://demonstracao.eslcloud.com.br/graphql_docs#operation-ve-culo_-_criar-post","DOCUMENTATION_ANCHOR_NOT_EXECUTED"
