"row_id","row_kind","entity","target","source_kind","contract_id","contract_fingerprint","identity_fingerprint","planning_state","execution_state","vertical_state","primary_strategy_candidate","fallback_strategy_candidate","strategy_selection_state","execution_mode","partition_axis","source_timezone","internal_interval","source_boundary_state","t0_state","tcut_state","delta_semantics","late_data_policy","identity_policy","parent_child_policy","dependency_order","reference_release_state","checkpoint_namespace","incremental_watermark_effect","reconciliation_policy","rollback_policy","owner_role","due_gate","blockers","evidence"
"SRC-USR","SOURCE_ENTITY","usuarios","core.usuarios_current_history","GRAPHQL","graphql-individual","a650e5e8313e6d45bff326dd8ab15920ba23da8e44e9237f538c4cbce76aca7c","8e8ad89777277f3b8bf72b4b63f65d8fa813843380f44da99f0b035bbf788528","PLANNING_ELIGIBLE","BLOCKED_Q01_AND_SOURCE","IMPLEMENTED_IN_SHADOW","GRAPHQL_FULL_SNAPSHOT_REEXTRACTION","LEGACY_READ_ONLY_CONSISTENT_EXPORT","CANDIDATE_NOT_RATIFIED","BOOTSTRAP_PLANNING_ONLY","NONE_FULL_SNAPSHOT","NOT_APPLICABLE","NOT_APPLICABLE","Q01_REQUIRED","UNBOUND_EXECUTION_INPUT","UNBOUND_EXECUTION_INPUT","NO_TEMPORAL_DELTA","FULL_SNAPSHOT_REPLAY_ONLY","TYPE_TAGGED_SOURCE_KEY_PRESERVE_REGISTRY_CANONICAL_ID","NO_CHILD","USERS_CURRENT_BEFORE_HISTORY_RECONCILIATION","NOT_APPLICABLE","BOOTSTRAP","NONE","AGGREGATE_COUNTS_AND_DIGESTS_NO_ROW_VALUE_OR_KEY_EMISSION","TRANSACTIONAL_PARTITION_REPLAY_NO_HARD_DELETE_NO_DOWN_MIGRATION","SEGURANCA_E_OPERACAO","Q-USR-01+Q-USR-02","ORACULO_GRAPHQL_AUTORIZADO+FONTE_HISTORICA_AUTORIZADA+NO_COMPLETENESS_PROOF","LOCAL_CONTRACT+IDENTITY+V2-033"
"SRC-COL","SOURCE_ENTITY","coletas","core.coleta","DATA_EXPORT","dataexport-6908","052d84c37d9c55ae2b2b4891eb4771c68158ee7365402a1388cc68256c67cc59","0ca2cd5ce2573d0bdec31d9bc141887f2d58bc79cd67d289981034a4865705e1","PLANNING_ELIGIBLE","BLOCKED_Q01_AND_SOURCE","IMPLEMENTADA_EM_SHADOW","ESL_PARTITIONED_REEXTRACTION","LEGACY_READ_ONLY_CONSISTENT_EXPORT","CANDIDATE_NOT_RATIFIED","BOOTSTRAP_PLANNING_ONLY","picks.request_date","America/Sao_Paulo","[start,endExclusive)","Q01_REQUIRED","UNBOUND_EXECUTION_INPUT","UNBOUND_EXECUTION_INPUT","(T0,Tcut]","BOUNDED_OVERLAP_SEPARATE_REPLAY","TYPE_TAGGED_SOURCE_KEY_PRESERVE_REGISTRY_CANONICAL_ID","ROOT_WITH_RELATION_CANDIDATES_ONLY","COLETAS_BEFORE_V2-046","EXPLICIT_RELEASE_IF_REFERENCE_CONSUMED","BOOTSTRAP","NONE","AGGREGATE_COUNTS_AND_DIGESTS_NO_ROW_VALUE_OR_KEY_EMISSION","TRANSACTIONAL_PARTITION_REPLAY_NO_HARD_DELETE_NO_DOWN_MIGRATION","OPERACAO_E_PLATAFORMA","Q-COL-01+Q-COL-02","ORACULO_ESL_AUTORIZADO+FONTE_HISTORICA_AUTORIZADA+NO_COMPLETENESS_PROOF","LOCAL_CONTRACT+IDENTITY+V2-010"
"SRC-FRE","SOURCE_ENTITY","fretes","core.fretes","DATA_EXPORT","dataexport-6389","23aef4e4e03488d291d3990bdba813800e3ebb8c8be18e766a788daf9741ec15","4e35b90cd4a58e139210d9adf9ac050acba9a46e62585996b650c6252cf44723","PLANNING_ELIGIBLE","BLOCKED_VERTICAL_Q01_AND_SOURCE","NOT_STARTED","ESL_PARTITIONED_REEXTRACTION","LEGACY_READ_ONLY_CONSISTENT_EXPORT","CANDIDATE_NOT_RATIFIED","BOOTSTRAP_PLANNING_ONLY","freights.service_at","America/Sao_Paulo","[start,endExclusive)","Q01_REQUIRED","UNBOUND_EXECUTION_INPUT","UNBOUND_EXECUTION_INPUT","(T0,Tcut]","BOUNDED_OVERLAP_SEPARATE_REPLAY","TYPE_TAGGED_SOURCE_KEY_PRESERVE_REGISTRY_CANONICAL_ID","ROOT_WITH_RELATION_CANDIDATES_ONLY","AFTER_V2-046A_AND_V2-011","EXPLICIT_RELEASE_IF_REFERENCE_CONSUMED","BOOTSTRAP","NONE","AGGREGATE_COUNTS_AND_DIGESTS_NO_ROW_VALUE_OR_KEY_EMISSION","TRANSACTIONAL_PARTITION_REPLAY_NO_HARD_DELETE_NO_DOWN_MIGRATION","OPERACAO_FISCAL_E_PLATAFORMA","V2-011+Q-FRE-01+Q-FRE-02","V2-046A+V2-011+ORACULO_ESL_AUTORIZADO+FONTE_HISTORICA_AUTORIZADA","LOCAL_CONTRACT+IDENTITY"
"SRC-MAN","SOURCE_ENTITY","manifestos","core.manifestos","DATA_EXPORT","dataexport-6399","30181093f00f47507d1910d9806a97697118ab671aeae0598d21a4a2726a7cb8","ad2e3457a91961372dd29cb96bd6f2cb5fd6f67614d1255303787a8e2c4085c3","PLANNING_ELIGIBLE","BLOCKED_Q01_AND_SOURCE","IMPLEMENTADA_EM_SHADOW_ROLLBACK_ONLY","ESL_PARTITIONED_REEXTRACTION","LEGACY_READ_ONLY_CONSISTENT_EXPORT","CANDIDATE_NOT_RATIFIED","BOOTSTRAP_PLANNING_ONLY","manifests.service_date","America/Sao_Paulo","[start,endExclusive)","Q01_REQUIRED","UNBOUND_EXECUTION_INPUT","UNBOUND_EXECUTION_INPUT","(T0,Tcut]","BOUNDED_OVERLAP_SEPARATE_REPLAY","TYPE_TAGGED_SOURCE_KEY_PRESERVE_REGISTRY_CANONICAL_ID","ROOT_PICK_MDFE_ATOMIC_NO_ORPHAN","MANIFESTOS_BEFORE_V2-046A","EXPLICIT_RELEASE_IF_REFERENCE_CONSUMED","BOOTSTRAP","NONE","AGGREGATE_COUNTS_AND_DIGESTS_NO_ROW_VALUE_OR_KEY_EMISSION","TRANSACTIONAL_PARTITION_REPLAY_NO_HARD_DELETE_NO_DOWN_MIGRATION","OPERACAO_E_PLATAFORMA","Q-MAN-01+Q-MAN-02","Q-MAN-01_EXTERNAL_HOLD+FONTE_HISTORICA_AUTORIZADA+NO_COMPLETENESS_PROOF","LOCAL_CONTRACT+IDENTITY+V2-026"
"SRC-COT","SOURCE_ENTITY","cotacoes","core.cotacao","DATA_EXPORT","dataexport-6906","4bd641aa5ebe1c069776dc7009377d43c4c1d3e26727969667cc7adc01071166","355db9b9998d0366378c763b10738c875772d98bc649bf7b3bcceabbfbe345cb","PLANNING_ELIGIBLE","BLOCKED_Q01_AND_SOURCE","IMPLEMENTADA_EM_SHADOW","ESL_PARTITIONED_REEXTRACTION","LEGACY_READ_ONLY_CONSISTENT_EXPORT","CANDIDATE_NOT_RATIFIED","BOOTSTRAP_PLANNING_ONLY","quotes.requested_at","America/Sao_Paulo","[start,endExclusive)","Q01_REQUIRED","UNBOUND_EXECUTION_INPUT","UNBOUND_EXECUTION_INPUT","(T0,Tcut]","BOUNDED_OVERLAP_SEPARATE_REPLAY","TYPE_TAGGED_SOURCE_KEY_PRESERVE_REGISTRY_CANONICAL_ID","NO_CHILD","COTACOES_INDEPENDENT_ROOT","EXPLICIT_QUOTE_TARIFF_RELEASE_SAME_SCOPE","BOOTSTRAP","NONE","AGGREGATE_COUNTS_AND_DIGESTS_NO_ROW_VALUE_OR_KEY_EMISSION","TRANSACTIONAL_PARTITION_REPLAY_NO_HARD_DELETE_NO_DOWN_MIGRATION","OPERACAO_E_PLATAFORMA","Q-COT-01+Q-COT-02","ORACULO_ESL_AUTORIZADO+FONTE_HISTORICA_AUTORIZADA+REFERENCE_RELEASE_RATIFICADA","LOCAL_CONTRACT+IDENTITY+V2-027"
"SRC-LOC","SOURCE_ENTITY","localizacao_cargas","core.localizacao_cargas","DATA_EXPORT","dataexport-8656","da95fc17fc3db2fae7635c5456166d72af844b1d826e84ab6c2ba8b6f1b65c24","14af11dce5fd7696238907b72f8f6c8c77f86a4cff3045b489da5eb132c0d6f0","PLANNING_ELIGIBLE","BLOCKED_VERTICAL_Q01_AND_SOURCE","NOT_STARTED","ESL_PARTITIONED_REEXTRACTION","LEGACY_READ_ONLY_CONSISTENT_EXPORT","CANDIDATE_NOT_RATIFIED","BOOTSTRAP_PLANNING_ONLY","freights.service_at","America/Sao_Paulo","[start,endExclusive)","Q01_REQUIRED","UNBOUND_EXECUTION_INPUT","UNBOUND_EXECUTION_INPUT","(T0,Tcut]","BOUNDED_OVERLAP_SEPARATE_REPLAY","TYPE_TAGGED_SOURCE_KEY_PRESERVE_REGISTRY_CANONICAL_ID","NO_CHILD_OR_RELATION_INFERRED","AFTER_V2-011_AND_V2-028","EXPLICIT_RELEASE_IF_REFERENCE_CONSUMED","BOOTSTRAP","NONE","AGGREGATE_COUNTS_AND_DIGESTS_NO_ROW_VALUE_OR_KEY_EMISSION","TRANSACTIONAL_PARTITION_REPLAY_NO_HARD_DELETE_NO_DOWN_MIGRATION","OPERACAO_E_PLATAFORMA","V2-028+Q-LOC-01+Q-LOC-02","V2-011+V2-028+ORACULO_ESL_AUTORIZADO+FONTE_HISTORICA_AUTORIZADA","LOCAL_CONTRACT+IDENTITY"
"SRC-CAP","SOURCE_ENTITY","contas_a_pagar","core.contas_a_pagar","DATA_EXPORT","dataexport-8636","948902142c9d35ca76574de13cfac1064b6b06eefb62ae012ea5823022dec4c1","UNRESOLVED_P09","PLANNING_BLOCKED_IDENTITY","BLOCKED_IDENTITY","NOT_STARTED","NONE_UNTIL_IDENTITY","NONE","NOT_SELECTED","BOOTSTRAP_PLANNING_ONLY","accounting_debits.issue_date+created_at","America/Sao_Paulo","[start,endExclusive)","Q01_REQUIRED","UNBOUND_EXECUTION_INPUT","UNBOUND_EXECUTION_INPUT","(T0,Tcut]","NOT_PLANNED_UNTIL_IDENTITY","IDENTITY_UNRESOLVED","ROOT_PARCELA_RATEIO_UNRESOLVED","AFTER_P09_AND_V2-029","EXPLICIT_RELEASE_IF_REFERENCE_CONSUMED","BOOTSTRAP","NONE","AGGREGATE_COUNTS_AND_DIGESTS_NO_ROW_VALUE_OR_KEY_EMISSION","TRANSACTIONAL_PARTITION_REPLAY_NO_HARD_DELETE_NO_DOWN_MIGRATION","FINANCEIRO_E_PLATAFORMA","P09+V2-029+Q-CAP-01","ROOT_IDENTITY_ABSENT+PHYSICAL_ROW_KEY_REFUTED","LOCAL_CONTRACT+P09_HOLD"
"SRC-FAT","SOURCE_ENTITY","faturas_por_cliente","core.faturas_por_cliente","DATA_EXPORT","dataexport-4924","38cecfe9119012eae6e964d79931839805ad825ef527b2392c314edfd94d1098","UNRESOLVED_P10","PLANNING_BLOCKED_IDENTITY","BLOCKED_IDENTITY","NOT_STARTED","NONE_UNTIL_IDENTITY","NONE","NOT_SELECTED","BOOTSTRAP_PLANNING_ONLY","freights.service_at","America/Sao_Paulo","[start,endExclusive)","Q01_REQUIRED","UNBOUND_EXECUTION_INPUT","UNBOUND_EXECUTION_INPUT","(T0,Tcut]","NOT_PLANNED_UNTIL_IDENTITY","IDENTITY_UNRESOLVED","TITLE_AND_CHILD_CROSSWALKS_UNRESOLVED","AFTER_P10_V2-011_AND_V2-030","EXPLICIT_RELEASE_IF_REFERENCE_CONSUMED","BOOTSTRAP","NONE","AGGREGATE_COUNTS_AND_DIGESTS_NO_ROW_VALUE_OR_KEY_EMISSION","TRANSACTIONAL_PARTITION_REPLAY_NO_HARD_DELETE_NO_DOWN_MIGRATION","FISCAL_E_PLATAFORMA","P10+V2-030+Q-FAT-01","LOGICAL_TITLE_AND_CROSSWALKS_UNRESOLVED","LOCAL_CONTRACT+P10_HOLD"
"SRC-INV","SOURCE_ENTITY","inventario","core.inventario","DATA_EXPORT","dataexport-10633","7eeb2844708df34bd1a7877faa4aa0ba2a2c9d13b623d5da093890af89726127","UNRESOLVED_P08","PLANNING_BLOCKED_IDENTITY","BLOCKED_IDENTITY","NOT_STARTED","NONE_UNTIL_IDENTITY","NONE","NOT_SELECTED","BOOTSTRAP_PLANNING_ONLY","check_in_orders.started_at","America/Sao_Paulo","[start,endExclusive)","Q01_REQUIRED","UNBOUND_EXECUTION_INPUT","UNBOUND_EXECUTION_INPUT","(T0,Tcut]","NOT_PLANNED_UNTIL_IDENTITY","IDENTITY_UNRESOLVED","ROOT_FREIGHT_INVOICE_MAPPING_UNRESOLVED","AFTER_P08_V2-011_AND_V2-031","EXPLICIT_RELEASE_IF_REFERENCE_CONSUMED","BOOTSTRAP","NONE","AGGREGATE_COUNTS_AND_DIGESTS_NO_ROW_VALUE_OR_KEY_EMISSION","TRANSACTIONAL_PARTITION_REPLAY_NO_HARD_DELETE_NO_DOWN_MIGRATION","OPERACAO_E_PLATAFORMA","P08+V2-031+Q-INV-01","ROOT_FREIGHT_AND_INVOICE_MAPPING_IDENTITY_UNRESOLVED","LOCAL_CONTRACT+P08_HOLD"
"SRC-SIN","SOURCE_ENTITY","sinistros","core.sinistros","DATA_EXPORT","dataexport-6392","6f837cabc31d50fd7677c07d11bcb45a3589373ab383ab2aebbb45695a9ec147","UNRESOLVED_P11","PLANNING_BLOCKED_IDENTITY","BLOCKED_IDENTITY","NOT_STARTED","NONE_UNTIL_IDENTITY","NONE","NOT_SELECTED","BOOTSTRAP_PLANNING_ONLY","insurance_claims.opening_at_date","America/Sao_Paulo","[start,endExclusive)","Q01_REQUIRED","UNBOUND_EXECUTION_INPUT","UNBOUND_EXECUTION_INPUT","(T0,Tcut]","NOT_PLANNED_UNTIL_IDENTITY","IDENTITY_UNRESOLVED","ROOT_COMPONENTS_UNRESOLVED","AFTER_P11_V2-011_AND_V2-032","EXPLICIT_RELEASE_IF_REFERENCE_CONSUMED","BOOTSTRAP","NONE","AGGREGATE_COUNTS_AND_DIGESTS_NO_ROW_VALUE_OR_KEY_EMISSION","TRANSACTIONAL_PARTITION_REPLAY_NO_HARD_DELETE_NO_DOWN_MIGRATION","OPERACAO_E_PLATAFORMA","P11+V2-032+Q-SIN-01","ROOT_SOURCE_KEY_VERSUS_LEGACY_COMPOSITE_GRAIN_UNRESOLVED","LOCAL_CONTRACT+P11_HOLD"
"SRC-RAS","SOURCE_ENTITY","raster","core.raster_conditional","RASTER_API","NONE","NONE","NONE","CONDITIONAL_RASTER","BLOCKED_RASTER_DECISION","CONDITIONAL_NOT_DECIDED","NONE_UNTIL_RASTER_DECISION","NONE","NOT_SELECTED","BOOTSTRAP_PLANNING_ONLY","NONE_UNTIL_CONTRACT","UNRESOLVED","[start,endExclusive)","V2-034A_REQUIRED","UNBOUND_EXECUTION_INPUT","UNBOUND_EXECUTION_INPUT","UNPLANNED","UNPLANNED","IDENTITY_UNRESOLVED","TRIP_STOP_UNRESOLVED","AFTER_V2-034A_V2-025C_V2-009C_V2-034B","NOT_APPLICABLE","BOOTSTRAP","NONE","AGGREGATE_COUNTS_AND_DIGESTS_NO_ROW_VALUE_OR_KEY_EMISSION","TRANSACTIONAL_PARTITION_REPLAY_NO_HARD_DELETE_NO_DOWN_MIGRATION","OPERACAO_E_OWNER_RASTER","RAS-01+RAS-02+RAS-03","RASTER_DECISION+CONTRACT+IDENTITY+VERTICAL","ROADMAP_ONLY"
"HIS-USR","ENTITY_HISTORY","usuarios_history","core.usuario_history","LEGACY_READ_ONLY_CANDIDATE","graphql-individual","a650e5e8313e6d45bff326dd8ab15920ba23da8e44e9237f538c4cbce76aca7c","8e8ad89777277f3b8bf72b4b63f65d8fa813843380f44da99f0b035bbf788528","ENTITY_HISTORY_PLANNING","BLOCKED_Q01_AND_SOURCE","IMPLEMENTED_IN_SHADOW","LEGACY_READ_ONLY_CONSISTENT_EXPORT","READ_ONLY_VERSIONED_FILE","CANDIDATE_NOT_RATIFIED","BOOTSTRAP_PLANNING_ONLY","SOURCE_HISTORY_BOUNDARY","UNRESOLVED","[start,endExclusive)","AUTHORIZED_HISTORY_REQUIRED","UNBOUND_EXECUTION_INPUT","UNBOUND_EXECUTION_INPUT","(T0,Tcut]","NO_INVENTED_UPDATED_AT","TYPE_TAGGED_SOURCE_KEY_PRESERVE_REGISTRY_CANONICAL_ID","NO_CHILD","AFTER_USERS_CURRENT_SOURCE_BINDING","NOT_APPLICABLE","BOOTSTRAP","NONE","AGGREGATE_COUNTS_AND_DIGESTS_NO_ROW_VALUE_OR_KEY_EMISSION","TRANSACTIONAL_PARTITION_REPLAY_NO_HARD_DELETE_NO_DOWN_MIGRATION","SEGURANCA_E_OPERACAO","Q-USR-01+Q-USR-02","FONTE_HISTORICA_AUTORIZADA+SNAPSHOT_CONSISTENTE+NO_COMPLETENESS_PROOF","V2-033_HISTORY_SCHEMA_ONLY"
"FACT-MAT01","DERIVED_FACT","fato_fretes_operacionais","mart.fato_fretes_operacionais","DERIVED_CORE","NONE","NONE","NONE","DERIVED_REBUILD_DEFERRED_V2_036","BLOCKED_INPUTS_AND_V2_036","NOT_STARTED","REBUILD_FROM_QUALIFIED_CORE","NONE","DEFERRED","DERIVED_REBUILD_PLANNING_ONLY","business_date","America/Sao_Paulo","[start,endExclusive)","UPSTREAM_REQUIRED","INHERIT_RECONCILED_INPUT_T0","INHERIT_RECONCILED_INPUT_TCUT","DERIVED_FROM_INPUT_DELTA","SEPARATE_DERIVED_REBUILD","CANONICAL_INPUT_IDS_ONLY","NO_SOURCE_CHILD","AFTER_FRETES_LOCALIZACAO_REFERENCES","EXPLICIT_REFERENCE_RELEASES_REQUIRED","BOOTSTRAP","NONE","AGGREGATE_COUNTS_AND_DIGESTS_NO_ROW_VALUE_OR_KEY_EMISSION","TRANSACTIONAL_PARTITION_REPLAY_NO_HARD_DELETE_NO_DOWN_MIGRATION","OPERACAO_E_NEGOCIO","V2-036/MAT-01","QUALIFIED_INPUTS+REFERENCES+V2-036","MAT-01_ROADMAP"
"FACT-MAT02","DERIVED_FACT","fato_coletores","mart.fato_coletores","DERIVED_CORE","NONE","NONE","NONE","DERIVED_REBUILD_DEFERRED_V2_036","BLOCKED_INPUTS_AND_V2_036","NOT_STARTED","REBUILD_FROM_QUALIFIED_CORE","NONE","DEFERRED","DERIVED_REBUILD_PLANNING_ONLY","business_date","America/Sao_Paulo","[start,endExclusive)","UPSTREAM_REQUIRED","INHERIT_RECONCILED_INPUT_T0","INHERIT_RECONCILED_INPUT_TCUT","DERIVED_FROM_INPUT_DELTA","SEPARATE_DERIVED_REBUILD","CANONICAL_INPUT_IDS_ONLY","NO_SOURCE_CHILD","AFTER_FRETES_MANIFESTOS_INVENTARIO_REFERENCES","EXPLICIT_REFERENCE_RELEASES_REQUIRED","BOOTSTRAP","NONE","AGGREGATE_COUNTS_AND_DIGESTS_NO_ROW_VALUE_OR_KEY_EMISSION","TRANSACTIONAL_PARTITION_REPLAY_NO_HARD_DELETE_NO_DOWN_MIGRATION","OPERACAO_E_NEGOCIO","V2-036/MAT-02","QUALIFIED_INPUTS+P08+V2-031+REFERENCES+V2-036","MAT-02_ROADMAP"
"FACT-MAT03","DERIVED_FACT","fato_faturamento","mart.fato_faturamento","DERIVED_CORE","NONE","NONE","NONE","DERIVED_REBUILD_DEFERRED_V2_036","BLOCKED_INPUTS_AND_V2_036","NOT_STARTED","REBUILD_FROM_QUALIFIED_CORE","NONE","DEFERRED","DERIVED_REBUILD_PLANNING_ONLY","business_date","America/Sao_Paulo","[start,endExclusive)","UPSTREAM_REQUIRED","INHERIT_RECONCILED_INPUT_T0","INHERIT_RECONCILED_INPUT_TCUT","DERIVED_FROM_INPUT_DELTA","SEPARATE_DERIVED_REBUILD","CANONICAL_INPUT_IDS_ONLY","NO_SOURCE_CHILD","AFTER_FRETES_LOCALIZACAO_FATURAS_REFERENCES","EXPLICIT_REFERENCE_RELEASES_REQUIRED","BOOTSTRAP","NONE","AGGREGATE_COUNTS_AND_DIGESTS_NO_ROW_VALUE_OR_KEY_EMISSION","TRANSACTIONAL_PARTITION_REPLAY_NO_HARD_DELETE_NO_DOWN_MIGRATION","FISCAL_E_NEGOCIO","V2-036/MAT-03","QUALIFIED_INPUTS+P10+V2-030+REFERENCES+V2-036","MAT-03_ROADMAP"
"FACT-MAT04","DERIVED_FACT","fato_faturas","mart.fato_faturas","DERIVED_CORE","NONE","NONE","NONE","DERIVED_REBUILD_DEFERRED_V2_036","BLOCKED_INPUTS_AND_V2_036","NOT_STARTED","REBUILD_FROM_QUALIFIED_CORE","NONE","DEFERRED","DERIVED_REBUILD_PLANNING_ONLY","business_date","America/Sao_Paulo","[start,endExclusive)","UPSTREAM_REQUIRED","INHERIT_RECONCILED_INPUT_T0","INHERIT_RECONCILED_INPUT_TCUT","DERIVED_FROM_INPUT_DELTA","SEPARATE_DERIVED_REBUILD","CANONICAL_INPUT_IDS_ONLY","NO_SOURCE_CHILD","AFTER_FATURAS_POR_CLIENTE","EXPLICIT_REFERENCE_RELEASES_REQUIRED","BOOTSTRAP","NONE","AGGREGATE_COUNTS_AND_DIGESTS_NO_ROW_VALUE_OR_KEY_EMISSION","TRANSACTIONAL_PARTITION_REPLAY_NO_HARD_DELETE_NO_DOWN_MIGRATION","FISCAL_E_NEGOCIO","V2-036/MAT-04","P10+V2-030+QUALIFIED_INPUTS+V2-036","MAT-04_ROADMAP"
"FACT-MAT05","DERIVED_FACT","fato_manifestos","mart.fato_manifestos","DERIVED_CORE","NONE","NONE","NONE","DERIVED_REBUILD_DEFERRED_V2_036","BLOCKED_INPUTS_AND_V2_036","NOT_STARTED","REBUILD_FROM_QUALIFIED_CORE","NONE","DEFERRED","DERIVED_REBUILD_PLANNING_ONLY","business_date","America/Sao_Paulo","[start,endExclusive)","UPSTREAM_REQUIRED","INHERIT_RECONCILED_INPUT_T0","INHERIT_RECONCILED_INPUT_TCUT","DERIVED_FROM_INPUT_DELTA","SEPARATE_DERIVED_REBUILD","CANONICAL_INPUT_IDS_ONLY","ROOT_RELATIONS_REQUIRED","AFTER_MANIFESTOS_COLETAS_FRETES_RELATIONS","EXPLICIT_REFERENCE_RELEASES_REQUIRED","BOOTSTRAP","NONE","AGGREGATE_COUNTS_AND_DIGESTS_NO_ROW_VALUE_OR_KEY_EMISSION","TRANSACTIONAL_PARTITION_REPLAY_NO_HARD_DELETE_NO_DOWN_MIGRATION","OPERACAO_E_NEGOCIO","V2-036/MAT-05","QUALIFIED_INPUTS+V2-046A+V2-046B+FROTA_REFERENCE+V2-036","MAT-05_ROADMAP"
