"front","task","criterion","originalCriterion","component","expectedProof","layer","limit","state","evidence"
"A","V2-009b/8636","IDENTIDADE","STATES.md V2-009b: unicidade, estabilidade temporal, tenant scope e cardinalidade; ACCOUNTING_DEBIT_ROOT_SOURCE_KEY_ABSENT; PARCEL_CANDIDATE_NOT_UNIQUE_PER_PHYSICAL_ROW; ROOT_PARCEL_RELATION_UNPROVEN; ROOT_PARCEL_ALLOCATION_CARDINALITY_UNPROVEN","Decisão versionada source/canonical/business keys, grão, aliases e conflito","VERSIONED_PROVIDER_ROOT_IDENTIFIER_AND_TYPES; REPRESENTATIVE_REPEAT_OBSERVATIONS_PROVING_ROOT_PARCEL_ALLOCATION_GRAIN_AND_CARDINALITY","CONTRATO_E_OBSERVACAO_REPRESENTATIVA","Fixture/hash/semelhança/unicidade de amostra não são garantia","BLOQUEADO_POR_INPUT","docs/catalogos/identidade-contas-a-pagar/manifesto.json"
"E","V2-029","CAP-01","- **CAP-01:** candidato de source key/PK publicada por <code>ant_ils_sequence_code</code>; filtro de negócio por <code>issue_date</code>. A V1 repete a janela global de <code>issue_date</code> e a cruza com um dia de <code>created_at</code>; a V2 só mantém essa segmentação após caracterização. Qualquer contador/oráculo deve repetir exatamente ambos os filtros da travessia, pois omitir <code>created_at</code> compara outro conjunto.","Contrato de janela e mapper de parcela; contador SQL","Filtros issue_date e created_at idênticos; parsing/tipo inválido; fronteiras; contagens de outro conjunto recusadas","FUTURA_UNITARIA_MAPPING_CONTRATO_SQL_LOCAL","Identidade anterior obrigatória; prova SQL exige adoção adicional; sem aceite por planejamento","NAO_IMPLEMENTADO_DEPENDE_IDENTIDADE","STATES.md; docs/catalogos/identidade-contas-a-pagar/manifesto.json"
"E","V2-029","CAP-02","- **CAP-02:** <code>paid=true</code> publica “PAGO”; caso contrário, “ABERTO”.","Estado de pagamento com presença e label","paid verdadeiro/falso; ausente/nulo sem sobrescrita indevida; bruto preservado","FUTURA_UNITARIA_MAPPING_CONTRATO_SQL_LOCAL","Identidade anterior obrigatória; prova SQL exige adoção adicional; sem aceite por planejamento","NAO_IMPLEMENTADO_DEPENDE_IDENTIDADE","STATES.md; docs/catalogos/identidade-contas-a-pagar/manifesto.json"
"E","V2-029","CAP-03","- **CAP-03:** competência, fornecedor, filial, centro/plano de contas e valores são contrato. A fonte mapeia <code>ant_ils_atn_transaction_date → data_transacao</code>, <code>ant_ils_atn_liquidation_date → data_liquidacao</code> e <code>created_at → data_criacao</code>. O dedupe legado compara lexicograficamente criação/transação/liquidação/emissão/extração, mas a promoção usa o maior instante entre fim do dia de transação, fim do dia de liquidação e criação. A V2 adota a expressão da promoção igualmente no dedupe, com testes.","Modelo financeiro tipado e frescor SQL compartilhado","Transação/liquidação/criação; maior instante da regra; dedupe=promoção; empate divergente, nulo, out-of-order e replay","FUTURA_UNITARIA_MAPPING_CONTRATO_SQL_LOCAL","Identidade anterior obrigatória; prova SQL exige adoção adicional; sem aceite por planejamento","NAO_IMPLEMENTADO_DEPENDE_IDENTIDADE","STATES.md; docs/catalogos/identidade-contas-a-pagar/manifesto.json"
"E","V2-029","CAP-04","- **CAP-04:** <code>ant_ils_sequence_code</code> é candidato à chave da parcela publicada. Como o template não expõe ID da raiz <code>accounting_debit</code>, o V2 não usa <code>per</code> como prova de completude nem ativa sweep/cutover até contrato/contagem/cursor oficial ou oráculo independente de totais + chaves. Duas travessias com tamanhos distintos são apenas evidência complementar.","Raiz/parcela/rateio e reducer SQL","Colisão por expansão, raiz ausente, cardinalidade e equações; não usar per como total; sweep/cutover bloqueados","FUTURA_UNITARIA_MAPPING_CONTRATO_SQL_LOCAL","Identidade anterior obrigatória; prova SQL exige adoção adicional; sem aceite por planejamento","NAO_IMPLEMENTADO_DEPENDE_IDENTIDADE","STATES.md; docs/catalogos/identidade-contas-a-pagar/manifesto.json"
"E","V2-029","CAP-05","- **CAP-05 — Catálogos derivados:** após remover o namespace até o último <code>::</code>, tipo publica <code>Manual</code>, <code>Advance→Adiantamento</code>, <code>CiotBilling→Pagamento CIOT</code>, <code>DriverBilling→Pagamento Motorista</code> e <code>StorageInvoice→Nota Fiscal Armazenagem</code>. Classificação publica <code>variable_costs→4. Custos Variáveis</code>, <code>static_expenses→3. Custos Fixos</code>, <code>revenue→1. Receitas</code>, <code>deductions→2. Deduções</code>, <code>financial_result→5. Resultado Financeiro</code> e <code>taxes→6. Impostos</code>. Desconhecido preserva bruto e não assume classe conhecida; normalização/label são versionados.","Catálogos versionados de tipo/classificação","Último namespace; todas as traduções originais; desconhecido preserva bruto; não assumir classe","FUTURA_UNITARIA_MAPPING_CONTRATO_SQL_LOCAL","Identidade anterior obrigatória; prova SQL exige adoção adicional; sem aceite por planejamento","NAO_IMPLEMENTADO_DEPENDE_IDENTIDADE","STATES.md; docs/catalogos/identidade-contas-a-pagar/manifesto.json"
"E","V2-029","ACEITE_IMPLEMENTACAO","- [ ] **V2-029 — Implementar Contas a Pagar 8636.**
  - **Depende de:** a fatia 8636 de V2-009b, V2-018, V2-019, V2-020, V2-021, V2-022a, V2-023, o contrato 8636 de V2-025b, a fundação offline concluída de V2-035a, V2-043 e V2-044.
  - **Aceite de implementação:** CAP-01–CAP-05; <code>ant_ils_sequence_code</code> validado; travessia e contador/oráculo usam exatamente <code>issue_date+created_at</code>; raiz×parcela×centro de custo/plano contábil e reducers impedem repetir valor por expansão; mesma expressão de frescor em dedupe/promoção; competência/status/valores/catálogos prontos para V2-012a; sem sweep/cutover enquanto a raiz não estiver completa; marco <code>IMPLEMENTADA_EM_SHADOW</code>.","Domínio, mapper/batch, JDBC, migration aditiva/baseline, enforcement V2-009d, matriz V2-017a e harness V2-012a","Testes unitários/mapping/contrato; staging/promoção/auditoria; migration; nulo/colisão/replay/concorrência/out-of-order/reativação; equações DQ; redaction; rollback; plans SQL; critérios originais completos","FUTURA_LOCAL_E_SQL_ADOTADO","Marco sombra distinto de DoD completa, fonte/paridade produtiva, JAR, sweep e cutover","NAO_IMPLEMENTADO_DEPENDE_IDENTIDADE","STATES.md"
"B","V2-009b/4924","IDENTIDADE","STATES.md V2-009b: unicidade, estabilidade temporal, tenant scope e cardinalidade; LOGICAL_TITLE_IDENTITY_UNPROVEN; LINE_TITLE_DOCUMENT_FREIGHT_CROSSWALKS_UNPROVEN; FISCAL_ALIAS_AND_REKEY_PRECEDENCE_CONFLICTING; CHILD_IDENTITY_AND_CARDINALITY_UNPROVEN","Decisão versionada source/canonical/business keys, grão, aliases e conflito","VERSIONED_PROVIDER_STABILITY_FOR_SOURCE_LINE_ID; REPRESENTATIVE_CROSSWALK_EVIDENCE_FOR_LINE_TITLE_DOCUMENT_FREIGHT_AND_CHILDREN; OWNER_ACCEPTED_FISCAL_ALIAS_REKEY_AND_CARDINALITY_RULES","CONTRATO_E_OBSERVACAO_REPRESENTATIVA","Fixture/hash/semelhança/unicidade de amostra não são garantia","BLOQUEADO_POR_INPUT","docs/catalogos/identidade-faturas-por-cliente/manifesto.json"
"F","V2-030","FAT-01","- **FAT-01:** <code>4924.id</code> é candidato a source key da linha observada, sujeito a estabilidade/tenant scope em V2-009b; <code>unique_id</code> não veio no payload e sua ordenação aceita não prova existência. Uma linha por título lógico exige crosswalk e cardinalidade próprios.","Identidade da linha e título escopados","ID tipado; estabilidade no escopo; título diferente de linha; unique_id sem contrato recusado","FUTURA_UNITARIA_MAPPING_CONTRATO_SQL_LOCAL","Identidade anterior obrigatória; prova SQL exige adoção adicional; sem aceite por planejamento","NAO_IMPLEMENTADO_DEPENDE_IDENTIDADE","STATES.md; docs/catalogos/identidade-faturas-por-cliente/manifesto.json"
"F","V2-030","FAT-02","- **FAT-02 — Documento fiscal divergente:** o mapper legado dá precedência à NFS-e quando ambos vêm no payload e zera CT-e; as views/procedure, porém, testam número CT-e antes de NFS-e quando ambos já existem no banco. Isso normalmente fica mascarado pela supressão anterior e não forma uma regra coerente. A V2 preserva presença/proveniência das duas evidências no staging, caracteriza casos simultâneos em V2-025b/V2-030 e decide por ADR/paridade uma única precedência para core, fato e publicação; até lá o caso duplo é <code>UNRESOLVED</code> e bloqueia a saída. CNPJ é normalizado e status CT-e traduzido.","Presença fiscal e regra aprovada única","CT-e só, NFS-e só, ambos, nenhum; conflito UNRESOLVED bloqueia; CNPJ/status; equivalência mapper/core/fato/saída","FUTURA_UNITARIA_MAPPING_CONTRATO_SQL_LOCAL","Identidade anterior obrigatória; prova SQL exige adoção adicional; sem aceite por planejamento","NAO_IMPLEMENTADO_DEPENDE_IDENTIDADE","STATES.md; docs/catalogos/identidade-faturas-por-cliente/manifesto.json"
"F","V2-030","FAT-03","- **FAT-03:** uma fatura pode agrupar vários fretes. <code>fit_ant_document</code> não é identidade de Frete.","Crosswalk título/documentos/Fretes SQL","Um título com vários Fretes; documento não é ID Frete; ambiguidade bloqueia; isolamento de escopo","FUTURA_UNITARIA_MAPPING_CONTRATO_SQL_LOCAL","Identidade anterior obrigatória; prova SQL exige adoção adicional; sem aceite por planejamento","NAO_IMPLEMENTADO_DEPENDE_IDENTIDADE","STATES.md; docs/catalogos/identidade-faturas-por-cliente/manifesto.json"
"F","V2-030","FAT-04","- **FAT-04:** aliases/rekey, cardinalidade título–CT-e/NFS-e–fretes e replay precisam ser determinísticos antes da persistência.","Histórico de aliases/rekey e filhos tipados","Replay, rekey aprovado/não aprovado; arrays ausente/nulo/vazio; duplicatas, ordem, cardinalidade e conflitos","FUTURA_UNITARIA_MAPPING_CONTRATO_SQL_LOCAL","Identidade anterior obrigatória; prova SQL exige adoção adicional; sem aceite por planejamento","NAO_IMPLEMENTADO_DEPENDE_IDENTIDADE","STATES.md; docs/catalogos/identidade-faturas-por-cliente/manifesto.json"
"F","V2-030","FAT-05","- **FAT-05 — Frescor:** o dedupe legado é keep-last sem timestamp, enquanto a promoção escolhe o maior de <code>data_baixa_fatura</code>, <code>data_vencimento_fatura</code>, <code>data_emissao_fatura</code>, <code>data_emissao_cte</code>, <code>fit_ant_issue_date</code> e <code>fit_ant_ils_original_due_date</code>. As cinco datas civis — todas exceto <code>data_emissao_cte</code> — comparam como fim lógico do dia; somente <code>data_emissao_cte</code> conserva hora/minuto/segundo. A V2 guarda tipos brutos, deriva a chave comparável em <code>America/Sao_Paulo</code> por início exclusivo do dia seguinte — sem literal frágil <code>23:59:59</code> — e usa a mesma expressão em dedupe/promoção. Testes cobrem nulo, empate, out-of-order, precisão, conversão e DST.","Datas brutas/tipadas e expressão SQL única","Seis datas; cinco civis por início exclusivo do dia seguinte; CT-e mantém precisão; nulo, empate, out-of-order, DST America/Sao_Paulo","FUTURA_UNITARIA_MAPPING_CONTRATO_SQL_LOCAL","Identidade anterior obrigatória; prova SQL exige adoção adicional; sem aceite por planejamento","NAO_IMPLEMENTADO_DEPENDE_IDENTIDADE","STATES.md; docs/catalogos/identidade-faturas-por-cliente/manifesto.json"
"F","V2-030","FAT-06","- **FAT-06 — Catálogos derivados:** status CT-e publica <code>authorized=Autorizado</code>, <code>cancelled=Cancelado</code>, <code>denied=Negado</code> e <code>pending=Pendente</code>; desconhecido preserva o bruto. Tipo de frete remove ocorrências literais de <code>Freight::</code> e aplica trim, mantendo também o valor original para auditoria.","Catálogos versionados e bruto/canônico","Quatro status CT-e; desconhecido; remoção literal Freight:: e trim preservando original","FUTURA_UNITARIA_MAPPING_CONTRATO_SQL_LOCAL","Identidade anterior obrigatória; prova SQL exige adoção adicional; sem aceite por planejamento","NAO_IMPLEMENTADO_DEPENDE_IDENTIDADE","STATES.md; docs/catalogos/identidade-faturas-por-cliente/manifesto.json"
"F","V2-030","FAT-07","- **FAT-07 — Campo sem fonte comprovada:** <code>serie_nfse</code> existe no DDL/publicação legado, mas não possui origem no DTO/mapper auditado. Fica <code>ABSENT/UNSOURCED_LEGACY</code> até source path comprovado ou retirada nominal; não é campo obrigatório da API por suposição.","Campo sem fonte explícita","serie_nfse ABSENT/UNSOURCED_LEGACY; não fabricar obrigatório, path ou valor; retirada apenas nominal","FUTURA_UNITARIA_MAPPING_CONTRATO_SQL_LOCAL","Identidade anterior obrigatória; prova SQL exige adoção adicional; sem aceite por planejamento","NAO_IMPLEMENTADO_DEPENDE_IDENTIDADE","STATES.md; docs/catalogos/identidade-faturas-por-cliente/manifesto.json"
"F","V2-030","ACEITE_IMPLEMENTACAO","- [ ] **V2-030 — Implementar Faturas por Cliente 4924.**
  - **Depende de:** a fatia 4924 de V2-009b, V2-011, V2-018, V2-019, V2-020, V2-021, V2-022a, V2-023, o contrato 4924 de V2-025b, a fundação offline concluída de V2-035a, V2-043 e V2-044.
  - **Entrega obrigatória inicial:** provar source ID ↔ título ↔ CT-e/NFS-e ↔ fretes antes de criar a promoção final.
  - **Aceite de implementação:** FAT-01–FAT-07; <code>4924.id</code> como source key somente após V2-009b e <code>unique_id</code> proibido sem contrato; <code>serie_nfse</code> sem fonte não é inventada; mesma expressão de frescor; alias/rekey/cardinalidade; arrays invoice/order viram filhos tipados; NFS-e/CT-e/CNPJ/status/catálogos; replay e harness V2-012a; sweep desligado até V2-013; marco <code>IMPLEMENTADA_EM_SHADOW</code>.","Domínio, mapper/batch, JDBC, migration aditiva/baseline, enforcement V2-009d, matriz V2-017a e harness V2-012a","Testes unitários/mapping/contrato; staging/promoção/auditoria; migration; nulo/colisão/replay/concorrência/out-of-order/reativação; equações DQ; redaction; rollback; plans SQL; critérios originais completos","FUTURA_LOCAL_E_SQL_ADOTADO","Marco sombra distinto de DoD completa, fonte/paridade produtiva, JAR, sweep e cutover","NAO_IMPLEMENTADO_DEPENDE_IDENTIDADE","STATES.md"
"C","V2-009b/10633","IDENTIDADE","STATES.md V2-009b: unicidade, estabilidade temporal, tenant scope e cardinalidade; SEQUENCE_CODE_ROOT_UNIQUENESS_AND_STABILITY_UNPROVEN; FREIGHT_MINUTA_CHILD_ROLE_UNPROVEN; INVOICES_MAPPING_SHAPE_UNPROVEN; CHILD_NATURAL_COMPONENTS_UNPROVEN; CHILD_COLLISION_ZERO_UNPROVEN; ROOT_CHILD_CARDINALITY_UNPROVEN","Decisão versionada source/canonical/business keys, grão, aliases e conflito","VERSIONED_PROVIDER_ROOT_IDENTITY_OR_APPROVED_REPRESENTATIVE_REPEAT_OBSERVATIONS; VERSIONED_PROVIDER_ROLE_FOR_FREIGHT_MINUTA_COMPONENT; VERSIONED_PROVIDER_SHAPE_AND_TYPES_FOR_INVOICES_MAPPING; REPRESENTATIVE_REPEAT_OBSERVATIONS_PROVING_CHILD_NATURAL_KEYS_COLLISIONS_AND_CARDINALITY","CONTRATO_E_OBSERVACAO_REPRESENTATIVA","Fixture/hash/semelhança/unicidade de amostra não são garantia","BLOQUEADO_POR_INPUT","docs/catalogos/identidade-inventario/manifesto.json"
"G","V2-031","INV-01","- **INV-01:** <code>sequence_code</code> é candidato ao agregado observado, sujeito a V2-009b; a identidade legada por hash de sequência/minuta/mapeamento/data não será copiada. Linhas de frete/invoice são filhos tipados e mantêm seus componentes naturais.","Identidade escopada de raiz/filhos e reducer SQL","Sequência vs composição; alias somente comprovado; mapping/minuta/data mudam sem hash-identidade; valor/peso/volume sem multiplicação","FUTURA_UNITARIA_MAPPING_CONTRATO_SQL_LOCAL","Identidade anterior obrigatória; prova SQL exige adoção adicional; sem aceite por planejamento","NAO_IMPLEMENTADO_DEPENDE_IDENTIDADE","STATES.md; docs/catalogos/identidade-inventario/manifesto.json"
"G","V2-031","INV-02","- **INV-02:** dedupe prioriza <code>performance_finished_at</code>, depois <code>finished_at</code> e <code>started_at</code>.","Frescor e dedupe/promoção SQL","Precedência performance_finished_at, finished_at, started_at; nulo, empate divergente, out-of-order, replay","FUTURA_UNITARIA_MAPPING_CONTRATO_SQL_LOCAL","Identidade anterior obrigatória; prova SQL exige adoção adicional; sem aceite por planejamento","NAO_IMPLEMENTADO_DEPENDE_IDENTIDADE","STATES.md; docs/catalogos/identidade-inventario/manifesto.json"
"G","V2-031","INV-03","- **INV-03:** comprovante anexado é cumulativo; verdadeiro não volta a falso. A detecção normalizada preserva a ordem de palavras-chave <code>comprovante</code> → <code>entrega</code> → <code>anexado</code> e combina evidências por OR.","Evidência cumulativa de comprovante","Normalização e ordem comprovante→entrega→anexado; OR; verdadeiro não regride com falso/ausente/nulo","FUTURA_UNITARIA_MAPPING_CONTRATO_SQL_LOCAL","Identidade anterior obrigatória; prova SQL exige adoção adicional; sem aceite por planejamento","NAO_IMPLEMENTADO_DEPENDE_IDENTIDADE","STATES.md; docs/catalogos/identidade-inventario/manifesto.json"
"G","V2-031","INV-04","- **INV-04:** relação por minuta e parsing textual precisam de fixtures e quarentena segura.","Mapping estrito, relação por minuta e quarentena","Shape aprovado; texto inválido seguro; zero/um/vários candidatos de minuta; não inferir vínculo; soft delete/reativação","FUTURA_UNITARIA_MAPPING_CONTRATO_SQL_LOCAL","Identidade anterior obrigatória; prova SQL exige adoção adicional; sem aceite por planejamento","NAO_IMPLEMENTADO_DEPENDE_IDENTIDADE","STATES.md; docs/catalogos/identidade-inventario/manifesto.json"
"G","V2-031","ACEITE_IMPLEMENTACAO","- [ ] **V2-031 — Implementar Inventário 10633.**
  - **Depende de:** a fatia 10633 de V2-009b, V2-011, V2-018, V2-019, V2-020, V2-021, V2-022a, V2-023, o contrato 10633 de V2-025b, V2-043 e V2-044.
  - **Aceite de implementação:** INV-01–INV-04; hash legado somente como alias; identidade/dedupe no escopo; <code>invoices_mapping</code> modelado em raiz/filhos com reducer que não multiplica valor/peso/volume; comprovante cumulativo; relação por minuta; parsing/quarantine, soft delete/reativação testados; harness V2-012a e marco <code>IMPLEMENTADA_EM_SHADOW</code>.","Domínio, mapper/batch, JDBC, migration aditiva/baseline, enforcement V2-009d, matriz V2-017a e harness V2-012a","Testes unitários/mapping/contrato; staging/promoção/auditoria; migration; nulo/colisão/replay/concorrência/out-of-order/reativação; equações DQ; redaction; rollback; plans SQL; critérios originais completos","FUTURA_LOCAL_E_SQL_ADOTADO","Marco sombra distinto de DoD completa, fonte/paridade produtiva, JAR, sweep e cutover","NAO_IMPLEMENTADO_DEPENDE_IDENTIDADE","STATES.md"
"D","V2-009b/6392","IDENTIDADE","STATES.md V2-009b: unicidade, estabilidade temporal, tenant scope e cardinalidade; SEQUENCE_CODE_UNIQUENESS_AND_STABILITY_UNPROVEN; LEGACY_COMPOSITE_GRAIN_CONFLICT; RELATION_COMPONENT_ROLES_UNPROVEN; ROOT_COMPONENT_CARDINALITY_UNPROVEN","Decisão versionada source/canonical/business keys, grão, aliases e conflito","VERSIONED_PROVIDER_ROOT_IDENTITY_OR_APPROVED_REPRESENTATIVE_REPEAT_OBSERVATIONS; COLLISION_ANALYSIS_COMPARING_SEQUENCE_CODE_WITH_MINUTA_AND_INVOICE_OCCURRENCE_COMPONENTS; VERSIONED_COMPONENT_ROLES_AND_REPRESENTATIVE_ROOT_COMPONENT_CARDINALITY","CONTRATO_E_OBSERVACAO_REPRESENTATIVA","Fixture/hash/semelhança/unicidade de amostra não são garantia","BLOQUEADO_POR_INPUT","docs/catalogos/identidade-sinistros/manifesto.json"
"H","V2-032","SIN-01","- **SIN-01:** <code>sequence_code</code> é obrigatório e candidato ao agregado; a identidade legada combina sequência, ocorrência de invoice e minuta. Simplificar somente após prova de unicidade/estabilidade/tenant scope em V2-009b.","Identidade de raiz/componentes, aliases e reducers SQL","Sequência obrigatória; colisões contra composição; raiz/invoice/minuta/ocorrência; tipos financeiros e soma sem expansão","FUTURA_UNITARIA_MAPPING_CONTRATO_SQL_LOCAL","Identidade anterior obrigatória; prova SQL exige adoção adicional; sem aceite por planejamento","NAO_IMPLEMENTADO_DEPENDE_IDENTIDADE","STATES.md; docs/catalogos/identidade-sinistros/manifesto.json"
"H","V2-032","SIN-02","- **SIN-02:** o dedupe legado usa só <code>treatment_at</code>, enquanto promoção usa <code>COALESCE(treatment_at, opening_at_date)</code>. A V2 unifica nesse fallback em dedupe/promoção; tipo, solução e valores financeiros precisam de paridade.","Frescor SQL, horas brutas/tipadas e catálogos","COALESCE treatment_at/opening_at_date em dedupe/promoção; timezone/precisão; paridade tipo/solução/valores; replay/reativação","FUTURA_UNITARIA_MAPPING_CONTRATO_SQL_LOCAL","Identidade anterior obrigatória; prova SQL exige adoção adicional; sem aceite por planejamento","NAO_IMPLEMENTADO_DEPENDE_IDENTIDADE","STATES.md; docs/catalogos/identidade-sinistros/manifesto.json"
"H","V2-032","ACEITE_IMPLEMENTACAO","- [ ] **V2-032 — Implementar Sinistros 6392.**
  - **Depende de:** a fatia 6392 de V2-009b, V2-011, V2-018, V2-019, V2-020, V2-021, V2-022a, V2-023, o contrato 6392 de V2-025b, V2-043 e V2-044.
  - **Aceite de implementação:** SIN-01/SIN-02; hash legado somente como alias e identidade simplificada somente com prova; raiz×invoice/minuta/ocorrência e reducers financeiros explícitos; horas brutas + tipadas com formato/timezone; fallback de frescor igual no dedupe/promoção; traduções, financeiro e relação prontos para V2-012a; soft delete/reativação testados; marco <code>IMPLEMENTADA_EM_SHADOW</code>.","Domínio, mapper/batch, JDBC, migration aditiva/baseline, enforcement V2-009d, matriz V2-017a e harness V2-012a","Testes unitários/mapping/contrato; staging/promoção/auditoria; migration; nulo/colisão/replay/concorrência/out-of-order/reativação; equações DQ; redaction; rollback; plans SQL; critérios originais completos","FUTURA_LOCAL_E_SQL_ADOTADO","Marco sombra distinto de DoD completa, fonte/paridade produtiva, JAR, sweep e cutover","NAO_IMPLEMENTADO_DEPENDE_IDENTIDADE","STATES.md"
