"protection_id","scope","purpose","column_patterns","minimization","at_rest_encryption","key_management","in_transit","masking","allowed_profiles","denied_profiles","retention_policy","retention_status","legal_hold","owner_role","acceptor","due_gate","status","evidence","publication_blocked"
"PROT-01","segredos e credenciais","autenticar fontes/banco sem persistir valor","token|secret|password|authorization|credential","somente referência ao secret provider; nunca valor em DB/log/CSV/Git","secret store aprovado","owner de Segurança; rotação e segregação por ambiente","TLS e autenticação no canal autorizado","redação total","secret-provider runtime estritamente necessário","dev logs, mart, pub, recon, fixtures, argumentos CLI/system properties","não persistir","RATIFIED","não aplicável ao valor; evidência sanitizada separada","SEGURANCA_E_OPERACOES","TIME_NOMINAL_NAO_INFORMADO","V2-018/V2-041/V2-044","RATIFIED_DIRECTION","AGENTS.md/STATES.md","YES"
"PROT-02","URL, headers, cursor e erro remoto","transporte e diagnóstico sanitizado","url|uri|header|cursor|error|message|stack","booleanos/categorias/contadores; sem URL tenant, header, cursor ou corpo","TDE/backup conforme DBA quando persistido","DBA/Segurança","TLS","hash não reversível somente se finalidade aprovada; redação por default","ctl/recon limitado","pub/mart/log textual irrestrito","R-CTL-APPEND-ONLY","PENDING_V2-045","hold preserva evidência sanitizada","SEGURANCA_E_PLATAFORMA","TIME_NOMINAL_NAO_INFORMADO","V2-018/V2-045","POLICY_PENDING_OWNER","ADRs 0004/0005","YES"
"PROT-03","identificadores técnicos e chaves de origem","identidade, dedupe, crosswalk e replay","id|key|sequence|codigo|hash","somente chaves necessárias e aliases versionados; sem IDs em logs","TDE + backup criptografado","DBA/Segurança, sem chave na aplicação","TLS","tokenização/mascara em suporte e evidência","runtime core, recon restrito, owner da vertical","exportação ad hoc e logs","R-DOMAIN-OWNER","PENDING_V2-045","suspende purge por chave do caso","DATA_OWNER_E_SEGURANCA","TIME_NOMINAL_NAO_INFORMADO","V2-008/V2-045","POLICY_PENDING_OWNER","ADR 0008 + matriz de identidade","YES"
"PROT-04","documentos pessoais e empresariais","identificação fiscal/operacional e joins aprovados","cpf|cnpj|document|inscricao","normalizado somente quando necessário; preservar bruto apenas em staging controlado se aprovado","TDE + backup criptografado; coluna adicional somente por threat model","DBA/Segurança","TLS","parcial por perfil; total em evidência/log","runtime mínimo, Fiscal/Controladoria/Operação conforme finalidade","público genérico, logs, fixtures reais","R-DOMAIN-OWNER","PENDING_DATA_OWNER_COMPLIANCE","hold por caso/documento com auditoria","DATA_OWNER_COMPLIANCE_E_SEGURANCA","TIME_NOMINAL_NAO_INFORMADO","V2-045","POLICY_PENDING_OWNER","inventário de campos V1","YES"
"PROT-05","nomes e histórico de usuários/pessoas","atribuição operacional, dimensão e auditoria","name|nome|nickname|requester|driver|motorista|user","nome mínimo; sem duplicação em logs/evidências","TDE + backup criptografado","DBA/Segurança","TLS","iniciais ou pseudônimo fora de perfis autorizados","Operação/Segurança/BI com finalidade","logs, fixtures reais, acesso público","R-USER-HISTORY-OWNER","PENDING_DATA_OWNER_COMPLIANCE","histórico retido quando hold ativo","SEGURANCA_OPERACOES_E_COMPLIANCE","TIME_NOMINAL_NAO_INFORMADO","V2-033/V2-045","POLICY_PENDING_OWNER","tabelas 011/017 e selections GraphQL","YES"
"PROT-06","contato e endereço","execução e acompanhamento da operação logística","email|phone|telefone|address|endereco|line1|line2|postal|cep|bairro","campo estritamente necessário; metadata-only não promove por default","TDE + backup criptografado","DBA/Segurança","TLS","parcial em UI/export; total em log/evidência","Operação autorizada","BI amplo, logs, fixtures reais","R-DOMAIN-OWNER","PENDING_DATA_OWNER_COMPLIANCE","hold por caso com auditoria","OPERACAO_COMPLIANCE_E_SEGURANCA","TIME_NOMINAL_NAO_INFORMADO","V2-010/V2-045","POLICY_PENDING_OWNER","17 campos metadata-only de Coletas","YES"
"PROT-07","localização, rota, veículo e timeline","logística, ETA e desempenho","latitude|longitude|route|rota|city|cidade|uf|region|placa|vehicle|parada|arrival|depart","precisão e janela mínimas por consumidor","TDE + backup criptografado","DBA/Segurança","TLS","generalização geográfica/temporal fora da Operação","Operação/Logística e BI aprovado","acesso público, logs detalhados","R-DOMAIN-OWNER","PENDING_DATA_OWNER_COMPLIANCE","hold por viagem/caso","LOGISTICA_COMPLIANCE_E_SEGURANCA","TIME_NOMINAL_NAO_INFORMADO","V2-028/V2-034a/V2-045","POLICY_PENDING_OWNER","Localização/Raster DDL","YES"
"PROT-08","fiscal, bancário, pagamentos e valores financeiros","faturamento, conciliação e métricas financeiras","bank|account|payment|invoice|fatura|cte|nfse|mdfe|fiscal|tax|value|valor|total|subtotal|cost|price","campos aprovados por fato/contrato; moeda/unidade/escala obrigatórias","TDE + backup criptografado; segregação de grants","DBA/Segurança","TLS","documentos/contas/valores conforme perfil e ambiente","Fiscal/Controladoria e runtime mínimo","acesso genérico, logs e fixtures reais","R-FINANCIAL-OWNER","PENDING_DATA_OWNER_COMPLIANCE","hold fiscal/legal impede purge","CONTROLADORIA_FISCAL_COMPLIANCE_E_SEGURANCA","TIME_NOMINAL_NAO_INFORMADO","V2-029/V2-030/V2-036/V2-045","POLICY_PENDING_OWNER","DDL/procedures/views legadas","YES"
"PROT-09","comentários, motivos, descrições, XML e PDF","tratativa operacional/fiscal e evidência","comment|reason|motivo|observ|description|xml|pdf","não promover blob/texto livre sem finalidade; extrair somente atributos necessários","TDE + storage cifrado se blob for aprovado","DBA/Segurança","TLS","redação de PII/segredo e limite de tamanho","owner do caso e auditor autorizado","logs, pub genérico, fixtures reais","R-SENSITIVE-CONTENT-OWNER","PENDING_DATA_OWNER_COMPLIANCE","hold por documento/caso","DATA_OWNER_COMPLIANCE_E_SEGURANCA","TIME_NOMINAL_NAO_INFORMADO","V2-021/V2-045","POLICY_PENDING_OWNER","DTOs/DDL legados","YES"
"PROT-10","payload/metadata bruto","nenhuma persistência por default; diagnóstico somente por exceção aprovada","metadata|payload|raw|body","staging tipado; presença/proveniência sem corpo integral","se excepcionalmente aprovado: storage segregado cifrado","Segurança/DBA com rotação","TLS","não logar; sanitização antes de evidência","nenhum por default; break-glass auditado se aprovado","runtime pub/mart/log/Git/fixtures","NO_RAW_PAYLOAD_DEFAULT","RATIFIED","hold somente em evidência minimizada; payload exige decisão legal específica","SEGURANCA_COMPLIANCE_E_DATA_OWNER","TIME_NOMINAL_NAO_INFORMADO","V2-021/V2-045","RATIFIED_DIRECTION","ADR 0002/0003/0005","YES"
"PROT-11","staging bem-sucedido","promoção, replay curto e diagnóstico de DQ","stg.* accepted","campos tipados necessários por contrato; sem payload bruto","TDE + grants runtime mínimos","DBA/Segurança","TLS","por classe do campo","runtime da vertical e suporte auditado","pub/BI direto","CANDIDATE_7_DAYS","PENDING_DATA_OWNER_COMPLIANCE","legal hold suspende lifecycle por execution_id","DATA_OWNER_COMPLIANCE_E_DBA","TIME_NOMINAL_NAO_INFORMADO","V2-045","POLICY_PENDING_OWNER","direção 15 do roadmap","YES"
"PROT-12","staging falho","correção, replay e análise de DQ antes do archive","stg.* rejected","campo/erro tipado sanitizado; amostra limitada; sem corpo inteiro","TDE + grants segregados","DBA/Segurança","TLS","por classe; mensagem sanitizada e limitada","runtime, DQ, suporte auditado","pub/BI direto","CANDIDATE_30_DAYS","PENDING_DATA_OWNER_COMPLIANCE","legal hold suspende lifecycle por execution_id","DATA_OWNER_COMPLIANCE_E_DBA","TIME_NOMINAL_NAO_INFORMADO","V2-021/V2-045b","POLICY_PENDING_OWNER","direção 15 do roadmap; quarantine durável pertence a PROT-16","YES"
"PROT-13","core, ref e crosswalk","domínio canônico, referências e identidade","core.*|ref.*|crosswalk.*","somente contrato aprovado; aliases com vigência e proveniência","TDE + backup criptografado + grants por schema","DBA/Segurança","TLS","views/perfis por classe","runtime e owners do domínio","acesso anônimo/genérico","R-DOMAIN-OWNER","PENDING_DATA_OWNER_COMPLIANCE","flag/ledger impede purge; aplicação não hard-delete","DATA_OWNER_COMPLIANCE_E_DBA","TIME_NOMINAL_NAO_INFORMADO","V2-008/V2-019/V2-045","POLICY_PENDING_OWNER","ADRs 0006/0008","YES"
"PROT-14","mart e pub","fatos e contratos de consumo aprovados","mart.*|pub.*","somente colunas do manifesto consumidor; sem metadata/raw","TDE + grants por contrato","DBA/Segurança","TLS","view/role por classe e ambiente","consumidores nominalmente aprovados","acesso genérico; runtime sem necessidade","R-MART-PUB-CONTRACT","PENDING_OWNER_CONSUMER","segue dado fonte/contrato e preserva evidência de versão","BI_CONSUMIDOR_DATA_OWNER_E_DBA","TIME_NOMINAL_NAO_INFORMADO","V2-036/V2-037/V2-045","POLICY_PENDING_OWNER","19 views/5 fatos inventariados","YES"
"PROT-15","ctl, logs e métricas","controle, observabilidade, auditoria e SLA","ctl.*|log|metric|execution|page|watermark","IDs técnicos tokenizados/omitidos; contadores/categorias; limites por evento/execução","TDE + log storage cifrado","DBA/Segurança/Observabilidade","TLS","redaction central e testes","Operações/Plataforma/Segurança auditados","consumidor BI genérico","R-CTL-LOG-LIFECYCLE","PENDING_DATA_OWNER_COMPLIANCE","append-only/arquivo; hold por execution_id","OPERACOES_SEGURANCA_COMPLIANCE","TIME_NOMINAL_NAO_INFORMADO","V2-020/V2-043/V2-045","POLICY_PENDING_OWNER","roadmap observabilidade/proteção","YES"
"PROT-16","recon, evidência e arquivo/backup","paridade, investigação, recuperação e compliance","recon.*|evidence|archive|backup","totais, classificações e amostra limitada; nunca segredo/payload/ID real em Git","TDE/storage e backups cifrados","DBA/Segurança com rotação e teste de restore","TLS","redação/tokenização; evidência versionável só sanitizada","DQ/Auditoria/Segurança/DBA autorizados","pub e acesso genérico","APPEND_ONLY_ARCHIVE_OWNER_DEFINED","PENDING_DATA_OWNER_COMPLIANCE","legal hold explícito prevalece sobre lifecycle","COMPLIANCE_SEGURANCA_DBA_E_DATA_OWNER","TIME_NOMINAL_NAO_INFORMADO","V2-039/V2-045","POLICY_PENDING_OWNER","direção 15 e gates de paridade","YES"
