"rule_id","domain","title","rule","source","positive_example","counterexample","affected_contract","expected_test","owner_role","acceptor","decision","status","due_gate","publication_blocked","evidence"
"CAP-01","CAP","Regra CAP-01","candidato de source key/PK publicada por ant_ils_sequence_code; filtro de negócio por issue_date. A V1 repete a janela global de issue_date e a cruza com um dia de created_at; a V2 só mantém essa segmentação após caracterização. Qualquer contador/oráculo deve repetir exatamente ambos os filtros da travessia, pois omitir created_at compara outro conjunto.","STATES.md#contas-a-pagar; DTO/mapper 8636; tabelas/006; views/013","contador e travessia usam a mesma janela issue_date e o mesmo dia created_at","contador que omite created_at não é oráculo do conjunto percorrido","CAP source/core/mart/pub conforme matriz-campos.csv","PortabilityRule_CAP_01_positive_and_counterexample; implementation gate V2-029","CONTROLADORIA_E_FINANCEIRO","TIME_NOMINAL_NAO_INFORMADO","PRESERVE","UNRESOLVED_WITH_GATE","V2-029","YES","roadmap consolidado a partir de código/SQL legado; produção/owner é oráculo final"
"CAP-02","CAP","Regra CAP-02","paid=true publica “PAGO”; caso contrário, “ABERTO”.","STATES.md#contas-a-pagar; DTO/mapper 8636; tabelas/006; views/013","paid=true publica PAGO e paid=false publica ABERTO","nulo ou texto truthy não é convertido silenciosamente em PAGO","CAP source/core/mart/pub conforme matriz-campos.csv","PortabilityRule_CAP_02_positive_and_counterexample; implementation gate V2-029","CONTROLADORIA_E_FINANCEIRO","TIME_NOMINAL_NAO_INFORMADO","PRESERVE","BASELINE_CLASSIFIED_PENDING_OWNER_ACCEPTANCE","V2-029","YES","roadmap consolidado a partir de código/SQL legado; produção/owner é oráculo final"
"CAP-03","CAP","Regra CAP-03","competência, fornecedor, filial, centro/plano de contas e valores são contrato. A fonte mapeia ant_ils_atn_transaction_date → data_transacao, ant_ils_atn_liquidation_date → data_liquidacao e created_at → data_criacao. O dedupe legado compara lexicograficamente criação/transação/liquidação/emissão/extração, mas a promoção usa o maior instante entre fim do dia de transação, fim do dia de liquidação e criação. A V2 adota a expressão da promoção igualmente no dedupe, com testes.","STATES.md#contas-a-pagar; DTO/mapper 8636; tabelas/006; views/013","maior instante entre transação, liquidação e criação é usado em dedupe e promoção","comparação lexicográfica ou expressão divergente entre dedupe/promoção é rejeitada","CAP source/core/mart/pub conforme matriz-campos.csv","PortabilityRule_CAP_03_positive_and_counterexample; implementation gate V2-029","CONTROLADORIA_E_FINANCEIRO","TIME_NOMINAL_NAO_INFORMADO","PRESERVE","BASELINE_CLASSIFIED_PENDING_OWNER_ACCEPTANCE","V2-029","YES","roadmap consolidado a partir de código/SQL legado; produção/owner é oráculo final"
"CAP-04","CAP","Regra CAP-04","ant_ils_sequence_code é candidato à chave da parcela publicada. Como o template não expõe ID da raiz accounting_debit, o V2 não usa per como prova de completude nem ativa sweep/cutover até contrato/contagem/cursor oficial ou oráculo independente de totais + chaves. Duas travessias com tamanhos distintos são apenas evidência complementar.","STATES.md#contas-a-pagar; DTO/mapper 8636; tabelas/006; views/013","parcela preserva ant_ils_sequence_code e segue em sombra sem prova da raiz/completude","per ou duas travessias iguais não habilitam sweep/cutover","CAP source/core/mart/pub conforme matriz-campos.csv","PortabilityRule_CAP_04_positive_and_counterexample; implementation gate V2-029","CONTROLADORIA_E_FINANCEIRO","TIME_NOMINAL_NAO_INFORMADO","PRESERVE","UNRESOLVED_WITH_GATE","V2-029","YES","roadmap consolidado a partir de código/SQL legado; produção/owner é oráculo final"
"CAP-05","CAP","Catálogos derivados","após remover o namespace até o último ::, tipo publica Manual, Advance→Adiantamento, CiotBilling→Pagamento CIOT, DriverBilling→Pagamento Motorista e StorageInvoice→Nota Fiscal Armazenagem. Classificação publica variable_costs→4. Custos Variáveis, static_expenses→3. Custos Fixos, revenue→1. Receitas, deductions→2. Deduções, financial_result→5. Resultado Financeiro e taxes→6. Impostos. Desconhecido preserva bruto e não assume classe conhecida; normalização/label são versionados.","STATES.md#contas-a-pagar; DTO/mapper 8636; tabelas/006; views/013","Accounting::Advance publica Adiantamento e variable_costs publica Custos Variáveis","valor desconhecido preserva bruto e não assume catálogo conhecido","CAP source/core/mart/pub conforme matriz-campos.csv","PortabilityRule_CAP_05_positive_and_counterexample; implementation gate V2-029","CONTROLADORIA_E_FINANCEIRO","TIME_NOMINAL_NAO_INFORMADO","PRESERVE","BASELINE_CLASSIFIED_PENDING_OWNER_ACCEPTANCE","V2-029","YES","roadmap consolidado a partir de código/SQL legado; produção/owner é oráculo final"
"COL-01","COL","Identidade","6908.id é a source key canônica da origem e mapeia para o canonical_id surrogate da V2; sequence_code é business key única, nunca substituto inferido do ID.","STATES.md#coletas; GraphQLQueries.java; tabelas/001; views/012,015; procedure/005","id=SRC-A e sequence_code=SEQ-A criam um canonical_id e alias distintos","id ausente ou troca de id por sequence_code vai para quarentena","COL source/core/mart/pub conforme matriz-campos.csv","PortabilityRule_COL_01_positive_and_counterexample; implementation gate V2-010/V2-012","OPERACAO_E_PLATAFORMA","TIME_NOMINAL_NAO_INFORMADO","PRESERVE","BASELINE_CLASSIFIED_PENDING_OWNER_ACCEPTANCE","V2-010/V2-012","YES","roadmap consolidado a partir de código/SQL legado; produção/owner é oráculo final"
"COL-02","COL","Frescor","persistir e comparar o timestamp tipado status_updated_at_em, derivado de status_updated_at, com fallback documentado em finish_date, service_date e request_date; preservar também o valor bruto quando inválido.","STATES.md#coletas; GraphQLQueries.java; tabelas/001; views/012,015; procedure/005","status_updated_at válido vence finish_date e o bruto é preservado","status_updated_at inválido não vira data; bruto fica preservado e o fallback é marcado","COL source/core/mart/pub conforme matriz-campos.csv","PortabilityRule_COL_02_positive_and_counterexample; implementation gate V2-010/V2-012","OPERACAO_E_PLATAFORMA","TIME_NOMINAL_NAO_INFORMADO","PRESERVE","BASELINE_CLASSIFIED_PENDING_OWNER_ACCEPTANCE","V2-010/V2-012","YES","roadmap consolidado a partir de código/SQL legado; produção/owner é oráculo final"
"COL-03","COL","Terminalidade","fonte terminal pode superar estado aberto mesmo com timestamp retroativo; terminal persistido não regride para aberto. Catálogo mínimo observado: pending, treatment, manifested, in_transit, draft, finished, done, canceled/cancelled.","STATES.md#coletas; GraphQLQueries.java; tabelas/001; views/012,015; procedure/005","done retroativo supera pending e permanece terminal","registro done persistido não regride quando chega pending mais novo","COL source/core/mart/pub conforme matriz-campos.csv","PortabilityRule_COL_03_positive_and_counterexample; implementation gate V2-010/V2-012","OPERACAO_E_PLATAFORMA","TIME_NOMINAL_NAO_INFORMADO","PRESERVE","BASELINE_CLASSIFIED_PENDING_OWNER_ACCEPTANCE","V2-010/V2-012","YES","roadmap consolidado a partir de código/SQL legado; produção/owner é oráculo final"
"COL-04","COL","Status publicado","preservar o contrato vigente: done → “Coletada”, finished → “Finalizada”; ambos terminais. A V2 armazena código bruto + código canônico + label versionada, para uma futura mudança de apresentação não reescrever o fato bruto.","STATES.md#coletas; GraphQLQueries.java; tabelas/001; views/012,015; procedure/005","done publica código done, label Coletada e terminal=true","finished não pode ser rotulado Coletada nem reescrever o código bruto","COL source/core/mart/pub conforme matriz-campos.csv","PortabilityRule_COL_04_positive_and_counterexample; implementation gate V2-010/V2-012","OPERACAO_E_PLATAFORMA","TIME_NOMINAL_NAO_INFORMADO","PRESERVE","BASELINE_CLASSIFIED_PENDING_OWNER_ACCEPTANCE","V2-010/V2-012","YES","roadmap consolidado a partir de código/SQL legado; produção/owner é oráculo final"
"COL-05","COL","Ausência","snapshot completo e independente; primeira ausência vira candidata e já é publicada como “Excluída” por compatibilidade; segunda observação independente confirma soft delete. O registro confirmado continua visível na view principal e na view/auditoria de excluídas. Reaparecimento limpa todos os campos de ausência.","STATES.md#coletas; GraphQLQueries.java; tabelas/001; views/012,015; procedure/005","duas ausências independentes confirmam soft delete; reaparecimento limpa todo estado de ausência","uma única travessia incremental não confirma ausência nem hard-delete","COL source/core/mart/pub conforme matriz-campos.csv","PortabilityRule_COL_05_positive_and_counterexample; implementation gate V2-010/V2-012","OPERACAO_E_PLATAFORMA","TIME_NOMINAL_NAO_INFORMADO","PRESERVE","BASELINE_CLASSIFIED_PENDING_OWNER_ACCEPTANCE","V2-010/V2-012","YES","roadmap consolidado a partir de código/SQL legado; produção/owner é oráculo final"
"COL-06","COL","Proteção","snapshot incompleto, vazio anômalo, chave nula ou página incerta não altera ativos.","STATES.md#coletas; GraphQLQueries.java; tabelas/001; views/012,015; procedure/005","snapshot completo com todas as páginas permite avaliar presença","página vazia anômala, chave nula ou cap atingido não altera ativos","COL source/core/mart/pub conforme matriz-campos.csv","PortabilityRule_COL_06_positive_and_counterexample; implementation gate V2-010/V2-012","OPERACAO_E_PLATAFORMA","TIME_NOMINAL_NAO_INFORMADO","PRESERVE","BASELINE_CLASSIFIED_PENDING_OWNER_ACCEPTANCE","V2-010/V2-012","YES","roadmap consolidado a partir de código/SQL legado; produção/owner é oráculo final"
"COL-07","COL","Relações","V2-010 preserva, com presença e proveniência, os campos candidatos ao vínculo; V2-046a prova/materializa Manifesto→Coleta e preserva aliases/componentes dos itens; depois que Fretes existir, V2-046b prova/materializa Coleta→Frete. V2-036 apenas consome os vínculos canônicos para receita/fatos. Nenhuma relação inferida bloqueia ou multiplica a ingestão base antes dessa prova.","STATES.md#coletas; GraphQLQueries.java; tabelas/001; views/012,015; procedure/005","pick e manifesto entram com componentes, presença e proveniência até o crosswalk provar 1:N","nome parecido ou join que multiplica a coleta não cria relação canônica","COL source/core/mart/pub conforme matriz-campos.csv","PortabilityRule_COL_07_positive_and_counterexample; implementation gate V2-010/V2-012","OPERACAO_E_PLATAFORMA","TIME_NOMINAL_NAO_INFORMADO","PRESERVE","UNRESOLVED_WITH_GATE","V2-010/V2-012","YES","roadmap consolidado a partir de código/SQL legado; produção/owner é oráculo final"
"COL-08","COL","Região logística","CEP tem prioridade, depois cidade/UF; fallback deve permanecer explícito e regras devem ser versionadas.","STATES.md#coletas; GraphQLQueries.java; tabelas/001; views/012,015; procedure/005","CEP válido encontra regra vigente antes do fallback cidade/UF","CEP inválido não pode sobrepor uma regra cidade/UF válida","COL source/core/mart/pub conforme matriz-campos.csv","PortabilityRule_COL_08_positive_and_counterexample; implementation gate V2-010/V2-012","OPERACAO_E_PLATAFORMA","TIME_NOMINAL_NAO_INFORMADO","PRESERVE","BASELINE_CLASSIFIED_PENDING_OWNER_ACCEPTANCE","V2-010/V2-012","YES","roadmap consolidado a partir de código/SQL legado; produção/owner é oráculo final"
"COL-09","COL","Incremental","scopes.by_updated_at é busca complementar de late data, não cursor/watermark confiável. O checkpoint é por partição concluída de request_date + overlap versionado.","STATES.md#coletas; GraphQLQueries.java; tabelas/001; views/012,015; procedure/005","partição request_date publicada avança checkpoint; overlap captura atualização tardia","maior updated_at observado não salta partição ausente nem vira watermark","COL source/core/mart/pub conforme matriz-campos.csv","PortabilityRule_COL_09_positive_and_counterexample; implementation gate V2-010/V2-012","OPERACAO_E_PLATAFORMA","TIME_NOMINAL_NAO_INFORMADO","PRESERVE","BASELINE_CLASSIFIED_PENDING_OWNER_ACCEPTANCE","V2-010/V2-012","YES","roadmap consolidado a partir de código/SQL legado; produção/owner é oráculo final"
"COL-10","COL","Guardrails herdados como candidatos","reconciliação usa lookback 90 dias, duas confirmações e lote 500; órfãos até 500/35% e inválidos até 500/2,5%. Backfill referencial traz ainda pré-backfill 5 dias, buffer 7, expansão dinâmica máxima 30, chunk de backlog 400, lookahead 1 e aborto do intervalo após duas falhas críticas consecutivas; falha direta, auditoria ausente e quebra referencial contam, enquanto bloco saudável zera o contador. Esses conjuntos têm finalidades diferentes e nenhum valor vira default V2 sem medição, owner, janela e teste de bloqueio/reset.","STATES.md#coletas; GraphQLQueries.java; tabelas/001; views/012,015; procedure/005","limite candidato só é ativado após medição, owner e teste de reset/bloqueio","copiar 90 dias, 500 ou 35% como default produtivo é rejeitado","COL source/core/mart/pub conforme matriz-campos.csv","PortabilityRule_COL_10_positive_and_counterexample; implementation gate V2-010/V2-012","OPERACAO_E_PLATAFORMA","TIME_NOMINAL_NAO_INFORMADO","PRESERVE","UNRESOLVED_WITH_GATE","V2-010/V2-012","YES","roadmap consolidado a partir de código/SQL legado; produção/owner é oráculo final"
"COL-11","COL","Derivados operacionais","o catálogo legado publica pending=Pendente, treatment=Em tratativa, manifested=Manifestada, in_transit=Em trânsito, draft=Rascunho, finished=Finalizada, done=Coletada e canceled/cancelled=Cancelada; apenas os quatro últimos códigos são terminais. Ação da ocorrência segue a precedência exata: finished/done→Coleta Realizada; nos demais status, motivo de cancelamento não vazio; senão canceled/cancelled→Coleta cancelada; senão “Pendente”. Número de tentativas legado é 1 para qualquer terminal e 0 para aberto. Bruto/canônico/label/terminal permanecem separados; alteração desses derivados exige fixture, consumidor e paridade.","STATES.md#coletas; GraphQLQueries.java; tabelas/001; views/012,015; procedure/005","finished com motivo vazio publica Finalizada, Coleta Realizada e tentativas=1","pending não é terminal, não recebe Coleta Realizada e mantém tentativas=0","COL source/core/mart/pub conforme matriz-campos.csv","PortabilityRule_COL_11_positive_and_counterexample; implementation gate V2-010/V2-012","OPERACAO_E_PLATAFORMA","TIME_NOMINAL_NAO_INFORMADO","PRESERVE","BASELINE_CLASSIFIED_PENDING_OWNER_ACCEPTANCE","V2-010/V2-012","YES","roadmap consolidado a partir de código/SQL legado; produção/owner é oráculo final"
"COT-01","COT","Regra COT-01","grão e PK por sequence_code, usuário normalizado, hash/no-op e soft delete. O legado diverge: dedupe usa somente requested_at, enquanto promoção prioriza nfse_issued_at, depois cte_issued_at, depois requested_at. A V2 adota essa precedência como frescor compatível inicial e a aplica igualmente em dedupe/promoção, com teste de empate/out-of-order.","STATES.md#cotacoes; DTO/mapper 6906; tabelas/004; views/016","sequence_code identifica a cotação e nfse_issued_at vence cte_issued_at/requested_at","dedupe apenas por requested_at ou chegada posterior não pode regredir o registro","COT source/core/mart/pub conforme matriz-campos.csv","PortabilityRule_COT_01_positive_and_counterexample; implementation gate V2-027","COMERCIAL_E_OPERACAO","TIME_NOMINAL_NAO_INFORMADO","PRESERVE","BASELINE_CLASSIFIED_PENDING_OWNER_ACCEPTANCE","V2-027","YES","roadmap consolidado a partir de código/SQL legado; produção/owner é oráculo final"
"COT-02","COT","Regra COT-02","tarifa mínima por UF origem/destino é regra válida, mas o CASE legado deve virar tabela versionada com vigência, combinação não coberta e testes de paridade.","STATES.md#cotacoes; DTO/mapper 6906; tabelas/004; views/016","UF origem/destino encontra tarifa vigente única na referência versionada","combinação ausente ou duas tarifas vigentes não recebe valor inventado","COT source/core/mart/pub conforme matriz-campos.csv","PortabilityRule_COT_02_positive_and_counterexample; implementation gate V2-027","COMERCIAL_E_OPERACAO","TIME_NOMINAL_NAO_INFORMADO","PRESERVE","BASELINE_CLASSIFIED_PENDING_OWNER_ACCEPTANCE","V2-027","YES","roadmap consolidado a partir de código/SQL legado; produção/owner é oráculo final"
"FAT-01","FAT","Regra FAT-01","4924.id é candidato a source key da linha observada, sujeito a estabilidade/tenant scope em V2-009b; unique_id não veio no payload e sua ordenação aceita não prova existência. Uma linha por título lógico exige crosswalk e cardinalidade próprios.","STATES.md#faturas-por-cliente; DTO/mapper 4924; tabelas/007; views/011,017; procedures/003,004","id=FAT-A permanece source key candidata escopada; título lógico usa crosswalk próprio","unique_id ausente no payload ou order_by não prova source key","FAT source/core/mart/pub conforme matriz-campos.csv","PortabilityRule_FAT_01_positive_and_counterexample; implementation gate V2-030","CONTROLADORIA_E_FISCAL","TIME_NOMINAL_NAO_INFORMADO","PRESERVE","UNRESOLVED_WITH_GATE","V2-030","YES","roadmap consolidado a partir de código/SQL legado; produção/owner é oráculo final"
"FAT-02","FAT","Documento fiscal divergente","o mapper legado dá precedência à NFS-e quando ambos vêm no payload e zera CT-e; as views/procedure, porém, testam número CT-e antes de NFS-e quando ambos já existem no banco. Isso normalmente fica mascarado pela supressão anterior e não forma uma regra coerente. A V2 preserva presença/proveniência das duas evidências no staging, caracteriza casos simultâneos em V2-025b/V2-030 e decide por ADR/paridade uma única precedência para core, fato e publicação; até lá o caso duplo é UNRESOLVED e bloqueia a saída. CNPJ é normalizado e status CT-e traduzido.","STATES.md#faturas-por-cliente; DTO/mapper 4924; tabelas/007; views/011,017; procedures/003,004","CT-e e NFS-e simultâneos ficam ambos no staging com proveniência e bloqueiam saída até ADR","mapper não pode zerar uma evidência nem core/view usar precedências divergentes","FAT source/core/mart/pub conforme matriz-campos.csv","PortabilityRule_FAT_02_positive_and_counterexample; implementation gate V2-030","CONTROLADORIA_E_FISCAL","TIME_NOMINAL_NAO_INFORMADO","PRESERVE","UNRESOLVED_WITH_GATE","V2-030","YES","roadmap consolidado a partir de código/SQL legado; produção/owner é oráculo final"
"FAT-03","FAT","Regra FAT-03","uma fatura pode agrupar vários fretes. fit_ant_document não é identidade de Frete.","STATES.md#faturas-por-cliente; DTO/mapper 4924; tabelas/007; views/011,017; procedures/003,004","uma fatura relaciona dois fretes por crosswalk sem duplicar a raiz","fit_ant_document não é convertido em identidade de Frete","FAT source/core/mart/pub conforme matriz-campos.csv","PortabilityRule_FAT_03_positive_and_counterexample; implementation gate V2-030","CONTROLADORIA_E_FISCAL","TIME_NOMINAL_NAO_INFORMADO","PRESERVE","BASELINE_CLASSIFIED_PENDING_OWNER_ACCEPTANCE","V2-030","YES","roadmap consolidado a partir de código/SQL legado; produção/owner é oráculo final"
"FAT-04","FAT","Regra FAT-04","aliases/rekey, cardinalidade título–CT-e/NFS-e–fretes e replay precisam ser determinísticos antes da persistência.","STATES.md#faturas-por-cliente; DTO/mapper 4924; tabelas/007; views/011,017; procedures/003,004","rekey mantém alias histórico e replay reproduz as mesmas relações/cardinalidades","mudança de chave não reescreve vínculo silenciosamente nem cria N:N acidental","FAT source/core/mart/pub conforme matriz-campos.csv","PortabilityRule_FAT_04_positive_and_counterexample; implementation gate V2-030","CONTROLADORIA_E_FISCAL","TIME_NOMINAL_NAO_INFORMADO","PRESERVE","UNRESOLVED_WITH_GATE","V2-030","YES","roadmap consolidado a partir de código/SQL legado; produção/owner é oráculo final"
"FAT-05","FAT","Frescor","o dedupe legado é keep-last sem timestamp, enquanto a promoção escolhe o maior de data_baixa_fatura, data_vencimento_fatura, data_emissao_fatura, data_emissao_cte, fit_ant_issue_date e fit_ant_ils_original_due_date. As cinco datas civis — todas exceto data_emissao_cte — comparam como fim lógico do dia; somente data_emissao_cte conserva hora/minuto/segundo. A V2 guarda tipos brutos, deriva a chave comparável em America/Sao_Paulo por início exclusivo do dia seguinte — sem literal frágil 23:59:59 — e usa a mesma expressão em dedupe/promoção. Testes cobrem nulo, empate, out-of-order, precisão, conversão e DST.","STATES.md#faturas-por-cliente; DTO/mapper 4924; tabelas/007; views/011,017; procedures/003,004","data civil usa início do dia seguinte em America/Sao_Paulo; CT-e conserva hora","23:59:59 literal, timezone do host ou keep-last não define frescor","FAT source/core/mart/pub conforme matriz-campos.csv","PortabilityRule_FAT_05_positive_and_counterexample; implementation gate V2-030","CONTROLADORIA_E_FISCAL","TIME_NOMINAL_NAO_INFORMADO","PRESERVE","BASELINE_CLASSIFIED_PENDING_OWNER_ACCEPTANCE","V2-030","YES","roadmap consolidado a partir de código/SQL legado; produção/owner é oráculo final"
"FAT-06","FAT","Catálogos derivados","status CT-e publica authorized=Autorizado, cancelled=Cancelado, denied=Negado e pending=Pendente; desconhecido preserva o bruto. Tipo de frete remove ocorrências literais de Freight:: e aplica trim, mantendo também o valor original para auditoria.","STATES.md#faturas-por-cliente; DTO/mapper 4924; tabelas/007; views/011,017; procedures/003,004","authorized publica Autorizado e Freight::Express publica Express preservando bruto","status desconhecido não recebe label conhecida nem perde o original","FAT source/core/mart/pub conforme matriz-campos.csv","PortabilityRule_FAT_06_positive_and_counterexample; implementation gate V2-030","CONTROLADORIA_E_FISCAL","TIME_NOMINAL_NAO_INFORMADO","PRESERVE","BASELINE_CLASSIFIED_PENDING_OWNER_ACCEPTANCE","V2-030","YES","roadmap consolidado a partir de código/SQL legado; produção/owner é oráculo final"
"FAT-07","FAT","Campo sem fonte comprovada","serie_nfse existe no DDL/publicação legado, mas não possui origem no DTO/mapper auditado. Fica ABSENT/UNSOURCED_LEGACY até source path comprovado ou retirada nominal; não é campo obrigatório da API por suposição.","STATES.md#faturas-por-cliente; DTO/mapper 4924; tabelas/007; views/011,017; procedures/003,004","serie_nfse permanece ABSENT/UNSOURCED e bloqueada até evidência ou retirada aceita","campo não é declarado obrigatório nem preenchido por número parecido","FAT source/core/mart/pub conforme matriz-campos.csv","PortabilityRule_FAT_07_positive_and_counterexample; implementation gate V2-030","CONTROLADORIA_E_FISCAL","TIME_NOMINAL_NAO_INFORMADO","PRESERVE","UNRESOLVED_WITH_GATE","V2-030","YES","roadmap consolidado a partir de código/SQL legado; produção/owner é oráculo final"
"FRE-01","FRE","Identidade","6389.id é a source key técnica da origem e mapeia para o canonical_id surrogate; corporation_sequence_number não é ID.","STATES.md#fretes; GraphQLQueries.java; DTO 6389; tabelas/002; views/011; procedures/001,003","id=FRE-A resolve canonical_id e corporation_sequence_number fica como alias","corporation_sequence_number sozinho não é promovido a source key","FRE source/core/mart/pub conforme matriz-campos.csv","PortabilityRule_FRE_01_positive_and_counterexample; implementation gate V2-011/V2-012","OPERACAO_FISCAL_E_PLATAFORMA","TIME_NOMINAL_NAO_INFORMADO","PRESERVE","BASELINE_CLASSIFIED_PENDING_OWNER_ACCEPTANCE","V2-011/V2-012","YES","roadmap consolidado a partir de código/SQL legado; produção/owner é oráculo final"
"FRE-02","FRE","Promoção","o frescor efetivo preserva a precedência legada cte_created_at → cte_issued_at → criado_em → servico_em, escolhendo o primeiro valor presente, e a V2 usa exatamente essa chave em dedupe e promoção. updated_at permanece UNVERIFIED e não participa do frescor/watermark até prova contratual. Empate tem desempate total determinístico; nulo e chegada out-of-order são testados. Terminais finished, done, canceled e cancelled não regridem para aberto, salvo transição de negócio explicitamente versionada; campos previamente conhecidos seguem FRE-03. Publicação compatível: finished/done → finalizado e canceled/cancelled → cancelada, preservando o bruto.","STATES.md#fretes; GraphQLQueries.java; DTO 6389; tabelas/002; views/011; procedures/001,003","cte_created_at presente vence cte_issued_at e o desempate total escolhe uma linha","updated_at ou chegada posterior não supera a precedência nem faz terminal regredir","FRE source/core/mart/pub conforme matriz-campos.csv","PortabilityRule_FRE_02_positive_and_counterexample; implementation gate V2-011/V2-012","OPERACAO_FISCAL_E_PLATAFORMA","TIME_NOMINAL_NAO_INFORMADO","PRESERVE","BASELINE_CLASSIFIED_PENDING_OWNER_ACCEPTANCE","V2-011/V2-012","YES","roadmap consolidado a partir de código/SQL legado; produção/owner é oráculo final"
"FRE-03","FRE","Presença/performance","uma resposta terminal que omite CT-e, finalizações ou objetos já conhecidos não pode sobrescrever esses campos com nulo sem regra explícita. O timestamp oficial de performance do 6389 tem precedência; finished_at é fallback marcado com proveniência, nunca substitui silenciosamente a origem oficial.","STATES.md#fretes; GraphQLQueries.java; DTO 6389; tabelas/002; views/011; procedures/001,003","resposta sem CT-e mantém o CT-e conhecido e registra campo ausente","campo omitido não sobrescreve CT-e, finalização ou performance com nulo","FRE source/core/mart/pub conforme matriz-campos.csv","PortabilityRule_FRE_03_positive_and_counterexample; implementation gate V2-011/V2-012","OPERACAO_FISCAL_E_PLATAFORMA","TIME_NOMINAL_NAO_INFORMADO","PRESERVE","BASELINE_CLASSIFIED_PENDING_OWNER_ACCEPTANCE","V2-011/V2-012","YES","roadmap consolidado a partir de código/SQL legado; produção/owner é oráculo final"
"FRE-04","FRE","Relação","o vínculo legado comprovado usa pick_item_id e itens de Coletas. fit_p_m_pck_sequence_code é candidato que exige prova de cardinalidade.","STATES.md#fretes; GraphQLQueries.java; DTO 6389; tabelas/002; views/011; procedures/001,003","pick_item_id é stageado e relacionado set-based após prova de cardinalidade","fit_p_m_pck_sequence_code semelhante não é tratado como o mesmo identificador","FRE source/core/mart/pub conforme matriz-campos.csv","PortabilityRule_FRE_04_positive_and_counterexample; implementation gate V2-011/V2-012","OPERACAO_FISCAL_E_PLATAFORMA","TIME_NOMINAL_NAO_INFORMADO","PRESERVE","UNRESOLVED_WITH_GATE","V2-011/V2-012","YES","roadmap consolidado a partir de código/SQL legado; produção/owner é oráculo final"
"FRE-05","FRE","Prune","desligado por padrão; quando autorizado, usa snapshot completo, duas ausências, quarentena e guardrails de volume/histórico. Incremental nunca comprova ausência. Os defaults legados — duas ausências, histórico 7, baseline 100, queda/razão 30% e bloqueio de zero — são apenas candidatos a calibrar, não política V2 automática.","STATES.md#fretes; GraphQLQueries.java; DTO 6389; tabelas/002; views/011; procedures/001,003","snapshot completo autorizado com duas ausências e guardrails pode confirmar prune","incremental, zero anômalo ou queda acima do limite não executa prune","FRE source/core/mart/pub conforme matriz-campos.csv","PortabilityRule_FRE_05_positive_and_counterexample; implementation gate V2-011/V2-012","OPERACAO_FISCAL_E_PLATAFORMA","TIME_NOMINAL_NAO_INFORMADO","PRESERVE","UNRESOLVED_WITH_GATE","V2-011/V2-012","YES","roadmap consolidado a partir de código/SQL legado; produção/owner é oráculo final"
"FRE-06","FRE","Financeiro","CT-e, contas, receita, reference_number, filial e campos ausentes exigem paridade e owner de negócio antes do corte.","STATES.md#fretes; GraphQLQueries.java; DTO 6389; tabelas/002; views/011; procedures/001,003","CT-e, conta, receita e filial com paridade e owner podem alimentar o corte","divergência financeira ou campo sem owner mantém publicação bloqueada","FRE source/core/mart/pub conforme matriz-campos.csv","PortabilityRule_FRE_06_positive_and_counterexample; implementation gate V2-011/V2-012","OPERACAO_FISCAL_E_PLATAFORMA","TIME_NOMINAL_NAO_INFORMADO","PRESERVE","UNRESOLVED_WITH_GATE","V2-011/V2-012","YES","roadmap consolidado a partir de código/SQL legado; produção/owner é oráculo final"
"FRE-07","FRE","Data de performance ambígua","o legado tenta MM/dd/yyyy antes de dd/MM/yyyy e só troca para BR em parte dos casos comparando com servico_em; valores como 02/04/2026 podem mudar de sentido pela heurística. V2-025a caracteriza formatos inequívocos e o caso ambíguo sem normalizá-los nem antecipar regra de domínio. Até prova, data com dia e mês ≤12 vai à quarentena com bruto/proveniência, nunca herda a adivinhação. A relação com servico_em, a classificação/quarentena e as fronteiras temporais/DST pertencem aos testes da vertical V2-011.","STATES.md#fretes; GraphQLQueries.java; DTO 6389; tabelas/002; views/011; procedures/001,003","13/04/2026 e 04/13/2026 seguem formatos inequívocos contratados","02/04/2026 sem formato provado vai à quarentena, não usa heurística","FRE source/core/mart/pub conforme matriz-campos.csv","PortabilityRule_FRE_07_positive_and_counterexample; implementation gate V2-011/V2-012","OPERACAO_FISCAL_E_PLATAFORMA","TIME_NOMINAL_NAO_INFORMADO","PRESERVE","UNRESOLVED_WITH_GATE","V2-011/V2-012","YES","roadmap consolidado a partir de código/SQL legado; produção/owner é oráculo final"
"INV-01","INV","Regra INV-01","sequence_code é candidato ao agregado observado, sujeito a V2-009b; a identidade legada por hash de sequência/minuta/mapeamento/data não será copiada. Linhas de frete/invoice são filhos tipados e mantêm seus componentes naturais.","STATES.md#inventario; DTO/mapper 10633; tabelas/020; views/020","sequence_code cria raiz candidata e fretes/invoices ficam em filhos naturais","hash composto legado não é copiado como identidade única da raiz","INV source/core/mart/pub conforme matriz-campos.csv","PortabilityRule_INV_01_positive_and_counterexample; implementation gate V2-031","OPERACAO_E_LOGISTICA","TIME_NOMINAL_NAO_INFORMADO","PRESERVE","UNRESOLVED_WITH_GATE","V2-031","YES","roadmap consolidado a partir de código/SQL legado; produção/owner é oráculo final"
"INV-02","INV","Regra INV-02","dedupe prioriza performance_finished_at, depois finished_at e started_at.","STATES.md#inventario; DTO/mapper 10633; tabelas/020; views/020","performance_finished_at vence finished_at e started_at","chegada posterior não supera um timestamp de maior precedência","INV source/core/mart/pub conforme matriz-campos.csv","PortabilityRule_INV_02_positive_and_counterexample; implementation gate V2-031","OPERACAO_E_LOGISTICA","TIME_NOMINAL_NAO_INFORMADO","PRESERVE","BASELINE_CLASSIFIED_PENDING_OWNER_ACCEPTANCE","V2-031","YES","roadmap consolidado a partir de código/SQL legado; produção/owner é oráculo final"
"INV-03","INV","Regra INV-03","comprovante anexado é cumulativo; verdadeiro não volta a falso. A detecção normalizada preserva a ordem de palavras-chave comprovante → entrega → anexado e combina evidências por OR.","STATES.md#inventario; DTO/mapper 10633; tabelas/020; views/020","evidência normalizada de comprovante mantém flag verdadeira por OR cumulativo","snapshot sem palavra-chave não faz true regredir para false","INV source/core/mart/pub conforme matriz-campos.csv","PortabilityRule_INV_03_positive_and_counterexample; implementation gate V2-031","OPERACAO_E_LOGISTICA","TIME_NOMINAL_NAO_INFORMADO","PRESERVE","BASELINE_CLASSIFIED_PENDING_OWNER_ACCEPTANCE","V2-031","YES","roadmap consolidado a partir de código/SQL legado; produção/owner é oráculo final"
"INV-04","INV","Regra INV-04","relação por minuta e parsing textual precisam de fixtures e quarentena segura.","STATES.md#inventario; DTO/mapper 10633; tabelas/020; views/020","minuta válida e texto reconhecido produzem relação/derivado com proveniência","minuta ambígua ou parsing inválido vai à quarentena sem join inventado","INV source/core/mart/pub conforme matriz-campos.csv","PortabilityRule_INV_04_positive_and_counterexample; implementation gate V2-031","OPERACAO_E_LOGISTICA","TIME_NOMINAL_NAO_INFORMADO","PRESERVE","UNRESOLVED_WITH_GATE","V2-031","YES","roadmap consolidado a partir de código/SQL legado; produção/owner é oráculo final"
"LOC-01","LOC","Regra LOC-01","candidato de grão por corporation_sequence_number publicado pela fonte, sujeito a V2-009b; sequence_number é somente o nome de ordenação legado aceito. Pesos e valores textuais devem ter conversão estrita para colunas tipadas.","STATES.md#localizacao; DTO/mapper 8656; tabelas/005; views/014","corporation_sequence_number válido é candidato rastreado e pesos textuais convertem estritamente","sequence_number de ordenação ou número inválido não prova identidade nem vira zero","LOC source/core/mart/pub conforme matriz-campos.csv","PortabilityRule_LOC_01_positive_and_counterexample; implementation gate V2-028","LOGISTICA_E_OPERACAO","TIME_NOMINAL_NAO_INFORMADO","PRESERVE","UNRESOLVED_WITH_GATE","V2-028","YES","roadmap consolidado a partir de código/SQL legado; produção/owner é oráculo final"
"LOC-02","LOC","Regra LOC-02","status, região/alias da filial destino, previsão, responsável, hash/no-op e soft delete são contrato.","STATES.md#localizacao; DTO/mapper 8656; tabelas/005; views/014","mudança de status/região/previsão altera hash e preserva responsável e soft delete","campo ausente em resposta parcial não apaga estado conhecido","LOC source/core/mart/pub conforme matriz-campos.csv","PortabilityRule_LOC_02_positive_and_counterexample; implementation gate V2-028","LOGISTICA_E_OPERACAO","TIME_NOMINAL_NAO_INFORMADO","PRESERVE","BASELINE_CLASSIFIED_PENDING_OWNER_ACCEPTANCE","V2-028","YES","roadmap consolidado a partir de código/SQL legado; produção/owner é oráculo final"
"LOC-03","LOC","Regra LOC-03","volume publicado usa COALESCE(localizacao.invoices_volumes, fretes.invoices_total_volumes, 0).","STATES.md#localizacao; DTO/mapper 8656; tabelas/005; views/014","invoices_volumes nulo usa volume de Fretes; ambos nulos publicam zero","volume local igual a zero não é substituído pelo fallback de Fretes","LOC source/core/mart/pub conforme matriz-campos.csv","PortabilityRule_LOC_03_positive_and_counterexample; implementation gate V2-028","LOGISTICA_E_OPERACAO","TIME_NOMINAL_NAO_INFORMADO","PRESERVE","BASELINE_CLASSIFIED_PENDING_OWNER_ACCEPTANCE","V2-028","YES","roadmap consolidado a partir de código/SQL legado; produção/owner é oráculo final"
"LOC-04","LOC","Regra LOC-04","conversão inválida deve ir à quarentena; não pode virar nulo silencioso.","STATES.md#localizacao; DTO/mapper 8656; tabelas/005; views/014","texto numérico válido converte para tipo/escala aprovados","texto inválido é quarentenado e não vira nulo silencioso","LOC source/core/mart/pub conforme matriz-campos.csv","PortabilityRule_LOC_04_positive_and_counterexample; implementation gate V2-028","LOGISTICA_E_OPERACAO","TIME_NOMINAL_NAO_INFORMADO","PRESERVE","BASELINE_CLASSIFIED_PENDING_OWNER_ACCEPTANCE","V2-028","YES","roadmap consolidado a partir de código/SQL legado; produção/owner é oráculo final"
"LOC-05","LOC","Regra LOC-05","dedupe legado usa service_at e keep-last quando ambos são nulos; o merge por hash não possui guarda monotônica. A V2 define uma única precedência temporal versionada, testa empate/nulo/out-of-order e bloqueia regressão; enquanto não caracterizada, conflito vai à quarentena.","STATES.md#localizacao; DTO/mapper 8656; tabelas/005; views/014","timestamp com precedência caracterizada impede regressão out-of-order","dois nulos ou empate sem desempate provado vão à quarentena, não keep-last","LOC source/core/mart/pub conforme matriz-campos.csv","PortabilityRule_LOC_05_positive_and_counterexample; implementation gate V2-028","LOGISTICA_E_OPERACAO","TIME_NOMINAL_NAO_INFORMADO","PRESERVE","UNRESOLVED_WITH_GATE","V2-028","YES","roadmap consolidado a partir de código/SQL legado; produção/owner é oráculo final"
"LOC-06","LOC","Normalização de status","nulo/branco publica sem_status; demais valores usam lowercase + trim, sempre preservando o bruto. Status desconhecido não herda terminalidade/cancelamento e segue a política fail-closed antes da promoção/publicação.","STATES.md#localizacao; DTO/mapper 8656; tabelas/005; views/014","status branco publica sem_status; "" Delivering "" normaliza para delivering preservando bruto","status desconhecido não herda terminalidade nem cancelamento","LOC source/core/mart/pub conforme matriz-campos.csv","PortabilityRule_LOC_06_positive_and_counterexample; implementation gate V2-028","LOGISTICA_E_OPERACAO","TIME_NOMINAL_NAO_INFORMADO","PRESERVE","BASELINE_CLASSIFIED_PENDING_OWNER_ACCEPTANCE","V2-028","YES","roadmap consolidado a partir de código/SQL legado; produção/owner é oráculo final"
"LOC-07","LOC","Campo sem fonte comprovada","status_branch_nickname existe no modelo/publicação legado, mas o DTO/de-para auditado não possui source path. Fica ABSENT/UNSOURCED_LEGACY; só pode ser mapeado por evidência de fonte ou retirado com aceite do consumidor, nunca preenchido por fallback inventado.","STATES.md#localizacao; DTO/mapper 8656; tabelas/005; views/014","status_branch_nickname permanece ABSENT/UNSOURCED até surgir source path comprovado","nickname parecido não é usado como fallback inventado","LOC source/core/mart/pub conforme matriz-campos.csv","PortabilityRule_LOC_07_positive_and_counterexample; implementation gate V2-028","LOGISTICA_E_OPERACAO","TIME_NOMINAL_NAO_INFORMADO","PRESERVE","UNRESOLVED_WITH_GATE","V2-028","YES","roadmap consolidado a partir de código/SQL legado; produção/owner é oráculo final"
"MAN-01","MAN","Identidade/grão","o manifesto agregado e o fato têm uma linha/PK por sequence_code. A expansão física de pick/MDF-e vai para filhos com componentes naturais explícitos e colisão zero; hash pode acelerar comparação, nunca ser a única prova de identidade.","STATES.md#manifestos; DTO/mapper 6399; tabelas/003; views/018,019; procedures/002,005","sequence_code=MAN-A cria uma raiz e picks/MDF-e viram filhos com chave natural","hash igual ou expansão repetida não cria outra raiz nem prova identidade sozinho","MAN source/core/mart/pub conforme matriz-campos.csv","PortabilityRule_MAN_01_positive_and_counterexample; implementation gate V2-026/V2-046a","OPERACAO_E_BI","TIME_NOMINAL_NAO_INFORMADO","PRESERVE","BASELINE_CLASSIFIED_PENDING_OWNER_ACCEPTANCE","V2-026/V2-046a","YES","roadmap consolidado a partir de código/SQL legado; produção/owner é oráculo final"
"MAN-02","MAN","Frescor/status e consolidação","o legado diverge: dedupe compara finished_at e depois created_at, enquanto promoção prioriza finished_at → closed_at → departured_at → created_at. A V2 adota essa precedência de promoção em dedupe/persistência, com empate/out-of-order testados. Status consolidado prioriza closed sobre in_transit e pending. Como 6399 expande linhas por pick/MDF-e, a raiz fresca e cada filho são escolhidos separadamente; reducer por campo distingue ausente, nulo e zero, registra conflito/proveniência e não soma nem usa MAX indiscriminado. As métricas complementadas pelo dedupe legado devem ser inventariadas/testadas antes da migration, nunca perdidas por seleção simples nem multiplicadas pela expansão.","STATES.md#manifestos; DTO/mapper 6399; tabelas/003; views/018,019; procedures/002,005","finished_at vence closed_at e reducers escolhem raiz e filhos separadamente","MAX genérico ou chegada posterior não perde métricas nem soma escalares expandidos","MAN source/core/mart/pub conforme matriz-campos.csv","PortabilityRule_MAN_02_positive_and_counterexample; implementation gate V2-026/V2-046a","OPERACAO_E_BI","TIME_NOMINAL_NAO_INFORMADO","PRESERVE","BASELINE_CLASSIFIED_PENDING_OWNER_ACCEPTANCE","V2-026/V2-046a","YES","roadmap consolidado a partir de código/SQL legado; produção/owner é oráculo final"
"MAN-03","MAN","Relação","V2-026 preserva pick_sequence_code e demais chaves relacionais com presença/proveniência; V2-046a prova cardinalidade e resolve seletivamente Manifesto→Coleta no core. Órfão é normalizado/quarentenado e medido, não vira FK inválida. V2-046b fecha Coleta→Frete depois que Fretes existir; V2-036 consome os vínculos já resolvidos, sem refazê-los por heurística.","STATES.md#manifestos; DTO/mapper 6399; tabelas/003; views/018,019; procedures/002,005","pick_sequence_code preservado entra em crosswalk com cardinalidade medida","órfão não cria FK inválida nem join heurístico para Coleta/Frete","MAN source/core/mart/pub conforme matriz-campos.csv","PortabilityRule_MAN_03_positive_and_counterexample; implementation gate V2-026/V2-046a","OPERACAO_E_BI","TIME_NOMINAL_NAO_INFORMADO","PRESERVE","UNRESOLVED_WITH_GATE","V2-026/V2-046a","YES","roadmap consolidado a partir de código/SQL legado; produção/owner é oráculo final"
"MAN-04","MAN","Competência","departured_at, com fallback created_at.","STATES.md#manifestos; DTO/mapper 6399; tabelas/003; views/018,019; procedures/002,005","departured_at presente define competência; ausente usa created_at com proveniência","data de extração não substitui departured_at/created_at como competência","MAN source/core/mart/pub conforme matriz-campos.csv","PortabilityRule_MAN_04_positive_and_counterexample; implementation gate V2-026/V2-046a","OPERACAO_E_BI","TIME_NOMINAL_NAO_INFORMADO","PRESERVE","BASELINE_CLASSIFIED_PENDING_OWNER_ACCEPTANCE","V2-026/V2-046a","YES","roadmap consolidado a partir de código/SQL legado; produção/owner é oráculo final"
"MAN-05","MAN","Fato","placa sentinela ACM0000 é excluída; receita soma fretes do manifesto e receita das coletas relacionadas; capacidade soma trator e carretas.","STATES.md#manifestos; DTO/mapper 6399; tabelas/003; views/018,019; procedures/002,005","manifesto sem placa sentinela soma cada frete/coleta uma vez e soma capacidades","placa ACM0000 ou relação duplicada não entra nem duplica receita","MAN source/core/mart/pub conforme matriz-campos.csv","PortabilityRule_MAN_05_positive_and_counterexample; implementation gate V2-026/V2-046a","OPERACAO_E_BI","TIME_NOMINAL_NAO_INFORMADO","PRESERVE","BASELINE_CLASSIFIED_PENDING_OWNER_ACCEPTANCE","V2-026/V2-046a","YES","roadmap consolidado a partir de código/SQL legado; produção/owner é oráculo final"
"MAN-06","MAN","Classificações","distribuição, transferência, carga fechada, frota própria, agregado e terceiro/autônomo são regras de negócio. CNPJs e nomes hardcoded devem virar referência versionada, vigente e auditada.","STATES.md#manifestos; DTO/mapper 6399; tabelas/003; views/018,019; procedures/002,005","classificação resolve por referência vigente e versionada com origem auditada","CNPJ ou nome hardcoded no código não decide frota/classificação","MAN source/core/mart/pub conforme matriz-campos.csv","PortabilityRule_MAN_06_positive_and_counterexample; implementation gate V2-026/V2-046a","OPERACAO_E_BI","TIME_NOMINAL_NAO_INFORMADO","PRESERVE","UNRESOLVED_WITH_GATE","V2-026/V2-046a","YES","roadmap consolidado a partir de código/SQL legado; produção/owner é oráculo final"
"MAN-07","MAN","Reducer da expansão","as oito métricas que o dedupe legado completa quando a raiz escolhida está nula/zero e outra linha traz valor não zero são km, totalCost, manifestFreightsTotal, totalTaxedWeight, capacidadeKg, vehicleWeightCapacity, manifestItemsCount e finalizedManifestItemsCount. A V2 define reducer por campo e prova quando zero é valor real versus ausência; escalares repetidos por pick/MDF-e nunca são somados. Dois valores não zero conflitantes/empatados seguem desempate documentado ou quarentena com evidência.","STATES.md#manifestos; DTO/mapper 6399; tabelas/003; views/018,019; procedures/002,005","raiz com km nulo recebe km não zero de outra expansão com proveniência","dois valores não zero conflitantes não são somados nem resolvidos por MAX silencioso","MAN source/core/mart/pub conforme matriz-campos.csv","PortabilityRule_MAN_07_positive_and_counterexample; implementation gate V2-026/V2-046a","OPERACAO_E_BI","TIME_NOMINAL_NAO_INFORMADO","PRESERVE","UNRESOLVED_WITH_GATE","V2-026/V2-046a","YES","roadmap consolidado a partir de código/SQL legado; produção/owner é oráculo final"
"MAT-01","MAT","Fretes operacionais","produz indicadores PE e CB; o grão definitivo está UNRESOLVED pela divergência abaixo. Excluir complementar; documento CT-e > NFS-e > pendente. PE referencia a previsão e CB referencia servico_em. Antes do DATEDIFF, previsão = COALESCE(fretes.data_previsao_entrega, localizacao.predicted_delivery_at) e finalização = COALESCE(fretes.fit_dpn_performance_finished_at, fretes.finished_at). Performance nula → EM ABERTO/0, diferença ≤0 → NO PRAZO/1, diferença >0 → FORA DO PRAZO/2; proveniência dos fallbacks permanece auditável. O ranking legado por minuta pontua presença de finalização, diferença, filial e extração, depois ordena extração/ID decrescentes; é comportamento a caracterizar. Elegibilidade exclui soft-delete/cortesia; sem documento, exclui CNPJ de filial, valor ≤0,01 e substituto pendente; a variante “com valor” exige >0,01. PE ainda exige previsão, filial da performance, não cancelado e elegível; CB exige data do frete, não cancelado, elegível com valor e pagador fora da blacklist. is_cubado significa total_m3<>0. CNPJs, pagadores e tipos ficam em ref.","STATES.md#contratos-sql; tabelas/028..032; procedures/001..005","PE com previsão/finalização iguais publica NO PRAZO/1 e preserva fallbacks","entrada inelegível, cancelada ou com grão conflitante não gera/duplica indicador","MAT source/core/mart/pub conforme matriz-campos.csv","PortabilityRule_MAT_01_positive_and_counterexample; implementation gate V2-036","BI_CONTROLADORIA_OPERACAO_E_PLATAFORMA","TIME_NOMINAL_NAO_INFORMADO","PRESERVE","UNRESOLVED_WITH_GATE","V2-036","YES","roadmap consolidado a partir de código/SQL legado; produção/owner é oráculo final"
"MAT-02","MAT","Coletores","dia + filial + classificação fixa Geral; excluir prefixos de carga fechada, acerto de motorista, frete retorno e viagem vazia. Emitidos deduplicam Manifesto por sequência/fallback de identificador e usam dia de created_at + filial emissora. Descarregamentos usam o mesmo Manifesto; a escolha legada da primeira filial lexicográfica após split/alias é UNRESOLVED e exige ADR, não cópia. Bipados/incompletos deduplicam Inventário por sequence_code, usam dia de started_at e os tipos Picking, Return, Receipt, Loading e Unloading; incompleto significa finished_at IS NULL. Filial do Inventário tem fallback para o Frete mais recente por extração/ID. total=emitidos+descarregamentos e percentual = bipados*100/total, zero quando denominador zero. Alias/filial são referências e o dia usa timezone de negócio injetado.","STATES.md#contratos-sql; tabelas/028..032; procedures/001..005","dia+filial+Geral agrega Manifestos/Inventário distintos e denominador zero publica 0%","primeira filial lexicográfica após split não é aceita sem ADR","MAT source/core/mart/pub conforme matriz-campos.csv","PortabilityRule_MAT_02_positive_and_counterexample; implementation gate V2-036","BI_CONTROLADORIA_OPERACAO_E_PLATAFORMA","TIME_NOMINAL_NAO_INFORMADO","PRESERVE","UNRESOLVED_WITH_GATE","V2-036","YES","roadmap consolidado a partir de código/SQL legado; produção/owner é oráculo final"
"MAT-03","MAT","Faturamento","o grão definitivo está UNRESOLVED; o DDL possui UNIQUE(frete_id, data_referencia_faturamento_date), mas loader/validator tratam uma linha por frete_id. Data real retroage pelo calendário ao dia útil. Lookup CT-e normaliza a chave e prioriza status real sobre status_result, depois extração, emissão e unique_id. Cancelamento é evidenciado por cancelad/cancell em status/resultado de Fatura e, havendo CT-e, pelo status cancelado do Frete; a proveniência é preservada. Bloqueio exige classificação contendo bloqueio e também anulacao ou isolamento. Soft-delete, data ausente, cancelamento, cortesia, bloqueio ou is_elegivel_faturamento=0 zeram receita/subtotal. Regra ativa pagador→filial prevalece; volumes usam Localização→Fretes. Fronteiras temporais usam America/Sao_Paulo, não o offset/UTC incidental legado.","STATES.md#contratos-sql; tabelas/028..032; procedures/001..005","dia útil, CT-e priorizado e regra pagador→filial vigente produzem uma linha no grão aprovado","soft-delete/cancelamento/bloqueio ou conflito frete×data mantém receita zero/bloqueia grão","MAT source/core/mart/pub conforme matriz-campos.csv","PortabilityRule_MAT_03_positive_and_counterexample; implementation gate V2-036","BI_CONTROLADORIA_OPERACAO_E_PLATAFORMA","TIME_NOMINAL_NAO_INFORMADO","PRESERVE","UNRESOLVED_WITH_GATE","V2-036","YES","roadmap consolidado a partir de código/SQL legado; produção/owner é oráculo final"
"MAT-04","MAT","Faturas","o grão definitivo está UNRESOLVED; o DDL possui UNIQUE(unique_id, data_emissao_fatura), mas loader/validator usam somente unique_id. Documento real é fit_ant_document, exceto os placeholders “faturado”/“aguardando faturamento”; número oficial prioriza CT-e sobre NFS-e. data_base_prazo=COALESCE(fit_ant_issue_date,data_emissao_fatura); referência mensal cai ainda em emissão CT-e. Cliente usa CNPJ explícito, senão documento do pagador com 14 dígitos; chave é cnpj: ou nome:. Aging usa data de negócio injetada. Pagamento fica em sem_fatura/baixado/sem_vencimento/vencido/a_vencer; valor operacional = COALESCE(fit_ant_value, valor_fatura, valor_frete, 0). O filtro legado só por data_emissao_fatura exclui nulos mesmo no falso “full” e é defeito a decidir. A view considera qualquer fit_ant_document “Faturado”, enquanto o fato rejeita os dois placeholders; V2-037/V2-036 exigem ADR e paridade única.","STATES.md#contratos-sql; tabelas/028..032; procedures/001..005","documento não-placeholder, cliente normalizado e aging por relógio injetado geram estado determinístico","placeholder faturado ou conflito unique_id×emissão não decide grão/status sem ADR","MAT source/core/mart/pub conforme matriz-campos.csv","PortabilityRule_MAT_04_positive_and_counterexample; implementation gate V2-036","BI_CONTROLADORIA_OPERACAO_E_PLATAFORMA","TIME_NOMINAL_NAO_INFORMADO","PRESERVE","UNRESOLVED_WITH_GATE","V2-036","YES","roadmap consolidado a partir de código/SQL legado; produção/owner é oráculo final"
"MAT-05","MAT","Manifestos","uma linha por sequence_code; competência é MAX(COALESCE(departured_at,created_at)); excluir soft-delete e placa ACM0000; status prioriza closed>in_transit>pending. Receita é total de fretes do Manifesto + fretes ativos relacionados aos pick_items_ids das Coletas; capacidade é trator + carreta 1 + carreta 2. Aplicam-se MAN-01–MAN-07. O MAX/SUM/STRING_AGG legado sobre expansão pode sintetizar/dobrar valores e não é contrato: V2-036 usa reducer por campo e soma cada Coleta/Frete canônico uma vez.","STATES.md#contratos-sql; tabelas/028..032; procedures/001..005","uma raiz por sequence_code soma cada Frete/Coleta uma vez e exclui ACM0000","expansão pick/MDF-e não pode sintetizar MAX nem duplicar SUM","MAT source/core/mart/pub conforme matriz-campos.csv","PortabilityRule_MAT_05_positive_and_counterexample; implementation gate V2-036","BI_CONTROLADORIA_OPERACAO_E_PLATAFORMA","TIME_NOMINAL_NAO_INFORMADO","PRESERVE","UNRESOLVED_WITH_GATE","V2-036","YES","roadmap consolidado a partir de código/SQL legado; produção/owner é oráculo final"
"PUB-01","PUB","Fretes","publicar somente ativos e não complementares. Documento oficial usa qualquer evidência CT-e antes de qualquer evidência NFS-e; volume usa Localização→Frete; região usa localização→UF→SEM_REGIAO; responsável usa filial destino→filial do Frete e chave→sem_responsavel. Performance da view é nula se previsão/finalização faltar (diferente de MAT-01); caso contrário, DATEDIFF publica no prazo/fora e faixas exatas 0, ±1/2/3 e acima de 3. Comprovante é “Sim” se existir Inventário ativo anexado. Status: pending→pendente, finished/done→finalizado, canceled/cancelled→cancelada, in_transit→em trânsito, standby→aguardando, manifested→registrado, occurrence_treatment→tratamento de ocorrência. Preservar ainda labels de cortesia, seguro, pagamento bill/cash, documento anterior electronic, DIFAL, globalizado e globalized_type=none, sempre junto ao bruto.","STATES.md#destino-das-19-views; views/011..025; views-dimensao/019..024","Frete ativo não complementar publica CT-e antes de NFS-e e status done=finalizado","Frete excluído/complementar ou evidência duplicada não é publicado/multiplicado","PUB source/core/mart/pub conforme matriz-campos.csv","PortabilityRule_PUB_01_positive_and_counterexample; implementation gate V2-037","BI_OU_CONSUMIDOR_E_PLATAFORMA_DE_DADOS","TIME_NOMINAL_NAO_INFORMADO","PRESERVE","UNRESOLVED_WITH_GATE","V2-037","YES","roadmap consolidado a partir de código/SQL legado; produção/owner é oráculo final"
"PUB-02","PUB","Coletas","primeira ausência candidata já publica “Excluída”; demais status usam o catálogo COL-11 e fallback bruto. Região usa CEP válido/prioridade antes de cidade+UF. Manifesto relacionado é escolhido sem multiplicar a Coleta; usuários ativos de cancelamento/destruição têm fallback para o ID. A view principal mantém candidatas/confirmadas por compatibilidade, enquanto a view de auditoria lista somente excluido_na_origem=1 com status anterior.","STATES.md#destino-das-19-views; views/011..025; views-dimensao/019..024","primeira ausência publica Excluída e região resolve CEP antes de cidade/UF sem multiplicar","join com vários manifestos/usuários não duplica Coleta nem muda status bruto","PUB source/core/mart/pub conforme matriz-campos.csv","PortabilityRule_PUB_02_positive_and_counterexample; implementation gate V2-037","BI_OU_CONSUMIDOR_E_PLATAFORMA_DE_DADOS","TIME_NOMINAL_NAO_INFORMADO","PRESERVE","UNRESOLVED_WITH_GATE","V2-037","YES","roadmap consolidado a partir de código/SQL legado; produção/owner é oráculo final"
"PUB-03","PUB","Cotações","CT-e ou NFS-e emitido → “Convertida”; sem documento e comentário de reprovação não vazio → “Reprovada”; senão “Pendente”. Status CT-e é Emitido/Pendente, NFS-e Emitida/Pendente e refino CT-e Sim/Não. A matriz tarifária 5×5 observada é migrada para referência vigente por COT-02; combinação ausente é explícita.","STATES.md#destino-das-19-views; views/011..025; views-dimensao/019..024","documento emitido publica Convertida; sem documento com reprovação publica Reprovada","combinação tarifária ausente não recebe tarifa default","PUB source/core/mart/pub conforme matriz-campos.csv","PortabilityRule_PUB_03_positive_and_counterexample; implementation gate V2-037","BI_OU_CONSUMIDOR_E_PLATAFORMA_DE_DADOS","TIME_NOMINAL_NAO_INFORMADO","PRESERVE","UNRESOLVED_WITH_GATE","V2-037","YES","roadmap consolidado a partir de código/SQL legado; produção/owner é oráculo final"
"PUB-04","PUB","Financeiro","Contas publica Pago=Sim somente quando status_pagamento=PAGO e conciliação como Conciliado/Não conciliado. Faturas por Cliente prioriza número CT-e sobre NFS-e, CNPJ explícito sobre documento normalizado de pagador com 14 dígitos e hoje marca qualquer fit_ant_document como Faturado; a divergência de placeholders com MAT-04 precisa de ADR antes do contrato final. Somente ativos são publicados.","STATES.md#destino-das-19-views; views/011..025; views-dimensao/019..024","Conta PAGO publica Sim; Fatura ativa prioriza CT-e e CNPJ explícito","placeholder/documento divergente entre fato/view mantém contrato bloqueado","PUB source/core/mart/pub conforme matriz-campos.csv","PortabilityRule_PUB_04_positive_and_counterexample; implementation gate V2-037","BI_OU_CONSUMIDOR_E_PLATAFORMA_DE_DADOS","TIME_NOMINAL_NAO_INFORMADO","PRESERVE","UNRESOLVED_WITH_GATE","V2-037","YES","roadmap consolidado a partir de código/SQL legado; produção/owner é oráculo final"
"PUB-05","PUB","Localização","pending=Pendente, delivering=Em entrega, in_warehouse=Em armazém, in_transfer=Em transferência, manifested=Manifestado, finished=Finalizado, delivered=Entregue e canceled/cancelled=Cancelado. Terminal inclui finalizado/entregue/cancelado em bruto ou canônico; flag cancelado só inclui cancelamento. Alias de região ausente publica SEM_MAP.","STATES.md#destino-das-19-views; views/011..025; views-dimensao/019..024","delivered publica Entregue terminal e alias ausente publica SEM_MAP","status desconhecido não vira terminal/cancelado por semelhança","PUB source/core/mart/pub conforme matriz-campos.csv","PortabilityRule_PUB_05_positive_and_counterexample; implementation gate V2-037","BI_OU_CONSUMIDOR_E_PLATAFORMA_DE_DADOS","TIME_NOMINAL_NAO_INFORMADO","PRESERVE","UNRESOLVED_WITH_GATE","V2-037","YES","roadmap consolidado a partir de código/SQL legado; produção/owner é oráculo final"
"PUB-06","PUB","Inventário e Sinistros","Inventário traduz Loading/Unloading/Picking/Receipt/Return em Carregamento/Descarregamento/Picking/Recebimento/Retorno; pending/finished em pendente/finalizado; comprovante em Sim/Não; filial do Frete precede a do Inventário. Sinistros traduz send_to_damages_dealing/send_to_incidents_dealing para tratativa de avarias/incidentes e redelivery_without_freight_charge para redespacho sem cobrança de frete; desconhecido preserva bruto.","STATES.md#destino-das-19-views; views/011..025; views-dimensao/019..024","Inventário Loading publica Carregamento e Sinistro conhecido recebe label versionada","tipo/status desconhecido preserva bruto em vez de receber tradução próxima","PUB source/core/mart/pub conforme matriz-campos.csv","PortabilityRule_PUB_06_positive_and_counterexample; implementation gate V2-037","BI_OU_CONSUMIDOR_E_PLATAFORMA_DE_DADOS","TIME_NOMINAL_NAO_INFORMADO","PRESERVE","UNRESOLVED_WITH_GATE","V2-037","YES","roadmap consolidado a partir de código/SQL legado; produção/owner é oráculo final"
"PUB-07","PUB","Manifestos, monitoramento e dimensões","views de Manifestos só expõem raiz/fato ativo; monitoramento pertence ao ctl e não é público por default. Filial é nome normalizado; Cliente é união deduplicada de remetente/destinatário/pagador/cliente ativos; Veículo é placa+filial; Motorista é nome+filial e exclui nomes contendo “MOTORISTA”; Plano de Contas agrupa descrição e usa “OUTROS / NÃO CLASSIFICADO” quando a classificação falta; Usuário publica apenas estado ativo por user_id. Toda normalização mantém linhagem.","STATES.md#destino-das-19-views; views/011..025; views-dimensao/019..024","dimensão Veículo deduplica placa+filial e monitoramento permanece em ctl","nome parecido não colapsa grão dimensional nem expõe monitoramento em pub","PUB source/core/mart/pub conforme matriz-campos.csv","PortabilityRule_PUB_07_positive_and_counterexample; implementation gate V2-037","BI_OU_CONSUMIDOR_E_PLATAFORMA_DE_DADOS","TIME_NOMINAL_NAO_INFORMADO","PRESERVE","UNRESOLVED_WITH_GATE","V2-037","YES","roadmap consolidado a partir de código/SQL legado; produção/owner é oráculo final"
"PUB-08","PUB","Raster condicional","transit time usa primeiro valor direto entre 0 e 43.200 minutos; fallback é diferença entre início previsto e chegada prevista/fim, no mesmo intervalo. Origem/destino e CNPJs usam precedências do pai/parada e parsing versionado de rota; extração publicada é a mais recente entre pai/filho. Essa view só existe se V2-034a decidir manter e V2-034b provar pai/filhos, timezone e fixtures de parsing.","STATES.md#destino-das-19-views; views/011..025; views-dimensao/019..024","Raster mantido usa transit time direto=60 e extração mais recente entre pai/filho","módulo não aprovado, duração fora de 0..43200 ou parsing incerto não publica a view","PUB source/core/mart/pub conforme matriz-campos.csv","PortabilityRule_PUB_08_positive_and_counterexample; implementation gate V2-037","BI_OU_CONSUMIDOR_E_PLATAFORMA_DE_DADOS","TIME_NOMINAL_NAO_INFORMADO","PRESERVE","UNRESOLVED_WITH_GATE","V2-037","YES","roadmap consolidado a partir de código/SQL legado; produção/owner é oráculo final"
"RAS-01","RAS","Regra RAS-01","pai cod_solicitacao antes dos filhos; parada por cod_solicitacao+ordem, com FK e transação.","STATES.md#raster; tabelas/024,025; views/022","pai cod_solicitacao é promovido com filhos ordenados na mesma transação","filho órfão ou falha parcial não confirma pai sem filhos","RAS source/core/mart/pub conforme matriz-campos.csv","PortabilityRule_RAS_01_positive_and_counterexample; implementation gate V2-034a/V2-034b","OPERACAO_RASTER_E_PLATAFORMA","TIME_NOMINAL_NAO_INFORMADO","PRESERVE","UNRESOLVED_WITH_GATE","V2-034a/V2-034b","YES","roadmap consolidado a partir de código/SQL legado; produção/owner é oráculo final"
"RAS-02","RAS","Regra RAS-02","definir frescor, snapshot, watermark, timezone IANA e reativação; não copiar overwrite cego nem ZoneId.systemDefault().","STATES.md#raster; tabelas/024,025; views/022","timezone IANA e regra de frescor/snapshot versionadas impedem regressão","ZoneId do host e overwrite cego não definem contrato","RAS source/core/mart/pub conforme matriz-campos.csv","PortabilityRule_RAS_02_positive_and_counterexample; implementation gate V2-034a/V2-034b","OPERACAO_RASTER_E_PLATAFORMA","TIME_NOMINAL_NAO_INFORMADO","PRESERVE","UNRESOLVED_WITH_GATE","V2-034a/V2-034b","YES","roadmap consolidado a partir de código/SQL legado; produção/owner é oráculo final"
"RAS-03","RAS","Regra RAS-03","lote de 500 não prova terminalidade. Se habilitado, dividir até a menor janela permitida e ainda bloquear conclusão quando o cap persistir. A view aceita transit time de 0 a 43.200 minutos.","STATES.md#raster; tabelas/024,025; views/022","lote abaixo do cap e terminalidade provada conclui a menor janela permitida","500 itens ou cap persistente não é tratado como fim da travessia","RAS source/core/mart/pub conforme matriz-campos.csv","PortabilityRule_RAS_03_positive_and_counterexample; implementation gate V2-034a/V2-034b","OPERACAO_RASTER_E_PLATAFORMA","TIME_NOMINAL_NAO_INFORMADO","PRESERVE","UNRESOLVED_WITH_GATE","V2-034a/V2-034b","YES","roadmap consolidado a partir de código/SQL legado; produção/owner é oráculo final"
"RAS-04","RAS","Regra RAS-04","módulo desligado por padrão; se habilitado, credencial ausente falha no startup, pai+filhos são atômicos e nenhuma falha pode ser convertida em sucesso/degradação silenciosa.","STATES.md#raster; tabelas/024,025; views/022","módulo desligado retorna NOT_APPLICABLE; habilitado sem credencial falha no startup","falha de pai/filhos não vira sucesso ou degradação silenciosa","RAS source/core/mart/pub conforme matriz-campos.csv","PortabilityRule_RAS_04_positive_and_counterexample; implementation gate V2-034a/V2-034b","OPERACAO_RASTER_E_PLATAFORMA","TIME_NOMINAL_NAO_INFORMADO","PRESERVE","UNRESOLVED_WITH_GATE","V2-034a/V2-034b","YES","roadmap consolidado a partir de código/SQL legado; produção/owner é oráculo final"
"RAS-05","RAS","Sentinela/tempo","datas cujo texto começa em 1900-01-01 são nulas no contrato legado; a V2 preserva bruto/proveniência e decide por contrato, sem timezone/formato do host. Duração negativa ou acima de 43.200 minutos é inválida/nula na publicação e deve gerar métrica/fixture, não conversão silenciosa.","STATES.md#raster; tabelas/024,025; views/022","sentinela 1900-01-01 vira nulo com bruto; duração 60 minutos permanece válida","duração negativa/acima de 43200 ou formato do host gera métrica e inválido","RAS source/core/mart/pub conforme matriz-campos.csv","PortabilityRule_RAS_05_positive_and_counterexample; implementation gate V2-034a/V2-034b","OPERACAO_RASTER_E_PLATAFORMA","TIME_NOMINAL_NAO_INFORMADO","PRESERVE","UNRESOLVED_WITH_GATE","V2-034a/V2-034b","YES","roadmap consolidado a partir de código/SQL legado; produção/owner é oráculo final"
"RAS-06","RAS","Ordem da parada","quando a fonte omite Ordem, a V1 usa posição i+1 como parte da PK. Esse fallback é UNRESOLVED e não pode virar identidade canônica até ordem/natural key estáveis serem comprovadas.","STATES.md#raster; tabelas/024,025; views/022","Ordem fornecida participa da chave do filho após prova de estabilidade","posição i+1 usada quando Ordem falta permanece UNRESOLVED e não vira identidade","RAS source/core/mart/pub conforme matriz-campos.csv","PortabilityRule_RAS_06_positive_and_counterexample; implementation gate V2-034a/V2-034b","OPERACAO_RASTER_E_PLATAFORMA","TIME_NOMINAL_NAO_INFORMADO","PRESERVE","UNRESOLVED_WITH_GATE","V2-034a/V2-034b","YES","roadmap consolidado a partir de código/SQL legado; produção/owner é oráculo final"
"SIN-01","SIN","Regra SIN-01","sequence_code é obrigatório e candidato ao agregado; a identidade legada combina sequência, ocorrência de invoice e minuta. Simplificar somente após prova de unicidade/estabilidade/tenant scope em V2-009b.","STATES.md#sinistros; DTO/mapper 6392; tabelas/021; views/021","sequence_code obrigatório cria raiz candidata e ocorrências/fretes mantêm componentes","sequence_code nulo ou hash composto sem prova não cria identidade canônica","SIN source/core/mart/pub conforme matriz-campos.csv","PortabilityRule_SIN_01_positive_and_counterexample; implementation gate V2-032","OPERACAO_E_SINISTROS","TIME_NOMINAL_NAO_INFORMADO","PRESERVE","UNRESOLVED_WITH_GATE","V2-032","YES","roadmap consolidado a partir de código/SQL legado; produção/owner é oráculo final"
"SIN-02","SIN","Regra SIN-02","o dedupe legado usa só treatment_at, enquanto promoção usa COALESCE(treatment_at, opening_at_date). A V2 unifica nesse fallback em dedupe/promoção; tipo, solução e valores financeiros precisam de paridade.","STATES.md#sinistros; DTO/mapper 6392; tabelas/021; views/021","treatment_at presente vence opening_at_date em dedupe e promoção","dedupe só por treatment_at não pode escolher linha diferente da promoção","SIN source/core/mart/pub conforme matriz-campos.csv","PortabilityRule_SIN_02_positive_and_counterexample; implementation gate V2-032","OPERACAO_E_SINISTROS","TIME_NOMINAL_NAO_INFORMADO","PRESERVE","BASELINE_CLASSIFIED_PENDING_OWNER_ACCEPTANCE","V2-032","YES","roadmap consolidado a partir de código/SQL legado; produção/owner é oráculo final"
"USR-01","USR","Regra USR-01","uma linha atual por user_id; histórico somente quando o hash de atributos mudar.","STATES.md#usuarios; GraphQLQueries.java; tabelas/011,016,017; view-dimensao/024","mesmo user_id e hash igual atualiza auditoria sem nova versão; hash diferente cria histórico","nome igual com user_id diferente não colapsa usuários","USR source/core/mart/pub conforme matriz-campos.csv","PortabilityRule_USR_01_positive_and_counterexample; implementation gate V2-024/V2-033","SEGURANCA_E_OPERACAO","TIME_NOMINAL_NAO_INFORMADO","PRESERVE","IMPLEMENTED_IN_SHADOW","V2-024/V2-033","YES","roadmap consolidado a partir de código/SQL legado; produção/owner é oráculo final"
"USR-02","USR","Regra USR-02","desativação permanece desligada até V2-013 provar duas travessias completas/independentes, consistência e guardrails; reaparecimento reativa. Usuários de cancelamento/destruição de Coletas não podem multiplicar o grão.","STATES.md#usuarios; GraphQLQueries.java; tabelas/011,016,017; view-dimensao/024","duas travessias completas autorizadas podem desativar; reaparecimento reativa","uma página parcial ou usuário de evento de Coleta não desativa/multiplica dimensão","USR source/core/mart/pub conforme matriz-campos.csv","PortabilityRule_USR_02_positive_and_counterexample; implementation gate V2-033/V2-012b/V2-013","SEGURANCA_E_OPERACAO","TIME_NOMINAL_NAO_INFORMADO","PRESERVE","IMPLEMENTED_IN_SHADOW","V2-033/V2-012b/V2-013","YES","roadmap consolidado a partir de código/SQL legado; produção/owner é oráculo final"
"USR-03","USR","Regra USR-03","GraphQL é a fonte transitória recomendada porque nenhum template Data Export de usuário foi identificado/autorizado; V2-017 ratifica. Não existe incremental temporal provado; substituição futura exige contrato equivalente e paridade.","STATES.md#usuarios; GraphQLQueries.java; tabelas/011,016,017; view-dimensao/024","GraphQL id/name permanece fonte transitória sem alegar incremental temporal","troca por Data Export sem template/contrato/paridade é recusada","USR source/core/mart/pub conforme matriz-campos.csv","PortabilityRule_USR_03_positive_and_counterexample; implementation gate V2-024/V2-033/V2-040","SEGURANCA_E_OPERACAO","TIME_NOMINAL_NAO_INFORMADO","PRESERVE","IMPLEMENTED_IN_SHADOW","V2-024/V2-033/V2-040","YES","roadmap consolidado a partir de código/SQL legado; produção/owner é oráculo final"
"USR-04","USR","Proibição de template inferido","9901 é somente TEMPLATE_ID_AUDIT no runtime GraphQL; documentos históricos que o rotulam “Usuários Sistema” não provam endpoint Data Export. Não chamar /reports/9901 sem template oficial/autorização/contrato. A query efetiva pede apenas id/name; updatedAt do DTO e origem_atualizado_em ficam ABSENT/UNREQUESTED até seleção/prova explícita.","STATES.md#usuarios; GraphQLQueries.java; tabelas/011,016,017; view-dimensao/024","9901 permanece apenas identidade de auditoria e updatedAt fica UNREQUESTED","não chamar reports/9901 nem inventar updatedAt por existir no DTO","USR source/core/mart/pub conforme matriz-campos.csv","PortabilityRule_USR_04_positive_and_counterexample; implementation gate V2-024/V2-033","SEGURANCA_E_OPERACAO","TIME_NOMINAL_NAO_INFORMADO","PRESERVE","IMPLEMENTED_IN_SHADOW","V2-024/V2-033","YES","roadmap consolidado a partir de código/SQL legado; produção/owner é oráculo final"
