"matrix_id","operation","path","purpose","owner_role","field_exit_gate","exit_criteria","removal_task","evidence_level","promotion_policy","publication_blocked"
"GQL-0178","USERS_SNAPSHOT","/individual/pageInfo/hasNextPage","PAGINATION","SEGURANCA_E_OPERACAO","V2-033","Remover com o documento GraphQL após o cutover de Usuários.","V2-040","IMPLEMENTED_IN_SHADOW","SHADOW_UPSERT_ONLY","YES"
"GQL-0179","USERS_SNAPSHOT","/individual/pageInfo/endCursor","PAGINATION","SEGURANCA_E_OPERACAO","V2-033","Remover com o documento GraphQL após o cutover de Usuários.","V2-040","IMPLEMENTED_IN_SHADOW","SHADOW_UPSERT_ONLY","YES"
"GQL-0180","USERS_SNAPSHOT","/individual/edges/node/id","USER_SOURCE","SEGURANCA_E_OPERACAO","V2-033","Remover somente quando uma fonte substituta de user_id estiver contratada e reconciliada.","V2-040","IMPLEMENTED_IN_SHADOW","SHADOW_UPSERT_ONLY","YES"
"GQL-0181","USERS_SNAPSHOT","/individual/edges/node/name","USER_SOURCE","SEGURANCA_E_OPERACAO","V2-033","Remover somente quando uma fonte substituta de nome estiver contratada e reconciliada.","V2-040","IMPLEMENTED_IN_SHADOW","SHADOW_UPSERT_ONLY","YES"
"GQL-0002","PICKS_TRANSITIONAL_SIDECAR","/pick/edges/node/id","SIDECAR","OPERACAO_E_PLATAFORMA","V2-010","Remover após equivalência Data Export e paridade da chave de Coletas.","V2-040","SYNTHETIC_ONLY","OBSERVATION_ONLY","YES"
"GQL-0006","PICKS_TRANSITIONAL_SIDECAR","/pick/edges/node/sequenceCode","DUAL_RUN","OPERACAO_E_PLATAFORMA","V2-010","Remover após identidade e paridade de Coletas aprovadas.","V2-040","SYNTHETIC_ONLY","OBSERVATION_ONLY","YES"
"GQL-0034","PICKS_TRANSITIONAL_SIDECAR","/pick/edges/node/pickItems/id","SIDECAR","OPERACAO_E_PLATAFORMA","V2-010","Remover após o vínculo Coleta-Frete ser provado e materializado set-based.","V2-040","SYNTHETIC_ONLY","OBSERVATION_ONLY","YES"
"GQL-0050","PICKS_TRANSITIONAL_SIDECAR","/pick/pageInfo/hasNextPage","PAGINATION","OPERACAO_E_PLATAFORMA","V2-010","Remover com o sidecar de Coletas após o cutover.","V2-040","SYNTHETIC_ONLY","OBSERVATION_ONLY","YES"
"GQL-0051","PICKS_TRANSITIONAL_SIDECAR","/pick/pageInfo/endCursor","PAGINATION","OPERACAO_E_PLATAFORMA","V2-010","Remover com o sidecar de Coletas após o cutover.","V2-040","SYNTHETIC_ONLY","OBSERVATION_ONLY","YES"
"GQL-0052","FREIGHTS_TRANSITIONAL_SIDECAR","/freight/edges/node/id","SIDECAR","OPERACAO_FISCAL_E_PLATAFORMA","V2-011","Remover após equivalência Data Export e paridade da chave de Fretes.","V2-040","SYNTHETIC_ONLY","OBSERVATION_ONLY","YES"
"GQL-0053","FREIGHTS_TRANSITIONAL_SIDECAR","/freight/edges/node/accountingCreditId","SIDECAR","OPERACAO_FISCAL_E_PLATAFORMA","V2-011","Remover após equivalente financeiro Data Export provado.","V2-040","SYNTHETIC_ONLY","OBSERVATION_ONLY","YES"
"GQL-0054","FREIGHTS_TRANSITIONAL_SIDECAR","/freight/edges/node/accountingCreditInstallmentId","SIDECAR","OPERACAO_FISCAL_E_PLATAFORMA","V2-011","Remover após equivalente de parcela Data Export provado.","V2-040","SYNTHETIC_ONLY","OBSERVATION_ONLY","YES"
"GQL-0055","FREIGHTS_TRANSITIONAL_SIDECAR","/freight/edges/node/referenceNumber","DUAL_RUN","OPERACAO_FISCAL_E_PLATAFORMA","V2-011","Remover quando cobertura e paridade do campo Data Export forem aprovadas.","V2-040","SYNTHETIC_ONLY","OBSERVATION_ONLY","YES"
"GQL-0060","FREIGHTS_TRANSITIONAL_SIDECAR","/freight/edges/node/cte/key","DUAL_RUN","OPERACAO_FISCAL_E_PLATAFORMA","V2-011","Remover quando a chave CT-e do Data Export estiver contratada e reconciliada.","V2-040","SYNTHETIC_ONLY","OBSERVATION_ONLY","YES"
"GQL-0066","FREIGHTS_TRANSITIONAL_SIDECAR","/freight/edges/node/total","DUAL_RUN","OPERACAO_FISCAL_E_PLATAFORMA","V2-011","Remover quando escala, moeda e paridade do total Data Export forem aprovadas.","V2-040","SYNTHETIC_ONLY","OBSERVATION_ONLY","YES"
"GQL-0106","FREIGHTS_TRANSITIONAL_SIDECAR","/freight/edges/node/corporationSequenceNumber","DUAL_RUN","OPERACAO_FISCAL_E_PLATAFORMA","V2-011","Remover após identidade e paridade da sequência de Fretes aprovadas.","V2-040","SYNTHETIC_ONLY","OBSERVATION_ONLY","YES"
"GQL-0107","FREIGHTS_TRANSITIONAL_SIDECAR","/freight/edges/node/pickItemId","SIDECAR","OPERACAO_FISCAL_E_PLATAFORMA","V2-011","Remover após o vínculo Coleta-Frete ser provado sem inferência.","V2-040","SYNTHETIC_ONLY","OBSERVATION_ONLY","YES"
"GQL-0157","FREIGHTS_TRANSITIONAL_SIDECAR","/freight/pageInfo/hasNextPage","PAGINATION","OPERACAO_FISCAL_E_PLATAFORMA","V2-011","Remover com o sidecar de Fretes após o cutover.","V2-040","SYNTHETIC_ONLY","OBSERVATION_ONLY","YES"
"GQL-0158","FREIGHTS_TRANSITIONAL_SIDECAR","/freight/pageInfo/endCursor","PAGINATION","OPERACAO_FISCAL_E_PLATAFORMA","V2-011","Remover com o sidecar de Fretes após o cutover.","V2-040","SYNTHETIC_ONLY","OBSERVATION_ONLY","YES"
